claim_id,claim_amount,claim_type,customer_tenure,claims_last_12m,avg_hist_claim,provider_id,geography,submission_delay,previously_rejected_claims,deviation_from_peer_claims,is_fraud
CLM_10000,8183.89,Property,103,1,3093.76,PRV_121,Urban,30,0,5090.13,0
CLM_10001,3547.49,Auto,52,1,3921.95,PRV_114,Rural,0,0,-374.46,0
CLM_10002,4618.75,Health,93,0,2070.23,PRV_136,Rural,10,0,2548.52,0
CLM_10003,10988.92,Property,15,0,3740.58,PRV_114,Rural,32,0,7248.33,0
CLM_10004,6769.13,Auto,107,0,3334.9,PRV_149,Rural,9,0,3434.23,0
CLM_10005,2475.45,Auto,72,0,2666.33,PRV_149,Rural,15,0,-190.88,0
CLM_10006,6970.78,Health,61,0,2331.79,PRV_124,Urban,1,0,4638.99,1
CLM_10007,1637.22,Auto,21,2,899.17,PRV_120,Urban,2,0,738.05,0
CLM_10008,7591.74,Auto,103,1,2919.73,PRV_137,Rural,4,0,4672.01,1
CLM_10009,2330.24,Auto,83,0,2668.0,PRV_101,Rural,39,1,-337.76,0
CLM_10010,7879.6,Auto,87,3,3639.13,PRV_126,Urban,15,1,4240.46,0
CLM_10011,9841.1,Property,75,0,3538.0,PRV_148,Suburban,21,0,6303.1,0
CLM_10012,7448.5,Health,75,1,4070.12,PRV_131,Urban,6,0,3378.38,0
CLM_10013,5016.99,Auto,88,0,4106.73,PRV_120,Urban,12,0,910.26,0
CLM_10014,5038.64,Auto,117,1,6155.54,PRV_103,Urban,13,0,-1116.89,0
CLM_10015,4356.45,Auto,100,0,3513.66,PRV_143,Urban,8,0,842.79,0
CLM_10016,2967.98,Auto,104,0,2139.53,PRV_118,Urban,21,0,828.45,0
CLM_10017,8704.16,Auto,24,0,3826.19,PRV_101,Suburban,1,0,4877.97,0
CLM_10018,4359.73,Auto,3,0,4605.9,PRV_125,Rural,0,0,-246.17,0
CLM_10019,2659.21,Auto,22,1,3474.9,PRV_133,Rural,3,0,-815.69,0
CLM_10020,1284.97,Health,53,1,875.71,PRV_113,Suburban,0,0,409.26,0
CLM_10021,5854.38,Auto,2,1,3555.36,PRV_114,Rural,0,0,2299.02,1
CLM_10022,4908.45,Health,88,0,2370.13,PRV_119,Rural,5,0,2538.32,0
CLM_10023,3807.26,Health,108,0,1678.07,PRV_133,Rural,2,0,2129.19,0
CLM_10024,8677.97,Health,30,0,3186.69,PRV_135,Suburban,15,0,5491.28,1
CLM_10025,1802.02,Health,38,1,1474.19,PRV_118,Suburban,8,1,327.84,0
CLM_10026,7328.24,Health,2,1,4023.15,PRV_108,Rural,4,0,3305.09,1
CLM_10027,5279.57,Property,64,1,3730.88,PRV_106,Rural,3,0,1548.69,0
CLM_10028,1467.02,Health,60,0,2913.33,PRV_129,Rural,8,0,-1446.31,0
CLM_10029,4773.87,Health,21,3,2449.92,PRV_112,Urban,5,0,2323.95,0
CLM_10030,7150.95,Property,33,3,2815.9,PRV_126,Urban,0,1,4335.05,1
CLM_10031,1175.75,Health,76,3,1989.08,PRV_143,Urban,10,0,-813.34,0
CLM_10032,1486.99,Auto,58,1,2922.96,PRV_134,Suburban,6,0,-1435.96,0
CLM_10033,1159.77,Auto,22,0,500.0,PRV_112,Rural,3,0,659.77,0
CLM_10034,6824.97,Auto,108,3,3088.71,PRV_114,Suburban,3,0,3736.26,0
CLM_10035,4716.89,Property,89,0,3114.22,PRV_145,Suburban,6,0,1602.67,0
CLM_10036,8282.5,Health,49,1,3845.15,PRV_108,Suburban,17,0,4437.35,1
CLM_10037,9514.89,Property,91,1,3299.81,PRV_144,Rural,5,0,6215.08,1
CLM_10038,4453.25,Health,59,0,3977.33,PRV_122,Urban,18,0,475.92,0
CLM_10039,3954.29,Auto,42,0,3547.03,PRV_135,Rural,5,0,407.26,0
CLM_10040,3897.59,Auto,92,0,4036.52,PRV_139,Rural,17,0,-138.94,0
CLM_10041,12985.31,Health,60,1,5621.43,PRV_102,Suburban,26,0,7363.88,1
CLM_10042,4729.79,Health,80,0,3420.02,PRV_133,Suburban,0,0,1309.77,0
CLM_10043,9462.07,Property,15,1,3184.02,PRV_118,Suburban,0,1,6278.04,0
CLM_10044,9574.2,Auto,62,0,4187.05,PRV_127,Urban,1,0,5387.15,1
CLM_10045,3591.17,Health,62,1,2531.77,PRV_122,Urban,1,0,1059.4,1
CLM_10046,2514.85,Health,47,0,2880.81,PRV_139,Urban,6,0,-365.96,0
CLM_10047,6773.78,Health,62,0,3420.99,PRV_148,Rural,14,0,3352.79,0
CLM_10048,3801.37,Health,51,1,3072.42,PRV_144,Suburban,32,0,728.96,0
CLM_10049,8479.02,Health,108,0,3067.91,PRV_106,Rural,5,1,5411.1,1
CLM_10050,6253.34,Auto,55,0,3899.78,PRV_140,Urban,11,0,2353.56,0
CLM_10051,1605.97,Health,116,2,1303.95,PRV_111,Suburban,10,0,302.03,0
CLM_10052,9922.86,Health,64,0,5033.46,PRV_113,Urban,4,0,4889.4,0
CLM_10053,2936.65,Property,3,1,3485.9,PRV_145,Suburban,12,0,-549.25,0
CLM_10054,4949.57,Property,101,0,2599.74,PRV_114,Suburban,8,0,2349.83,1
CLM_10055,2963.24,Auto,51,0,4628.05,PRV_102,Rural,14,0,-1664.81,0
CLM_10056,6260.52,Auto,7,2,3103.53,PRV_114,Rural,2,0,3156.98,0
CLM_10057,5713.35,Property,21,0,3129.9,PRV_123,Urban,4,0,2583.45,0
CLM_10058,5018.87,Health,73,1,2785.3,PRV_145,Rural,11,0,2233.57,0
CLM_10059,9875.44,Property,39,1,4467.69,PRV_107,Rural,1,0,5407.75,0
CLM_10060,1827.71,Auto,18,1,2990.65,PRV_104,Rural,14,0,-1162.94,0
CLM_10061,4026.97,Health,4,1,2441.58,PRV_103,Suburban,1,0,1585.39,0
CLM_10062,6438.41,Property,89,0,3998.77,PRV_113,Rural,3,0,2439.64,0
CLM_10063,6899.6,Property,60,1,4182.96,PRV_115,Urban,2,0,2716.65,0
CLM_10064,13588.24,Auto,14,0,4606.61,PRV_119,Suburban,0,0,8981.63,0
CLM_10065,3082.0,Health,114,0,3633.6,PRV_123,Suburban,3,0,-551.59,0
CLM_10066,9229.9,Health,9,1,4146.27,PRV_105,Rural,24,0,5083.63,0
CLM_10067,4124.8,Auto,90,1,2740.75,PRV_130,Suburban,0,0,1384.05,0
CLM_10068,7163.17,Health,53,0,4025.8,PRV_105,Urban,0,0,3137.37,0
CLM_10069,9004.45,Health,2,1,3742.52,PRV_134,Urban,12,0,5261.93,0
CLM_10070,3154.25,Property,84,2,3530.46,PRV_114,Suburban,4,0,-376.21,0
CLM_10071,3475.83,Auto,92,0,1442.88,PRV_128,Rural,2,0,2032.96,0
CLM_10072,1765.14,Auto,111,0,2611.83,PRV_102,Rural,7,0,-846.68,0
CLM_10073,5046.73,Auto,60,1,2954.28,PRV_110,Suburban,3,0,2092.44,0
CLM_10074,8317.53,Auto,71,1,3531.6,PRV_102,Urban,4,0,4785.94,0
CLM_10075,5300.17,Auto,44,0,5400.74,PRV_127,Suburban,12,0,-100.57,0
CLM_10076,9367.5,Health,8,0,3859.24,PRV_109,Rural,1,0,5508.26,0
CLM_10077,2008.29,Auto,47,1,2189.99,PRV_149,Rural,32,0,-181.7,0
CLM_10078,6294.6,Property,35,1,2519.76,PRV_132,Suburban,0,0,3774.84,1
CLM_10079,7341.34,Property,78,0,4389.86,PRV_147,Urban,16,1,2951.48,0
CLM_10080,5475.42,Health,81,3,2475.78,PRV_115,Suburban,12,0,2999.64,0
CLM_10081,11226.32,Property,36,1,4018.7,PRV_109,Urban,3,1,7207.61,0
CLM_10082,4741.46,Health,50,0,3117.22,PRV_132,Urban,1,0,1624.24,0
CLM_10083,3067.08,Health,104,0,2833.61,PRV_135,Suburban,19,1,233.47,1
CLM_10084,6645.59,Auto,4,1,2490.93,PRV_102,Suburban,11,0,4154.66,1
CLM_10085,452.02,Auto,2,1,500.0,PRV_104,Urban,3,0,-47.98,0
CLM_10086,7358.05,Health,6,1,3539.75,PRV_111,Urban,0,0,3818.29,1
CLM_10087,5469.88,Property,54,2,1947.87,PRV_143,Urban,27,0,3522.01,0
CLM_10088,3457.44,Auto,106,0,1581.63,PRV_112,Urban,5,1,1875.8,0
CLM_10089,3212.71,Property,4,1,3247.77,PRV_123,Rural,1,0,-35.07,0
CLM_10090,3548.86,Health,54,2,4029.54,PRV_143,Suburban,24,0,-480.68,0
CLM_10091,1473.6,Auto,93,1,1303.19,PRV_131,Urban,4,0,170.41,0
CLM_10092,5919.09,Property,63,1,4003.4,PRV_115,Suburban,6,0,1915.69,0
CLM_10093,1882.71,Health,18,0,2096.79,PRV_131,Urban,11,0,-214.09,0
CLM_10094,9102.39,Auto,90,1,3648.93,PRV_144,Suburban,17,0,5453.46,0
CLM_10095,4984.0,Health,44,1,3578.95,PRV_136,Suburban,1,0,1405.05,0
CLM_10096,7933.74,Auto,34,1,2793.36,PRV_135,Urban,22,0,5140.38,0
CLM_10097,7896.54,Health,74,0,3029.87,PRV_120,Urban,26,1,4866.66,0
CLM_10098,7217.85,Auto,62,0,2603.8,PRV_146,Suburban,3,0,4614.05,1
CLM_10099,4034.49,Auto,100,0,3263.54,PRV_111,Suburban,6,0,770.95,1
CLM_10100,6295.67,Property,14,2,3254.71,PRV_120,Suburban,19,0,3040.97,0
CLM_10101,2706.47,Health,95,0,2076.11,PRV_120,Rural,6,0,630.36,0
CLM_10102,1875.97,Auto,48,0,1642.17,PRV_142,Urban,6,0,233.8,0
CLM_10103,8087.72,Auto,15,2,4008.35,PRV_105,Rural,9,0,4079.37,1
CLM_10104,8154.17,Property,72,0,3204.01,PRV_108,Rural,14,0,4950.16,1
CLM_10105,2840.44,Auto,78,2,3869.84,PRV_100,Urban,10,0,-1029.4,0
CLM_10106,2770.87,Auto,87,1,2329.6,PRV_111,Urban,9,0,441.28,0
CLM_10107,2203.49,Auto,62,2,2175.56,PRV_113,Rural,4,1,27.92,0
CLM_10108,4962.21,Auto,40,1,1988.16,PRV_105,Urban,9,0,2974.04,0
CLM_10109,7988.13,Property,85,0,2819.24,PRV_100,Suburban,1,0,5168.88,0
CLM_10110,2262.25,Health,80,1,3232.45,PRV_121,Suburban,5,0,-970.2,0
CLM_10111,3556.62,Auto,109,2,2456.18,PRV_133,Rural,2,0,1100.45,0
CLM_10112,12718.85,Health,82,2,4564.82,PRV_110,Rural,7,1,8154.02,1
CLM_10113,3210.44,Auto,111,0,2357.85,PRV_102,Urban,3,0,852.59,1
CLM_10114,7412.63,Property,53,3,3248.8,PRV_141,Urban,7,1,4163.83,0
CLM_10115,1591.24,Property,24,0,2116.96,PRV_105,Rural,15,1,-525.71,0
CLM_10116,3748.53,Auto,26,1,2326.88,PRV_105,Rural,5,0,1421.65,0
CLM_10117,5122.95,Property,89,0,2913.66,PRV_119,Suburban,2,0,2209.29,0
CLM_10118,5189.02,Health,60,0,2167.36,PRV_120,Suburban,2,0,3021.65,0
CLM_10119,3775.46,Auto,109,0,3089.42,PRV_101,Urban,23,0,686.04,0
CLM_10120,3992.31,Auto,41,1,3440.25,PRV_125,Suburban,15,0,552.06,0
CLM_10121,5147.09,Auto,29,0,4093.37,PRV_130,Urban,0,1,1053.71,0
CLM_10122,3627.53,Health,15,0,1920.1,PRV_125,Urban,28,0,1707.43,0
CLM_10123,8521.53,Property,45,1,3167.84,PRV_131,Urban,1,0,5353.69,0
CLM_10124,7572.4,Health,65,1,2938.05,PRV_109,Suburban,10,0,4634.35,0
CLM_10125,742.77,Property,89,1,1151.82,PRV_122,Rural,8,0,-409.05,0
CLM_10126,5047.39,Health,71,1,1871.21,PRV_105,Rural,0,0,3176.17,1
CLM_10127,2563.72,Property,9,0,3474.95,PRV_122,Suburban,3,0,-911.22,0
CLM_10128,2534.22,Health,88,2,1647.34,PRV_127,Rural,14,0,886.88,0
CLM_10129,7063.33,Auto,1,0,2926.58,PRV_148,Urban,3,0,4136.75,1
CLM_10130,617.61,Health,108,2,877.56,PRV_129,Rural,6,0,-259.95,0
CLM_10131,1741.12,Property,8,0,2897.05,PRV_113,Suburban,11,0,-1155.92,0
CLM_10132,1254.09,Auto,88,1,946.49,PRV_136,Rural,0,0,307.6,0
CLM_10133,5568.91,Property,63,0,2395.42,PRV_131,Urban,17,0,3173.49,0
CLM_10134,4623.32,Auto,11,0,2562.26,PRV_148,Urban,0,1,2061.06,0
CLM_10135,4817.28,Health,115,0,3123.03,PRV_133,Suburban,3,0,1694.26,0
CLM_10136,6958.42,Property,81,0,2747.45,PRV_140,Suburban,14,0,4210.97,1
CLM_10137,4263.43,Auto,8,0,1764.1,PRV_143,Suburban,24,0,2499.33,0
CLM_10138,4394.76,Auto,35,0,1782.79,PRV_121,Urban,14,0,2611.97,0
CLM_10139,2285.77,Auto,35,1,1385.89,PRV_130,Rural,2,0,899.88,0
CLM_10140,1759.15,Property,33,1,3206.49,PRV_106,Rural,42,0,-1447.33,1
CLM_10141,2942.07,Auto,5,1,3162.35,PRV_140,Suburban,5,0,-220.28,0
CLM_10142,8635.04,Property,106,0,3669.41,PRV_120,Rural,4,0,4965.63,0
CLM_10143,5957.0,Auto,103,2,2499.86,PRV_115,Rural,20,0,3457.14,0
CLM_10144,3709.32,Property,41,0,1265.66,PRV_119,Suburban,0,0,2443.66,0
CLM_10145,2618.15,Property,28,1,2684.0,PRV_142,Suburban,8,0,-65.85,0
CLM_10146,2430.87,Auto,7,2,3011.05,PRV_143,Urban,33,1,-580.18,1
CLM_10147,1554.41,Health,73,1,1835.25,PRV_146,Urban,1,1,-280.84,0
CLM_10148,1856.76,Auto,72,2,1930.16,PRV_149,Urban,7,0,-73.4,0
CLM_10149,6284.72,Health,12,0,3450.92,PRV_118,Urban,1,0,2833.8,0
CLM_10150,9109.71,Auto,34,1,3100.62,PRV_147,Rural,22,0,6009.09,0
CLM_10151,8156.54,Auto,33,1,4132.87,PRV_131,Rural,8,0,4023.67,1
CLM_10152,8531.51,Auto,48,2,4722.1,PRV_114,Urban,2,0,3809.41,0
CLM_10153,3268.95,Auto,119,1,1497.19,PRV_104,Urban,3,0,1771.76,0
CLM_10154,1767.63,Auto,23,0,2581.13,PRV_110,Suburban,7,0,-813.51,0
CLM_10155,7928.99,Health,62,2,3123.63,PRV_114,Rural,12,0,4805.35,1
CLM_10156,7121.35,Property,88,0,3363.57,PRV_128,Rural,6,0,3757.78,1
CLM_10157,3726.65,Auto,37,3,4015.88,PRV_149,Urban,2,0,-289.23,0
CLM_10158,7743.57,Health,99,1,3728.62,PRV_144,Rural,12,0,4014.94,1
CLM_10159,8237.63,Auto,44,1,4138.43,PRV_103,Suburban,1,0,4099.2,1
CLM_10160,2027.03,Property,104,1,3061.36,PRV_148,Suburban,16,0,-1034.33,0
CLM_10161,2768.32,Property,86,0,2371.5,PRV_135,Rural,5,0,396.82,0
CLM_10162,7312.84,Property,91,1,4949.96,PRV_147,Urban,10,0,2362.88,0
CLM_10163,3507.2,Property,35,0,3153.33,PRV_122,Rural,4,1,353.87,0
CLM_10164,3055.77,Auto,65,0,2758.15,PRV_114,Suburban,11,0,297.62,1
CLM_10165,3725.19,Property,99,1,1927.78,PRV_145,Urban,21,0,1797.41,0
CLM_10166,5298.89,Health,101,2,3159.47,PRV_143,Rural,12,0,2139.43,0
CLM_10167,8682.66,Auto,47,1,4004.49,PRV_102,Urban,11,0,4678.17,0
CLM_10168,7226.2,Property,78,0,2499.53,PRV_131,Urban,14,1,4726.66,0
CLM_10169,6167.22,Auto,3,0,2866.62,PRV_109,Suburban,6,1,3300.6,1
CLM_10170,6352.88,Health,1,2,3249.16,PRV_139,Urban,2,0,3103.72,0
CLM_10171,9093.27,Auto,5,2,3472.17,PRV_137,Rural,16,0,5621.1,0
CLM_10172,5700.04,Auto,90,0,2740.16,PRV_121,Urban,10,1,2959.88,1
CLM_10173,2381.99,Health,119,1,2606.39,PRV_113,Urban,3,0,-224.4,0
CLM_10174,3203.33,Health,14,1,2489.24,PRV_116,Rural,3,1,714.09,0
CLM_10175,4418.07,Auto,103,4,1893.4,PRV_120,Suburban,6,0,2524.67,0
CLM_10176,5231.06,Auto,27,0,2229.82,PRV_147,Suburban,2,0,3001.24,0
CLM_10177,6537.25,Property,9,1,2202.93,PRV_114,Rural,21,0,4334.32,1
CLM_10178,3013.96,Auto,79,0,1457.82,PRV_114,Rural,15,0,1556.13,0
CLM_10179,10976.06,Auto,15,0,3992.94,PRV_100,Suburban,3,0,6983.11,1
CLM_10180,2138.2,Property,90,2,3359.57,PRV_123,Urban,0,0,-1221.37,0
CLM_10181,6019.11,Property,42,0,3142.23,PRV_111,Rural,0,0,2876.88,0
CLM_10182,12051.1,Auto,77,2,4304.55,PRV_109,Urban,3,0,7746.55,0
CLM_10183,4528.75,Health,51,5,3717.85,PRV_145,Rural,1,0,810.9,0
CLM_10184,1961.03,Property,63,0,2210.38,PRV_141,Suburban,20,0,-249.35,0
CLM_10185,5743.74,Property,96,0,4173.39,PRV_141,Urban,5,0,1570.34,0
CLM_10186,9853.55,Health,103,1,3972.26,PRV_130,Urban,4,0,5881.29,0
CLM_10187,1339.57,Auto,113,0,1882.08,PRV_110,Rural,2,0,-542.51,0
CLM_10188,7808.87,Auto,52,2,3902.78,PRV_115,Urban,18,0,3906.09,0
CLM_10189,2125.18,Auto,96,1,2532.75,PRV_108,Rural,15,0,-407.57,0
CLM_10190,6350.79,Health,4,0,3997.15,PRV_146,Suburban,4,0,2353.65,0
CLM_10191,7759.73,Auto,94,3,2662.05,PRV_113,Urban,1,0,5097.68,1
CLM_10192,2436.72,Health,101,0,2466.67,PRV_118,Rural,30,0,-29.94,0
CLM_10193,1503.4,Auto,23,1,2569.73,PRV_130,Urban,3,0,-1066.33,0
CLM_10194,3179.66,Auto,103,0,2027.83,PRV_108,Rural,14,0,1151.83,0
CLM_10195,2954.55,Property,109,3,1519.64,PRV_135,Rural,6,0,1434.91,0
CLM_10196,623.14,Auto,15,0,501.0,PRV_138,Rural,15,0,122.14,0
CLM_10197,3607.45,Auto,43,2,1945.33,PRV_125,Suburban,6,0,1662.13,0
CLM_10198,16235.93,Property,29,0,5630.62,PRV_107,Urban,25,0,10605.31,0
CLM_10199,4450.18,Auto,36,1,3478.26,PRV_123,Suburban,16,0,971.92,0
CLM_10200,6194.92,Health,13,4,4864.22,PRV_107,Rural,3,0,1330.69,0
CLM_10201,4577.62,Health,32,0,2681.8,PRV_118,Rural,5,0,1895.82,0
CLM_10202,4527.38,Auto,71,1,2531.68,PRV_146,Suburban,1,1,1995.7,0
CLM_10203,2374.38,Property,59,1,4716.54,PRV_147,Suburban,23,0,-2342.16,0
CLM_10204,6885.5,Health,115,0,3375.76,PRV_129,Urban,0,0,3509.74,0
CLM_10205,6120.66,Auto,86,0,2044.72,PRV_121,Rural,0,1,4075.94,0
CLM_10206,4468.56,Auto,28,1,3632.92,PRV_108,Suburban,6,0,835.64,0
CLM_10207,8829.19,Auto,66,0,4250.88,PRV_143,Rural,9,0,4578.31,0
CLM_10208,804.23,Property,42,0,1572.13,PRV_147,Rural,2,0,-767.9,0
CLM_10209,6966.79,Auto,45,0,3464.66,PRV_103,Urban,8,0,3502.13,0
CLM_10210,2650.19,Health,62,2,1638.28,PRV_136,Urban,22,0,1011.91,0
CLM_10211,7662.15,Health,57,0,4196.76,PRV_107,Urban,9,0,3465.4,0
CLM_10212,6008.33,Health,117,2,3230.7,PRV_100,Suburban,6,0,2777.63,0
CLM_10213,3420.53,Auto,6,0,3629.66,PRV_127,Rural,1,1,-209.13,0
CLM_10214,6747.48,Auto,28,0,2782.56,PRV_105,Suburban,1,0,3964.92,0
CLM_10215,2301.16,Health,28,0,1218.4,PRV_146,Suburban,6,0,1082.76,0
CLM_10216,3007.56,Auto,108,1,2558.57,PRV_135,Urban,6,0,448.99,0
CLM_10217,11174.32,Auto,44,1,3929.84,PRV_110,Rural,7,1,7244.48,0
CLM_10218,2656.28,Auto,84,0,4993.63,PRV_104,Rural,7,1,-2337.35,0
CLM_10219,7597.99,Auto,30,1,3282.29,PRV_149,Urban,4,0,4315.7,0
CLM_10220,3361.93,Property,62,3,2313.65,PRV_123,Rural,11,0,1048.29,0
CLM_10221,6386.76,Auto,75,0,3535.7,PRV_146,Urban,2,0,2851.06,1
CLM_10222,4718.36,Auto,119,1,3839.89,PRV_117,Suburban,19,0,878.47,0
CLM_10223,4082.39,Auto,92,1,3132.75,PRV_119,Suburban,2,0,949.63,0
CLM_10224,1652.05,Health,89,1,3071.21,PRV_127,Urban,5,1,-1419.16,1
CLM_10225,7470.39,Health,103,2,3213.61,PRV_112,Suburban,2,0,4256.79,0
CLM_10226,6930.15,Auto,62,1,3043.55,PRV_104,Suburban,9,0,3886.6,1
CLM_10227,7043.72,Health,97,0,3297.78,PRV_129,Urban,6,0,3745.93,1
CLM_10228,13009.69,Health,1,0,4827.56,PRV_100,Suburban,4,0,8182.12,0
CLM_10229,2661.48,Property,27,1,966.7,PRV_121,Rural,6,0,1694.78,0
CLM_10230,5222.39,Property,62,0,2761.54,PRV_117,Suburban,5,0,2460.84,0
CLM_10231,4573.75,Auto,116,1,2067.65,PRV_145,Urban,19,0,2506.11,0
CLM_10232,2205.36,Auto,77,1,4180.8,PRV_104,Rural,1,0,-1975.45,0
CLM_10233,7479.05,Auto,105,4,2859.12,PRV_130,Rural,15,0,4619.93,1
CLM_10234,9045.33,Auto,3,0,3559.7,PRV_105,Suburban,10,0,5485.62,1
CLM_10235,2437.77,Property,103,2,4427.31,PRV_126,Rural,4,0,-1989.54,0
CLM_10236,3563.69,Auto,70,1,1918.99,PRV_124,Urban,25,0,1644.7,0
CLM_10237,6840.47,Auto,72,0,2472.48,PRV_128,Rural,1,0,4367.98,0
CLM_10238,4122.88,Health,27,0,4324.08,PRV_127,Suburban,3,0,-201.2,0
CLM_10239,2595.96,Health,9,1,1878.94,PRV_115,Suburban,4,0,717.03,0
CLM_10240,3327.34,Auto,62,1,2506.22,PRV_111,Rural,10,0,821.12,0
CLM_10241,1945.3,Auto,37,2,1399.64,PRV_119,Urban,29,0,545.65,0
CLM_10242,2638.59,Auto,97,1,4363.36,PRV_117,Urban,9,0,-1724.77,0
CLM_10243,2896.56,Health,51,0,2418.75,PRV_133,Suburban,19,0,477.81,0
CLM_10244,4145.86,Auto,106,1,3351.16,PRV_122,Suburban,23,0,794.7,0
CLM_10245,9795.31,Auto,44,2,3675.98,PRV_144,Urban,6,0,6119.33,1
CLM_10246,3032.17,Health,24,0,2196.76,PRV_126,Rural,6,0,835.41,0
CLM_10247,1773.37,Auto,79,1,1096.0,PRV_148,Rural,2,0,677.37,0
CLM_10248,4036.91,Health,59,3,2780.54,PRV_116,Rural,9,0,1256.37,0
CLM_10249,2215.99,Auto,118,0,2764.17,PRV_147,Rural,1,0,-548.18,0
CLM_10250,8747.62,Auto,32,0,2939.5,PRV_120,Urban,10,1,5808.13,1
CLM_10251,7552.68,Property,96,0,2945.02,PRV_149,Suburban,22,0,4607.66,0
CLM_10252,4633.02,Health,88,1,2501.23,PRV_139,Suburban,14,0,2131.8,0
CLM_10253,4163.81,Auto,105,2,2462.46,PRV_130,Rural,10,0,1701.34,0
CLM_10254,7001.48,Health,52,0,3297.7,PRV_102,Urban,18,0,3703.77,1
CLM_10255,2863.97,Health,113,1,2176.14,PRV_116,Urban,13,0,687.83,0
CLM_10256,1817.48,Health,62,4,2904.68,PRV_149,Rural,7,0,-1087.2,0
CLM_10257,3681.86,Auto,113,1,2437.04,PRV_125,Rural,7,0,1244.82,0
CLM_10258,9754.81,Property,58,1,3295.61,PRV_122,Rural,1,0,6459.2,0
CLM_10259,3927.25,Auto,52,0,4108.58,PRV_105,Suburban,5,0,-181.32,0
CLM_10260,7548.81,Auto,12,2,4149.38,PRV_127,Rural,7,0,3399.43,0
CLM_10261,2236.02,Auto,39,1,4289.29,PRV_107,Suburban,6,0,-2053.27,0
CLM_10262,2146.27,Auto,2,1,2665.91,PRV_144,Urban,14,0,-519.64,0
CLM_10263,5411.85,Property,3,2,2749.95,PRV_107,Urban,1,0,2661.9,0
CLM_10264,2152.62,Auto,113,1,1731.05,PRV_118,Suburban,15,0,421.57,0
CLM_10265,7345.76,Auto,101,1,2657.45,PRV_137,Suburban,13,0,4688.3,1
CLM_10266,4081.28,Property,113,1,2693.16,PRV_128,Suburban,23,1,1388.12,0
CLM_10267,2430.71,Auto,56,0,2382.85,PRV_122,Suburban,4,0,47.86,0
CLM_10268,4432.93,Auto,81,0,2378.21,PRV_146,Rural,1,0,2054.72,0
CLM_10269,3239.39,Auto,59,1,1302.3,PRV_131,Urban,14,0,1937.09,0
CLM_10270,909.54,Auto,113,0,1658.09,PRV_109,Rural,8,0,-748.54,0
CLM_10271,5369.97,Auto,2,1,3044.54,PRV_126,Suburban,12,0,2325.42,0
CLM_10272,7500.43,Health,2,4,3082.07,PRV_148,Rural,57,0,4418.36,1
CLM_10273,2643.54,Auto,92,1,3483.06,PRV_100,Rural,2,0,-839.52,0
CLM_10274,7557.22,Auto,54,0,2741.11,PRV_138,Urban,5,0,4816.11,0
CLM_10275,3497.41,Health,87,0,3011.65,PRV_128,Rural,2,1,485.76,1
CLM_10276,3938.14,Health,101,0,4250.51,PRV_144,Urban,19,0,-312.37,0
CLM_10277,5815.04,Auto,96,0,2947.1,PRV_102,Suburban,0,0,2867.94,0
CLM_10278,2220.12,Health,97,3,2367.93,PRV_146,Rural,1,0,-147.81,0
CLM_10279,3978.56,Auto,1,0,1809.05,PRV_136,Suburban,2,0,2169.51,0
CLM_10280,6551.62,Auto,19,1,3797.48,PRV_130,Urban,14,0,2754.14,0
CLM_10281,1004.77,Health,2,2,1296.66,PRV_110,Suburban,9,0,-291.89,0
CLM_10282,6011.84,Auto,53,0,2161.58,PRV_121,Suburban,4,0,3850.26,1
CLM_10283,7462.8,Property,44,0,3418.58,PRV_117,Urban,1,0,4044.23,1
CLM_10284,2039.26,Auto,90,0,1093.45,PRV_134,Suburban,3,0,945.81,0
CLM_10285,3425.43,Health,32,2,2385.65,PRV_105,Suburban,13,0,1039.79,0
CLM_10286,2619.58,Auto,70,0,3129.17,PRV_102,Suburban,4,0,-509.59,0
CLM_10287,5936.67,Health,32,1,2616.66,PRV_104,Rural,6,0,3320.01,1
CLM_10288,5112.15,Health,119,1,2017.31,PRV_108,Suburban,9,0,3094.84,1
CLM_10289,1960.25,Property,68,3,2406.56,PRV_127,Urban,24,0,-446.3,1
CLM_10290,6627.88,Auto,55,0,3816.98,PRV_118,Rural,2,0,2810.9,0
CLM_10291,8271.88,Health,75,3,4831.38,PRV_127,Rural,5,0,3440.5,1
CLM_10292,4316.1,Health,56,0,3139.49,PRV_126,Urban,3,0,1176.62,0
CLM_10293,2502.33,Health,17,1,1011.72,PRV_112,Suburban,6,0,1490.62,0
CLM_10294,2671.88,Health,38,0,3568.1,PRV_137,Rural,11,0,-896.22,0
CLM_10295,2636.29,Health,24,0,2603.62,PRV_142,Rural,6,0,32.67,0
CLM_10296,959.92,Auto,69,1,1904.58,PRV_120,Rural,17,0,-944.66,0
CLM_10297,3151.03,Auto,116,1,2199.73,PRV_126,Suburban,8,0,951.3,0
CLM_10298,2753.31,Auto,98,0,2242.21,PRV_145,Rural,4,0,511.1,0
CLM_10299,4239.04,Auto,70,1,1589.15,PRV_105,Urban,15,0,2649.89,0
CLM_10300,6944.45,Property,86,0,2936.93,PRV_137,Suburban,5,0,4007.52,1
CLM_10301,3433.68,Health,11,1,4828.15,PRV_148,Urban,7,0,-1394.46,0
CLM_10302,4471.44,Property,112,0,1900.81,PRV_110,Urban,52,0,2570.63,1
CLM_10303,10499.0,Auto,16,2,4797.35,PRV_146,Rural,15,0,5701.65,0
CLM_10304,3863.57,Property,97,0,3208.12,PRV_140,Rural,19,0,655.45,0
CLM_10305,1565.92,Property,73,0,2907.1,PRV_116,Rural,8,0,-1341.19,0
CLM_10306,2110.04,Health,59,2,2678.04,PRV_138,Urban,4,0,-568.0,0
CLM_10307,2467.76,Health,70,2,2193.86,PRV_106,Suburban,47,1,273.91,1
CLM_10308,8366.43,Auto,80,0,3291.85,PRV_129,Rural,2,0,5074.57,0
CLM_10309,5858.04,Property,93,0,3521.98,PRV_120,Rural,20,0,2336.07,0
CLM_10310,1607.29,Health,3,2,574.86,PRV_100,Urban,24,0,1032.44,0
CLM_10311,13707.22,Auto,20,1,5543.04,PRV_124,Suburban,17,0,8164.18,0
CLM_10312,1447.95,Auto,59,0,1189.01,PRV_131,Urban,1,0,258.93,0
CLM_10313,6475.16,Property,36,0,2477.67,PRV_107,Rural,19,0,3997.49,1
CLM_10314,395.91,Property,19,1,500.0,PRV_104,Urban,10,0,-104.09,0
CLM_10315,1612.74,Property,90,0,2732.09,PRV_129,Rural,11,0,-1119.35,0
CLM_10316,5131.26,Health,67,0,2538.54,PRV_107,Suburban,15,0,2592.72,1
CLM_10317,3370.06,Auto,19,0,2488.31,PRV_148,Urban,6,0,881.75,0
CLM_10318,4373.5,Auto,20,1,3304.33,PRV_118,Rural,3,0,1069.16,0
CLM_10319,6113.28,Auto,96,1,2756.19,PRV_143,Rural,8,0,3357.09,0
CLM_10320,9289.27,Auto,71,1,3538.42,PRV_129,Rural,1,0,5750.85,0
CLM_10321,2301.06,Auto,52,1,1762.67,PRV_114,Rural,11,0,538.39,0
CLM_10322,4039.17,Auto,105,2,3077.38,PRV_135,Urban,6,0,961.79,0
CLM_10323,4344.98,Auto,33,3,2368.32,PRV_143,Rural,6,0,1976.66,1
CLM_10324,5608.96,Property,40,0,2629.66,PRV_126,Urban,2,0,2979.3,0
CLM_10325,3294.11,Auto,39,0,3270.35,PRV_112,Rural,0,0,23.76,0
CLM_10326,6942.27,Property,82,2,2495.69,PRV_113,Urban,9,0,4446.57,0
CLM_10327,6183.49,Health,104,3,2894.83,PRV_136,Urban,10,0,3288.65,0
CLM_10328,3807.62,Auto,1,0,1845.75,PRV_147,Rural,6,0,1961.86,0
CLM_10329,11305.62,Auto,11,0,4095.51,PRV_129,Rural,14,0,7210.1,0
CLM_10330,10320.94,Auto,92,2,3728.44,PRV_138,Rural,8,0,6592.5,1
CLM_10331,2600.5,Auto,57,2,3099.98,PRV_146,Rural,18,0,-499.48,0
CLM_10332,2378.73,Health,89,0,2757.34,PRV_112,Suburban,3,0,-378.61,0
CLM_10333,6963.61,Auto,50,0,2895.63,PRV_115,Rural,2,0,4067.99,0
CLM_10334,11782.89,Auto,23,0,4074.02,PRV_143,Rural,3,0,7708.87,1
CLM_10335,7923.41,Auto,31,0,3657.61,PRV_106,Rural,0,1,4265.81,1
CLM_10336,6252.01,Property,94,0,4090.84,PRV_147,Urban,23,0,2161.16,0
CLM_10337,5870.92,Health,42,0,2658.11,PRV_126,Rural,71,0,3212.81,0
CLM_10338,3734.3,Health,99,0,3483.4,PRV_144,Urban,16,0,250.91,0
CLM_10339,12544.73,Auto,7,1,4188.67,PRV_134,Urban,5,0,8356.05,0
CLM_10340,3271.95,Health,16,1,2073.85,PRV_114,Urban,4,0,1198.09,0
CLM_10341,5689.43,Health,90,2,2010.96,PRV_127,Urban,14,1,3678.47,1
CLM_10342,5164.98,Health,112,1,3275.2,PRV_134,Suburban,7,1,1889.78,0
CLM_10343,4978.08,Property,116,0,1765.06,PRV_106,Rural,28,0,3213.02,0
CLM_10344,1585.86,Auto,60,0,1184.18,PRV_149,Urban,3,0,401.69,0
CLM_10345,10024.82,Property,113,1,4174.65,PRV_145,Rural,3,1,5850.17,1
CLM_10346,12513.98,Property,2,1,4348.9,PRV_149,Urban,67,0,8165.08,0
CLM_10347,3849.17,Auto,1,1,1819.98,PRV_145,Suburban,38,0,2029.19,0
CLM_10348,3440.08,Auto,48,0,1568.01,PRV_119,Urban,21,0,1872.07,0
CLM_10349,1777.04,Property,12,1,2346.81,PRV_131,Rural,5,0,-569.77,0
CLM_10350,7168.32,Auto,69,1,4252.81,PRV_137,Rural,18,0,2915.51,0
CLM_10351,7034.73,Health,37,1,2589.26,PRV_139,Suburban,3,0,4445.47,0
CLM_10352,3411.2,Property,32,0,3094.7,PRV_131,Rural,2,0,316.51,0
CLM_10353,8215.57,Health,119,0,3324.92,PRV_125,Rural,7,0,4890.65,0
CLM_10354,6948.42,Auto,9,1,3173.85,PRV_138,Urban,19,0,3774.58,0
CLM_10355,4752.32,Health,105,0,4494.07,PRV_119,Rural,1,0,258.25,0
CLM_10356,2752.04,Auto,99,2,2280.11,PRV_117,Urban,8,0,471.93,0
CLM_10357,4546.35,Health,19,0,2897.79,PRV_149,Suburban,9,0,1648.56,0
CLM_10358,2627.39,Auto,48,0,3232.43,PRV_114,Rural,8,0,-605.04,0
CLM_10359,8213.91,Health,80,4,2951.0,PRV_121,Urban,2,0,5262.9,0
CLM_10360,4182.25,Health,3,0,1780.9,PRV_121,Rural,0,1,2401.35,0
CLM_10361,2157.41,Health,20,0,1527.46,PRV_120,Urban,22,0,629.94,0
CLM_10362,1881.89,Health,24,0,1506.52,PRV_101,Suburban,8,0,375.37,0
CLM_10363,8286.99,Health,54,0,3726.25,PRV_139,Urban,14,0,4560.74,0
CLM_10364,3401.38,Health,33,1,2179.6,PRV_142,Rural,4,0,1221.78,0
CLM_10365,3723.72,Auto,24,5,3469.27,PRV_117,Urban,0,0,254.44,1
CLM_10366,4862.78,Health,116,2,3086.74,PRV_122,Rural,3,0,1776.04,0
CLM_10367,5423.82,Auto,75,1,2025.14,PRV_112,Suburban,0,0,3398.68,0
CLM_10368,1376.68,Property,113,0,2050.1,PRV_140,Urban,0,0,-673.42,0
CLM_10369,4453.11,Auto,72,0,3134.01,PRV_108,Rural,2,0,1319.09,0
CLM_10370,8943.29,Auto,36,0,3077.68,PRV_148,Rural,10,0,5865.6,0
CLM_10371,1875.5,Health,38,1,3492.03,PRV_106,Rural,17,0,-1616.53,0
CLM_10372,6932.37,Auto,104,1,2542.5,PRV_140,Urban,17,0,4389.87,0
CLM_10373,3094.46,Auto,84,4,2153.29,PRV_100,Urban,27,0,941.17,0
CLM_10374,3028.38,Health,99,0,3109.87,PRV_101,Urban,10,0,-81.49,0
CLM_10375,2375.48,Health,112,1,4419.92,PRV_103,Suburban,0,0,-2044.44,0
CLM_10376,759.71,Health,89,0,1123.32,PRV_113,Rural,4,0,-363.61,0
CLM_10377,2046.02,Auto,99,2,2200.95,PRV_131,Rural,1,0,-154.93,0
CLM_10378,2023.3,Health,25,0,3590.44,PRV_135,Suburban,15,0,-1567.14,0
CLM_10379,4308.88,Auto,93,0,3216.49,PRV_101,Suburban,1,0,1092.4,0
CLM_10380,2207.11,Health,18,0,3605.02,PRV_139,Urban,1,0,-1397.91,0
CLM_10381,5733.26,Health,110,1,2570.34,PRV_149,Urban,0,0,3162.91,0
CLM_10382,3535.82,Health,82,2,1388.08,PRV_113,Urban,31,0,2147.74,1
CLM_10383,12700.2,Auto,66,1,4671.49,PRV_119,Urban,15,0,8028.71,0
CLM_10384,7648.29,Auto,54,1,4083.84,PRV_124,Urban,4,0,3564.46,0
CLM_10385,8529.52,Auto,35,1,2975.82,PRV_141,Urban,4,1,5553.7,0
CLM_10386,1109.63,Auto,80,0,2158.34,PRV_148,Suburban,0,0,-1048.71,0
CLM_10387,2095.49,Auto,61,0,2509.43,PRV_107,Suburban,1,0,-413.94,0
CLM_10388,3981.19,Health,41,1,3229.08,PRV_127,Suburban,3,0,752.1,0
CLM_10389,6795.51,Auto,100,1,2748.37,PRV_145,Rural,4,0,4047.14,0
CLM_10390,8101.08,Property,33,0,2985.5,PRV_120,Rural,9,0,5115.57,0
CLM_10391,9429.28,Auto,68,2,4610.14,PRV_122,Urban,4,0,4819.14,1
CLM_10392,5721.07,Health,33,1,3923.68,PRV_131,Suburban,30,0,1797.4,0
CLM_10393,3959.56,Health,14,0,1829.22,PRV_107,Rural,4,0,2130.34,0
CLM_10394,2929.99,Auto,21,2,3076.92,PRV_130,Rural,28,0,-146.93,0
CLM_10395,4078.22,Auto,48,1,2479.64,PRV_136,Suburban,13,0,1598.58,0
CLM_10396,5833.6,Health,20,1,3297.94,PRV_115,Rural,23,0,2535.66,0
CLM_10397,2238.26,Auto,8,0,2936.67,PRV_139,Rural,12,0,-698.4,0
CLM_10398,3489.2,Property,7,1,5967.7,PRV_141,Suburban,8,0,-2478.49,0
CLM_10399,8145.4,Health,67,0,3429.26,PRV_126,Rural,7,0,4716.14,0
CLM_10400,5263.83,Property,17,0,2865.82,PRV_139,Suburban,3,0,2398.02,0
CLM_10401,6444.09,Auto,33,0,4843.01,PRV_140,Rural,3,0,1601.08,0
CLM_10402,5106.67,Health,48,0,3205.55,PRV_117,Suburban,2,0,1901.12,0
CLM_10403,4287.19,Health,76,2,1481.28,PRV_134,Rural,4,1,2805.92,0
CLM_10404,4204.88,Health,59,1,2875.55,PRV_148,Rural,1,0,1329.32,0
CLM_10405,2741.71,Auto,115,0,3613.7,PRV_114,Suburban,4,0,-871.99,0
CLM_10406,5780.85,Health,86,0,3484.53,PRV_126,Rural,17,0,2296.32,0
CLM_10407,8491.45,Auto,119,1,4005.17,PRV_116,Suburban,20,0,4486.28,1
CLM_10408,1672.36,Health,22,1,3153.72,PRV_139,Suburban,10,0,-1481.35,0
CLM_10409,4103.16,Auto,110,1,3083.11,PRV_101,Rural,2,0,1020.05,0
CLM_10410,2370.38,Property,30,3,1597.52,PRV_148,Urban,2,1,772.86,0
CLM_10411,7513.95,Auto,38,2,4528.42,PRV_149,Rural,3,0,2985.53,0
CLM_10412,3379.34,Property,102,1,2694.4,PRV_130,Urban,6,0,684.94,0
CLM_10413,4378.97,Property,109,2,2020.47,PRV_136,Urban,37,0,2358.5,0
CLM_10414,16105.8,Property,51,0,5627.91,PRV_140,Rural,1,0,10477.89,0
CLM_10415,13034.02,Health,54,1,4680.09,PRV_140,Urban,6,0,8353.93,1
CLM_10416,5515.37,Auto,8,0,2552.25,PRV_133,Suburban,11,0,2963.12,0
CLM_10417,1978.09,Property,27,2,1119.33,PRV_133,Suburban,2,1,858.76,0
CLM_10418,5851.07,Auto,27,2,2281.53,PRV_102,Urban,34,0,3569.54,1
CLM_10419,11859.24,Health,98,0,4579.14,PRV_116,Suburban,4,0,7280.11,0
CLM_10420,8176.65,Health,21,0,3176.71,PRV_113,Rural,26,0,4999.93,1
CLM_10421,1476.62,Health,30,0,1650.56,PRV_113,Suburban,9,0,-173.94,0
CLM_10422,2132.58,Auto,97,0,3783.98,PRV_145,Urban,0,0,-1651.4,0
CLM_10423,8253.19,Health,28,0,2790.14,PRV_137,Rural,3,0,5463.05,1
CLM_10424,6816.73,Property,111,0,2351.3,PRV_134,Suburban,0,0,4465.43,1
CLM_10425,4638.17,Auto,64,0,2427.16,PRV_100,Rural,4,0,2211.01,0
CLM_10426,12844.5,Property,97,0,4306.39,PRV_147,Urban,26,0,8538.11,0
CLM_10427,8605.44,Auto,69,0,3546.64,PRV_128,Suburban,15,0,5058.81,0
CLM_10428,2715.18,Auto,61,0,1513.94,PRV_103,Rural,9,0,1201.24,0
CLM_10429,4960.97,Auto,48,1,3367.19,PRV_132,Rural,7,0,1593.78,0
CLM_10430,6159.78,Auto,19,0,3107.62,PRV_116,Suburban,4,0,3052.17,0
CLM_10431,4616.19,Property,4,0,2579.59,PRV_127,Rural,2,0,2036.6,0
CLM_10432,7856.17,Auto,35,1,2632.32,PRV_149,Rural,0,0,5223.85,1
CLM_10433,3685.24,Auto,64,2,2134.95,PRV_125,Urban,2,0,1550.29,1
CLM_10434,6053.6,Auto,49,1,2337.47,PRV_107,Urban,4,0,3716.12,0
CLM_10435,8336.36,Health,17,0,3289.72,PRV_133,Urban,7,0,5046.63,0
CLM_10436,1847.21,Health,44,0,2722.43,PRV_117,Urban,2,0,-875.22,0
CLM_10437,2544.09,Auto,92,2,3545.68,PRV_130,Urban,36,0,-1001.6,1
CLM_10438,4761.24,Auto,30,0,2215.02,PRV_126,Urban,0,0,2546.22,0
CLM_10439,4255.35,Property,93,0,3707.49,PRV_115,Suburban,0,0,547.86,0
CLM_10440,9249.38,Auto,46,1,4314.44,PRV_109,Urban,11,0,4934.94,0
CLM_10441,2578.85,Auto,117,0,2993.22,PRV_139,Rural,14,1,-414.37,0
CLM_10442,5255.14,Auto,6,1,3520.63,PRV_111,Suburban,35,0,1734.51,0
CLM_10443,2691.72,Health,99,1,3559.64,PRV_121,Rural,7,0,-867.93,0
CLM_10444,3010.55,Auto,105,3,2497.9,PRV_115,Urban,1,0,512.65,0
CLM_10445,2568.28,Health,37,1,3563.36,PRV_111,Urban,27,0,-995.08,0
CLM_10446,2140.89,Auto,24,1,731.57,PRV_110,Rural,39,0,1409.32,1
CLM_10447,743.82,Property,93,1,500.0,PRV_119,Rural,25,0,243.82,0
CLM_10448,7351.87,Auto,113,0,2670.52,PRV_100,Rural,20,0,4681.35,0
CLM_10449,10638.53,Health,46,0,3633.47,PRV_126,Suburban,0,0,7005.07,0
CLM_10450,8085.79,Auto,53,0,2914.95,PRV_102,Urban,19,0,5170.84,0
CLM_10451,6133.49,Auto,95,0,3745.87,PRV_111,Rural,30,0,2387.62,0
CLM_10452,4400.79,Health,99,0,1798.26,PRV_129,Urban,8,1,2602.53,0
CLM_10453,3433.4,Auto,60,0,3882.84,PRV_108,Rural,14,0,-449.44,0
CLM_10454,3411.81,Property,97,1,4628.81,PRV_136,Urban,10,0,-1217.0,0
CLM_10455,6201.85,Property,116,2,2303.59,PRV_100,Suburban,3,0,3898.26,0
CLM_10456,2178.88,Property,63,1,3771.0,PRV_141,Urban,8,1,-1592.11,1
CLM_10457,8859.33,Auto,85,1,3022.82,PRV_148,Rural,22,0,5836.51,0
CLM_10458,7504.36,Health,32,2,3441.84,PRV_103,Urban,6,0,4062.52,0
CLM_10459,7167.08,Auto,87,0,4626.81,PRV_114,Suburban,8,0,2540.27,0
CLM_10460,2839.65,Property,33,2,3327.3,PRV_126,Suburban,7,0,-487.66,0
CLM_10461,8688.63,Health,67,1,3764.44,PRV_107,Urban,3,0,4924.18,0
CLM_10462,3313.73,Property,18,2,1736.96,PRV_122,Rural,10,0,1576.77,0
CLM_10463,8504.55,Auto,25,2,3733.64,PRV_114,Suburban,7,0,4770.91,0
CLM_10464,7121.56,Health,106,0,4610.01,PRV_126,Suburban,2,1,2511.56,0
CLM_10465,1382.22,Auto,95,0,2076.5,PRV_130,Urban,22,0,-694.28,0
CLM_10466,3446.42,Health,54,1,2676.98,PRV_138,Suburban,29,0,769.44,0
CLM_10467,4746.08,Auto,58,1,3686.13,PRV_146,Suburban,0,0,1059.95,0
CLM_10468,1798.7,Health,67,1,3447.78,PRV_107,Rural,9,0,-1649.08,0
CLM_10469,859.42,Health,104,1,1640.27,PRV_129,Rural,5,0,-780.85,0
CLM_10470,4199.51,Health,46,0,3164.91,PRV_141,Rural,7,0,1034.6,0
CLM_10471,6185.67,Auto,24,1,2667.32,PRV_117,Urban,4,0,3518.35,0
CLM_10472,4184.79,Health,114,1,2031.34,PRV_103,Suburban,6,0,2153.45,0
CLM_10473,4781.7,Auto,32,0,4356.72,PRV_146,Urban,3,0,424.97,0
CLM_10474,6031.68,Auto,47,0,3005.46,PRV_142,Suburban,1,0,3026.22,1
CLM_10475,8437.87,Auto,86,1,3983.05,PRV_121,Suburban,3,0,4454.82,1
CLM_10476,3299.59,Auto,23,0,1826.59,PRV_102,Suburban,11,0,1473.01,0
CLM_10477,6472.25,Auto,66,1,3588.95,PRV_114,Rural,0,0,2883.3,0
CLM_10478,5785.35,Health,27,1,4061.69,PRV_134,Urban,4,0,1723.66,0
CLM_10479,2229.68,Auto,106,0,2757.85,PRV_146,Urban,0,0,-528.17,0
CLM_10480,3663.4,Auto,2,0,2502.82,PRV_137,Suburban,4,0,1160.58,1
CLM_10481,2311.85,Property,90,1,1695.73,PRV_132,Urban,0,0,616.12,0
CLM_10482,4221.11,Auto,17,0,2131.95,PRV_113,Rural,4,0,2089.16,0
CLM_10483,6726.7,Health,104,1,2547.37,PRV_147,Urban,18,0,4179.34,0
CLM_10484,2911.53,Health,33,0,2024.09,PRV_100,Suburban,9,0,887.44,0
CLM_10485,5076.44,Property,9,1,2232.05,PRV_148,Rural,11,0,2844.39,1
CLM_10486,7988.65,Health,43,1,3158.1,PRV_125,Rural,7,0,4830.55,1
CLM_10487,3374.09,Health,118,1,3277.79,PRV_107,Suburban,25,0,96.3,0
CLM_10488,11266.7,Property,48,0,4090.85,PRV_149,Urban,7,0,7175.86,0
CLM_10489,1513.29,Auto,39,0,2238.23,PRV_115,Suburban,1,0,-724.93,0
CLM_10490,8326.75,Property,93,0,3023.19,PRV_137,Urban,27,0,5303.57,0
CLM_10491,2347.53,Auto,42,0,2582.3,PRV_109,Urban,1,1,-234.78,1
CLM_10492,3372.93,Property,119,0,2511.63,PRV_141,Rural,70,0,861.3,1
CLM_10493,5402.85,Auto,26,1,2683.86,PRV_136,Suburban,5,0,2718.99,0
CLM_10494,7750.36,Health,99,1,2803.82,PRV_125,Rural,0,0,4946.53,0
CLM_10495,3703.03,Auto,50,2,3250.4,PRV_127,Suburban,19,0,452.63,1
CLM_10496,6430.99,Health,25,2,2669.64,PRV_111,Suburban,0,0,3761.35,0
CLM_10497,9621.78,Auto,24,0,4227.33,PRV_119,Rural,1,0,5394.45,0
CLM_10498,1165.1,Property,13,1,1295.6,PRV_148,Suburban,5,0,-130.5,0
CLM_10499,6886.29,Property,60,0,4053.95,PRV_113,Suburban,11,0,2832.33,0
CLM_10500,4483.45,Auto,7,0,2631.5,PRV_145,Urban,1,0,1851.95,0
CLM_10501,3546.37,Property,57,0,2811.17,PRV_134,Suburban,9,0,735.2,0
CLM_10502,7325.85,Health,36,0,2990.38,PRV_128,Suburban,15,0,4335.47,0
CLM_10503,10430.77,Health,45,0,3705.64,PRV_111,Rural,1,0,6725.13,0
CLM_10504,4857.17,Auto,20,0,2119.71,PRV_117,Rural,10,0,2737.46,0
CLM_10505,6871.0,Auto,65,0,2343.14,PRV_143,Suburban,31,0,4527.85,0
CLM_10506,2191.95,Auto,8,0,3500.56,PRV_101,Urban,34,0,-1308.61,0
CLM_10507,772.05,Auto,110,1,1301.82,PRV_101,Urban,1,0,-529.77,0
CLM_10508,8110.51,Property,16,1,2965.83,PRV_116,Rural,14,0,5144.67,0
CLM_10509,6044.13,Auto,14,1,2202.27,PRV_109,Suburban,18,0,3841.86,1
CLM_10510,1529.29,Property,76,1,1991.77,PRV_117,Suburban,21,0,-462.49,0
CLM_10511,1897.46,Auto,115,1,1361.54,PRV_121,Urban,3,0,535.92,0
CLM_10512,9764.55,Health,87,1,3772.3,PRV_118,Urban,3,1,5992.25,0
CLM_10513,2594.51,Health,15,1,3158.83,PRV_100,Urban,0,0,-564.32,0
CLM_10514,2720.1,Property,92,2,2327.72,PRV_123,Rural,5,0,392.38,0
CLM_10515,6245.03,Auto,98,0,2835.44,PRV_135,Suburban,1,0,3409.59,1
CLM_10516,5635.05,Auto,66,1,1907.12,PRV_124,Rural,15,0,3727.93,1
CLM_10517,6141.91,Auto,32,1,2463.81,PRV_135,Suburban,1,0,3678.1,1
CLM_10518,6845.26,Auto,87,1,2801.65,PRV_130,Rural,17,0,4043.61,1
CLM_10519,4156.73,Auto,63,0,3063.95,PRV_130,Suburban,1,0,1092.78,0
CLM_10520,7304.33,Auto,86,1,3392.06,PRV_101,Urban,6,0,3912.26,0
CLM_10521,934.68,Auto,51,0,1194.15,PRV_118,Urban,4,0,-259.46,0
CLM_10522,10119.89,Health,25,1,3395.18,PRV_111,Urban,9,0,6724.71,0
CLM_10523,2168.52,Auto,58,1,1274.5,PRV_109,Rural,7,0,894.01,0
CLM_10524,7195.99,Auto,63,1,3431.53,PRV_130,Urban,9,0,3764.46,1
CLM_10525,7497.39,Auto,62,1,2786.69,PRV_144,Suburban,0,0,4710.7,1
CLM_10526,2055.6,Health,22,1,4091.46,PRV_121,Rural,1,0,-2035.86,0
CLM_10527,6836.95,Property,58,0,2325.53,PRV_122,Suburban,7,0,4511.42,0
CLM_10528,5285.23,Health,58,1,3780.84,PRV_122,Rural,2,0,1504.39,0
CLM_10529,2472.14,Health,86,0,1832.61,PRV_114,Suburban,0,0,639.54,0
CLM_10530,2679.32,Auto,49,0,3105.89,PRV_125,Suburban,2,1,-426.57,0
CLM_10531,2544.93,Health,52,0,962.0,PRV_102,Rural,15,0,1582.93,0
CLM_10532,10395.34,Auto,42,0,3883.06,PRV_122,Rural,7,0,6512.28,0
CLM_10533,2599.65,Auto,70,0,4726.87,PRV_119,Urban,2,1,-2127.22,0
CLM_10534,1471.56,Health,15,1,2301.78,PRV_144,Urban,0,0,-830.22,0
CLM_10535,8730.42,Property,54,0,3122.63,PRV_139,Suburban,4,0,5607.79,1
CLM_10536,2779.76,Auto,107,0,3443.84,PRV_138,Suburban,4,0,-664.07,0
CLM_10537,2975.34,Health,60,1,1449.75,PRV_107,Suburban,13,0,1525.59,0
CLM_10538,4612.36,Health,101,1,2250.89,PRV_117,Rural,25,0,2361.47,0
CLM_10539,5854.07,Auto,97,0,2188.99,PRV_140,Rural,4,0,3665.08,0
CLM_10540,10444.47,Auto,8,0,5407.06,PRV_105,Urban,11,0,5037.41,0
CLM_10541,6412.71,Auto,53,0,4045.8,PRV_126,Suburban,10,0,2366.91,0
CLM_10542,8170.51,Auto,60,1,2782.92,PRV_135,Urban,5,0,5387.59,0
CLM_10543,4051.28,Auto,108,0,3779.04,PRV_114,Rural,0,0,272.24,0
CLM_10544,3714.76,Auto,108,0,3211.25,PRV_136,Rural,6,0,503.51,0
CLM_10545,2557.97,Auto,5,0,3593.04,PRV_104,Rural,4,0,-1035.07,1
CLM_10546,5719.34,Health,103,2,1946.49,PRV_138,Urban,7,0,3772.86,0
CLM_10547,9909.64,Health,68,1,4373.38,PRV_108,Rural,1,0,5536.26,0
CLM_10548,1183.64,Property,6,2,2232.26,PRV_106,Suburban,12,1,-1048.62,0
CLM_10549,5163.7,Auto,109,0,2284.03,PRV_140,Urban,15,0,2879.67,0
CLM_10550,5422.46,Health,96,1,3590.23,PRV_119,Rural,4,1,1832.24,0
CLM_10551,9765.85,Property,116,1,3345.76,PRV_109,Urban,1,0,6420.09,1
CLM_10552,3608.04,Health,94,1,3023.16,PRV_125,Urban,9,0,584.89,0
CLM_10553,8737.84,Auto,47,0,3839.6,PRV_103,Rural,31,0,4898.24,1
CLM_10554,3804.01,Health,99,1,1838.94,PRV_137,Rural,12,0,1965.07,0
CLM_10555,2568.11,Auto,55,2,4844.35,PRV_123,Urban,1,0,-2276.24,0
CLM_10556,6780.83,Auto,40,1,2499.34,PRV_113,Urban,5,0,4281.48,1
CLM_10557,2472.03,Health,52,0,2911.59,PRV_140,Rural,24,0,-439.56,0
CLM_10558,10492.23,Health,16,1,4859.83,PRV_100,Suburban,10,0,5632.4,1
CLM_10559,5586.38,Auto,13,1,2290.56,PRV_116,Urban,1,0,3295.82,0
CLM_10560,8357.14,Property,114,0,4023.04,PRV_144,Urban,12,0,4334.1,0
CLM_10561,2069.16,Health,106,0,2785.68,PRV_123,Suburban,4,0,-716.52,0
CLM_10562,6340.58,Auto,30,1,2158.17,PRV_126,Rural,6,1,4182.41,1
CLM_10563,2857.07,Property,19,0,2616.26,PRV_106,Rural,5,0,240.81,0
CLM_10564,7380.99,Auto,17,1,3566.28,PRV_108,Suburban,12,0,3814.71,1
CLM_10565,10007.35,Property,63,0,4014.27,PRV_142,Rural,2,0,5993.08,0
CLM_10566,9186.82,Health,19,0,3225.61,PRV_134,Rural,4,0,5961.21,0
CLM_10567,2818.17,Auto,92,1,1402.06,PRV_111,Urban,13,0,1416.11,0
CLM_10568,4172.26,Health,58,1,3635.53,PRV_120,Urban,12,0,536.73,0
CLM_10569,7406.44,Health,55,0,2857.87,PRV_102,Urban,2,0,4548.58,0
CLM_10570,1723.04,Health,90,0,1897.52,PRV_114,Suburban,4,0,-174.48,0
CLM_10571,1859.61,Property,101,2,3346.39,PRV_120,Rural,0,0,-1486.78,0
CLM_10572,11452.27,Health,90,1,4133.84,PRV_109,Rural,7,0,7318.43,0
CLM_10573,5828.44,Health,117,0,3006.72,PRV_132,Urban,3,0,2821.72,0
CLM_10574,2644.73,Property,62,2,3923.33,PRV_145,Urban,0,0,-1278.6,0
CLM_10575,6749.33,Health,23,2,3462.4,PRV_105,Suburban,5,0,3286.93,0
CLM_10576,2997.57,Auto,9,1,3475.3,PRV_101,Rural,26,0,-477.73,0
CLM_10577,1558.68,Property,12,1,2694.51,PRV_128,Suburban,25,0,-1135.83,0
CLM_10578,3021.77,Auto,117,1,3818.7,PRV_139,Rural,4,0,-796.92,0
CLM_10579,9541.86,Health,1,0,3914.18,PRV_132,Suburban,5,0,5627.68,1
CLM_10580,9061.26,Property,58,0,3792.67,PRV_103,Urban,2,0,5268.59,0
CLM_10581,5401.43,Health,1,1,2686.21,PRV_103,Suburban,0,0,2715.21,0
CLM_10582,4078.01,Health,111,1,3985.08,PRV_128,Suburban,11,0,92.93,0
CLM_10583,7949.09,Health,34,3,3386.31,PRV_136,Urban,16,0,4562.78,1
CLM_10584,3082.29,Auto,96,1,2027.67,PRV_119,Rural,21,0,1054.62,0
CLM_10585,4652.78,Property,118,0,2618.51,PRV_140,Rural,27,0,2034.28,0
CLM_10586,6776.81,Auto,48,1,2469.59,PRV_122,Urban,24,0,4307.22,1
CLM_10587,1664.55,Auto,89,1,1012.1,PRV_144,Suburban,0,1,652.45,0
CLM_10588,8270.71,Auto,104,0,4003.41,PRV_117,Suburban,38,0,4267.3,1
CLM_10589,17720.16,Health,109,0,6101.19,PRV_148,Suburban,4,0,11618.97,0
CLM_10590,6853.19,Health,117,1,4208.35,PRV_124,Rural,21,0,2644.84,0
CLM_10591,6015.19,Property,1,0,3162.86,PRV_100,Suburban,5,0,2852.33,0
CLM_10592,4871.57,Auto,16,2,2484.18,PRV_114,Rural,5,0,2387.39,0
CLM_10593,2286.1,Auto,61,1,2074.92,PRV_133,Suburban,0,0,211.18,0
CLM_10594,7379.77,Auto,103,0,3150.65,PRV_147,Urban,0,0,4229.13,1
CLM_10595,9192.95,Auto,64,1,3968.31,PRV_119,Urban,11,0,5224.64,1
CLM_10596,2404.23,Health,63,1,2325.42,PRV_136,Rural,27,0,78.81,0
CLM_10597,2967.67,Auto,69,1,5564.26,PRV_126,Rural,2,0,-2596.59,0
CLM_10598,4843.74,Auto,22,1,1616.01,PRV_121,Urban,0,0,3227.74,1
CLM_10599,6300.57,Auto,93,1,3224.5,PRV_104,Urban,2,0,3076.07,0
CLM_10600,2924.7,Auto,119,1,3070.29,PRV_133,Suburban,2,0,-145.59,0
CLM_10601,3634.75,Auto,67,0,3006.63,PRV_138,Urban,3,0,628.13,0
CLM_10602,4970.43,Auto,76,2,2431.15,PRV_102,Rural,0,0,2539.28,0
CLM_10603,2601.72,Health,26,0,3082.47,PRV_116,Urban,2,0,-480.74,0
CLM_10604,1512.8,Property,16,1,2550.23,PRV_123,Rural,25,0,-1037.43,0
CLM_10605,10703.43,Health,51,0,4287.89,PRV_123,Rural,22,0,6415.54,0
CLM_10606,10579.8,Property,101,1,4620.77,PRV_102,Suburban,3,0,5959.02,1
CLM_10607,3327.01,Auto,86,0,2611.46,PRV_144,Suburban,57,0,715.55,0
CLM_10608,875.66,Health,57,0,1355.03,PRV_106,Suburban,3,0,-479.37,0
CLM_10609,5692.01,Property,29,1,3317.65,PRV_124,Suburban,12,0,2374.36,0
CLM_10610,3906.63,Auto,78,1,3281.59,PRV_102,Urban,10,0,625.03,0
CLM_10611,4640.58,Property,92,1,3105.21,PRV_114,Suburban,0,0,1535.37,0
CLM_10612,4186.28,Auto,69,1,3532.95,PRV_128,Urban,4,0,653.33,0
CLM_10613,4110.61,Auto,47,0,4381.53,PRV_149,Suburban,30,0,-270.91,0
CLM_10614,5624.79,Auto,113,0,3832.97,PRV_128,Suburban,0,0,1791.82,1
CLM_10615,10284.37,Health,94,0,3531.44,PRV_109,Rural,1,0,6752.94,0
CLM_10616,4375.45,Health,110,2,3753.92,PRV_131,Urban,35,0,621.53,0
CLM_10617,4356.71,Health,62,1,3251.48,PRV_122,Rural,0,0,1105.23,0
CLM_10618,2718.4,Auto,116,2,2054.56,PRV_138,Suburban,5,0,663.84,0
CLM_10619,7568.99,Auto,69,0,4450.46,PRV_108,Urban,25,0,3118.53,1
CLM_10620,8093.91,Auto,76,1,3102.58,PRV_136,Suburban,28,1,4991.32,1
CLM_10621,3091.99,Auto,16,0,2054.06,PRV_139,Rural,38,0,1037.93,0
CLM_10622,4708.83,Property,90,1,1872.02,PRV_113,Urban,6,1,2836.8,1
CLM_10623,1639.8,Auto,90,0,2082.2,PRV_103,Rural,0,1,-442.4,0
CLM_10624,4837.56,Property,48,0,1767.29,PRV_119,Suburban,14,0,3070.26,1
CLM_10625,3534.09,Property,85,0,3668.88,PRV_127,Suburban,12,0,-134.79,1
CLM_10626,1689.29,Auto,39,0,2824.89,PRV_113,Suburban,8,0,-1135.59,0
CLM_10627,3382.87,Health,100,0,3776.0,PRV_143,Urban,21,0,-393.13,0
CLM_10628,4073.05,Auto,33,1,4169.47,PRV_133,Rural,24,0,-96.42,0
CLM_10629,6927.01,Auto,94,0,3910.78,PRV_112,Rural,11,1,3016.23,1
CLM_10630,5904.73,Auto,101,2,3634.02,PRV_130,Suburban,1,0,2270.7,0
CLM_10631,7527.41,Health,23,1,3287.53,PRV_132,Rural,1,1,4239.88,1
CLM_10632,1762.7,Auto,10,1,2809.64,PRV_138,Urban,5,0,-1046.93,0
CLM_10633,5017.13,Health,118,3,2876.35,PRV_127,Suburban,3,0,2140.77,0
CLM_10634,4771.43,Health,69,0,3584.36,PRV_124,Suburban,1,0,1187.06,0
CLM_10635,4233.87,Auto,100,2,2038.68,PRV_131,Suburban,9,0,2195.19,0
CLM_10636,1794.92,Health,34,0,2946.12,PRV_108,Urban,11,1,-1151.2,0
CLM_10637,1325.71,Health,52,1,2257.16,PRV_127,Suburban,11,0,-931.45,0
CLM_10638,6543.77,Auto,95,2,4172.98,PRV_130,Suburban,1,0,2370.79,0
CLM_10639,9398.02,Auto,10,0,3717.06,PRV_116,Suburban,3,0,5680.96,0
CLM_10640,11188.02,Health,19,0,5137.45,PRV_122,Suburban,2,0,6050.56,0
CLM_10641,1214.8,Auto,58,2,2242.3,PRV_112,Rural,9,0,-1027.5,1
CLM_10642,2223.08,Health,96,1,2349.53,PRV_109,Suburban,8,0,-126.45,0
CLM_10643,3261.83,Auto,1,0,3057.5,PRV_115,Urban,6,0,204.33,0
CLM_10644,3542.93,Auto,69,2,2274.54,PRV_105,Suburban,3,0,1268.39,0
CLM_10645,6957.75,Auto,109,0,3537.62,PRV_147,Suburban,2,0,3420.13,0
CLM_10646,3070.4,Auto,4,0,2949.05,PRV_110,Rural,22,0,121.35,0
CLM_10647,3657.42,Health,16,1,2511.47,PRV_102,Suburban,0,0,1145.95,0
CLM_10648,8011.13,Auto,24,1,4087.6,PRV_127,Rural,10,0,3923.52,0
CLM_10649,1677.98,Health,80,0,1150.41,PRV_140,Urban,0,0,527.57,0
CLM_10650,3038.86,Property,119,0,3542.11,PRV_114,Rural,2,0,-503.25,0
CLM_10651,4234.47,Health,2,1,2448.87,PRV_112,Suburban,3,0,1785.6,0
CLM_10652,4999.9,Health,113,1,3816.76,PRV_141,Urban,21,0,1183.14,0
CLM_10653,10791.55,Auto,92,1,4056.26,PRV_144,Suburban,1,1,6735.29,0
CLM_10654,1765.03,Auto,32,1,723.65,PRV_116,Rural,27,0,1041.38,1
CLM_10655,2720.59,Health,91,2,2788.38,PRV_106,Urban,16,0,-67.79,0
CLM_10656,2696.07,Auto,84,1,3058.19,PRV_127,Urban,11,0,-362.12,0
CLM_10657,879.25,Health,24,1,642.16,PRV_137,Rural,5,1,237.08,0
CLM_10658,4939.87,Auto,12,0,3227.75,PRV_112,Rural,23,0,1712.12,0
CLM_10659,6995.72,Health,50,0,2471.95,PRV_116,Urban,7,0,4523.78,0
CLM_10660,2250.11,Property,35,1,1794.27,PRV_114,Urban,4,1,455.84,0
CLM_10661,6270.75,Property,33,1,2349.51,PRV_135,Rural,8,1,3921.24,1
CLM_10662,3838.09,Health,33,1,2176.69,PRV_127,Suburban,2,0,1661.41,0
CLM_10663,6592.84,Health,61,2,2429.14,PRV_114,Urban,3,0,4163.69,0
CLM_10664,7182.09,Health,51,0,3185.12,PRV_145,Rural,25,0,3996.96,1
CLM_10665,9041.3,Health,43,0,3981.25,PRV_110,Suburban,15,0,5060.05,0
CLM_10666,5251.11,Auto,101,2,2922.16,PRV_130,Urban,7,0,2328.95,0
CLM_10667,10670.29,Auto,12,2,4102.76,PRV_103,Urban,5,0,6567.53,0
CLM_10668,2219.91,Auto,67,2,1954.04,PRV_134,Rural,16,0,265.87,0
CLM_10669,8728.39,Property,65,1,3152.89,PRV_133,Suburban,8,0,5575.5,0
CLM_10670,10682.72,Auto,33,1,5106.61,PRV_126,Urban,5,0,5576.11,0
CLM_10671,2250.55,Health,40,2,1409.44,PRV_109,Suburban,7,0,841.11,0
CLM_10672,4052.67,Health,74,0,1371.24,PRV_129,Suburban,2,0,2681.43,0
CLM_10673,11363.48,Health,43,2,4279.97,PRV_144,Urban,2,0,7083.5,1
CLM_10674,7826.05,Health,44,0,3220.53,PRV_119,Suburban,45,0,4605.52,0
CLM_10675,2841.64,Auto,29,1,2398.5,PRV_128,Urban,34,0,443.14,0
CLM_10676,5488.2,Health,13,1,1870.33,PRV_128,Suburban,5,0,3617.87,0
CLM_10677,6987.56,Property,12,2,2964.01,PRV_122,Urban,7,0,4023.55,0
CLM_10678,6308.03,Auto,95,0,3133.58,PRV_149,Rural,17,0,3174.45,0
CLM_10679,8801.99,Auto,46,0,3138.53,PRV_120,Urban,12,1,5663.47,0
CLM_10680,1684.65,Health,2,0,1860.55,PRV_147,Urban,1,0,-175.91,0
CLM_10681,2257.04,Property,115,0,2663.05,PRV_142,Urban,4,0,-406.01,0
CLM_10682,4643.22,Auto,114,1,2431.92,PRV_109,Suburban,2,0,2211.3,1
CLM_10683,2340.23,Health,35,1,3646.44,PRV_140,Rural,49,0,-1306.21,0
CLM_10684,4146.17,Property,87,2,1919.55,PRV_111,Suburban,13,0,2226.62,0
CLM_10685,3389.33,Auto,81,0,3076.03,PRV_129,Suburban,0,1,313.3,0
CLM_10686,4493.67,Property,90,1,5634.23,PRV_132,Urban,23,0,-1140.56,0
CLM_10687,2820.85,Health,8,1,1851.27,PRV_117,Suburban,26,0,969.58,0
CLM_10688,3750.52,Health,93,2,2252.74,PRV_113,Urban,4,0,1497.79,0
CLM_10689,2691.7,Health,26,2,2906.14,PRV_121,Rural,10,0,-214.44,0
CLM_10690,301.92,Auto,74,2,500.0,PRV_120,Suburban,11,0,-198.08,0
CLM_10691,2415.04,Auto,90,1,1573.17,PRV_100,Suburban,13,0,841.87,0
CLM_10692,7941.74,Auto,34,2,3310.69,PRV_148,Suburban,11,1,4631.05,0
CLM_10693,7584.74,Auto,115,0,2824.33,PRV_142,Urban,8,0,4760.41,0
CLM_10694,3016.18,Auto,105,1,4054.71,PRV_114,Urban,30,0,-1038.53,0
CLM_10695,5003.66,Property,7,0,2761.88,PRV_135,Suburban,7,1,2241.78,1
CLM_10696,3097.68,Property,68,1,2673.86,PRV_146,Suburban,1,0,423.83,0
CLM_10697,3300.02,Health,58,0,2297.13,PRV_121,Rural,0,0,1002.89,0
CLM_10698,7529.33,Property,117,1,2657.15,PRV_131,Rural,0,1,4872.17,1
CLM_10699,2468.34,Health,114,1,1788.41,PRV_145,Rural,5,0,679.93,0
CLM_10700,4031.67,Auto,109,0,2852.53,PRV_132,Rural,3,0,1179.14,0
CLM_10701,2076.4,Auto,75,2,2028.74,PRV_140,Rural,22,0,47.65,0
CLM_10702,5188.86,Health,29,0,1789.23,PRV_138,Urban,20,0,3399.63,0
CLM_10703,3874.17,Health,36,1,2360.54,PRV_122,Rural,18,0,1513.62,0
CLM_10704,6646.85,Auto,89,1,3451.15,PRV_142,Rural,20,0,3195.7,0
CLM_10705,5131.05,Health,21,1,3142.26,PRV_101,Suburban,3,1,1988.8,0
CLM_10706,4152.82,Auto,36,2,3667.61,PRV_101,Urban,5,0,485.22,0
CLM_10707,5245.97,Health,10,1,2076.76,PRV_137,Rural,3,0,3169.21,1
CLM_10708,1706.0,Property,101,0,2986.8,PRV_128,Rural,0,0,-1280.81,0
CLM_10709,10464.35,Health,73,1,4701.79,PRV_145,Rural,25,0,5762.56,1
CLM_10710,8732.07,Property,24,0,4397.51,PRV_102,Suburban,9,0,4334.55,0
CLM_10711,1485.02,Property,64,1,1725.36,PRV_138,Suburban,1,0,-240.34,0
CLM_10712,1821.84,Property,99,0,1991.6,PRV_106,Suburban,2,1,-169.76,0
CLM_10713,10090.47,Property,49,0,4697.47,PRV_135,Rural,5,0,5393.0,0
CLM_10714,4419.18,Property,99,1,3451.55,PRV_128,Suburban,0,1,967.63,0
CLM_10715,3270.96,Health,112,1,2809.27,PRV_136,Rural,3,0,461.69,0
CLM_10716,1747.74,Auto,36,1,2697.59,PRV_148,Urban,12,1,-949.85,0
CLM_10717,7798.21,Auto,82,1,3227.46,PRV_135,Rural,25,0,4570.75,0
CLM_10718,8769.63,Health,113,2,3239.99,PRV_122,Suburban,26,0,5529.63,0
CLM_10719,6289.48,Auto,103,2,2466.84,PRV_144,Urban,7,0,3822.64,0
CLM_10720,4723.51,Auto,96,0,2836.8,PRV_115,Rural,3,0,1886.71,0
CLM_10721,4462.05,Property,24,0,2431.78,PRV_147,Urban,25,0,2030.27,0
CLM_10722,3503.65,Property,23,1,3168.74,PRV_130,Urban,15,0,334.91,0
CLM_10723,2108.9,Property,62,1,2262.43,PRV_133,Urban,8,0,-153.54,0
CLM_10724,4430.24,Auto,96,1,1732.25,PRV_149,Rural,17,1,2697.99,1
CLM_10725,11169.91,Auto,37,0,4475.38,PRV_100,Suburban,6,0,6694.54,0
CLM_10726,7160.2,Auto,12,1,2930.42,PRV_117,Rural,1,0,4229.77,0
CLM_10727,7789.59,Auto,113,1,4697.05,PRV_139,Suburban,27,0,3092.53,0
CLM_10728,2841.48,Auto,55,0,1067.72,PRV_142,Rural,7,1,1773.77,0
CLM_10729,4365.63,Auto,13,0,1550.53,PRV_114,Rural,11,0,2815.11,0
CLM_10730,4579.15,Property,23,0,3466.79,PRV_147,Rural,4,0,1112.36,0
CLM_10731,3112.23,Health,89,1,2931.27,PRV_148,Suburban,1,0,180.97,0
CLM_10732,3059.45,Auto,99,1,1842.31,PRV_116,Rural,3,0,1217.14,0
CLM_10733,3922.7,Auto,105,1,4136.5,PRV_143,Urban,0,0,-213.79,0
CLM_10734,5772.6,Health,30,4,2130.11,PRV_109,Rural,0,0,3642.5,1
CLM_10735,5646.95,Auto,17,2,4198.55,PRV_119,Urban,2,0,1448.4,0
CLM_10736,5684.61,Property,113,5,2929.57,PRV_105,Suburban,8,0,2755.05,0
CLM_10737,3834.66,Auto,62,0,1930.07,PRV_107,Suburban,49,0,1904.59,0
CLM_10738,4167.06,Auto,84,0,2331.26,PRV_144,Rural,18,0,1835.8,0
CLM_10739,3896.96,Auto,112,0,4372.15,PRV_133,Rural,0,0,-475.19,0
CLM_10740,8045.96,Auto,89,0,2702.25,PRV_131,Rural,18,0,5343.71,0
CLM_10741,3700.27,Health,86,0,3972.34,PRV_141,Urban,7,0,-272.07,0
CLM_10742,10467.63,Health,13,1,4400.44,PRV_103,Suburban,10,0,6067.19,1
CLM_10743,7235.9,Health,59,2,2919.58,PRV_143,Urban,1,0,4316.32,1
CLM_10744,2396.13,Auto,19,1,2776.81,PRV_149,Urban,5,0,-380.67,0
CLM_10745,7351.49,Health,49,0,2595.03,PRV_138,Rural,21,0,4756.46,0
CLM_10746,5763.59,Health,100,1,3352.1,PRV_119,Rural,5,0,2411.49,0
CLM_10747,9337.22,Property,12,1,4505.93,PRV_123,Urban,1,0,4831.29,0
CLM_10748,3732.91,Auto,61,0,1772.96,PRV_123,Urban,3,0,1959.95,0
CLM_10749,5673.39,Auto,105,0,3219.15,PRV_125,Rural,2,0,2454.24,0
CLM_10750,2715.55,Health,19,1,3175.88,PRV_124,Rural,11,0,-460.33,0
CLM_10751,2845.3,Health,76,2,1195.81,PRV_135,Urban,24,0,1649.48,0
CLM_10752,4128.87,Auto,9,1,2112.53,PRV_106,Rural,13,0,2016.34,0
CLM_10753,1846.32,Auto,71,1,2317.46,PRV_109,Rural,18,0,-471.14,0
CLM_10754,8472.1,Auto,28,1,3764.03,PRV_146,Urban,16,0,4708.07,1
CLM_10755,8889.85,Property,78,1,3938.95,PRV_111,Urban,0,0,4950.9,1
CLM_10756,2104.41,Auto,95,0,1124.62,PRV_100,Suburban,1,0,979.79,0
CLM_10757,2643.41,Property,52,0,3639.2,PRV_149,Urban,5,0,-995.79,0
CLM_10758,4849.35,Health,83,0,3509.93,PRV_124,Rural,1,1,1339.42,0
CLM_10759,2244.76,Property,111,0,3578.39,PRV_115,Urban,13,0,-1333.63,0
CLM_10760,5340.72,Property,16,0,3152.75,PRV_104,Urban,0,0,2187.97,0
CLM_10761,10927.38,Auto,117,1,3950.44,PRV_118,Urban,5,0,6976.94,0
CLM_10762,2109.26,Property,69,2,4171.52,PRV_103,Suburban,4,1,-2062.26,0
CLM_10763,1593.73,Auto,99,1,1366.13,PRV_105,Suburban,7,0,227.59,1
CLM_10764,7377.15,Property,12,3,2951.28,PRV_125,Rural,9,0,4425.87,0
CLM_10765,1440.44,Health,25,1,2745.51,PRV_148,Suburban,29,0,-1305.07,0
CLM_10766,1275.36,Auto,52,1,2427.25,PRV_138,Urban,3,0,-1151.89,0
CLM_10767,5159.83,Health,85,1,2545.49,PRV_138,Suburban,10,0,2614.34,0
CLM_10768,7880.91,Property,100,1,3186.78,PRV_108,Urban,0,0,4694.13,0
CLM_10769,4158.43,Auto,53,1,1703.39,PRV_144,Suburban,0,0,2455.04,0
CLM_10770,8989.15,Health,23,1,3670.62,PRV_113,Suburban,0,0,5318.53,0
CLM_10771,3689.85,Health,16,0,2630.88,PRV_147,Suburban,5,0,1058.97,0
CLM_10772,10487.93,Property,57,1,3874.65,PRV_108,Urban,8,0,6613.29,1
CLM_10773,1266.41,Auto,39,0,2380.07,PRV_114,Suburban,0,1,-1113.66,0
CLM_10774,2978.23,Auto,109,1,2325.89,PRV_136,Urban,5,0,652.35,0
CLM_10775,2759.18,Auto,53,2,2054.54,PRV_149,Urban,0,0,704.64,0
CLM_10776,2180.31,Health,42,1,2385.65,PRV_119,Rural,10,0,-205.34,0
CLM_10777,2947.33,Auto,58,1,2198.57,PRV_107,Suburban,9,0,748.76,0
CLM_10778,6748.28,Property,39,1,3434.75,PRV_131,Rural,15,0,3313.54,1
CLM_10779,7287.62,Auto,14,3,4047.11,PRV_146,Rural,7,0,3240.51,0
CLM_10780,4399.38,Health,95,0,3387.87,PRV_120,Urban,9,0,1011.51,0
CLM_10781,6936.21,Auto,5,0,2922.58,PRV_140,Suburban,3,0,4013.63,0
CLM_10782,7974.43,Auto,35,1,3486.89,PRV_118,Urban,0,0,4487.54,0
CLM_10783,3561.46,Auto,87,0,2963.58,PRV_128,Urban,13,0,597.88,0
CLM_10784,3961.59,Auto,93,0,3028.57,PRV_130,Suburban,9,0,933.02,0
CLM_10785,3282.67,Health,107,0,2693.36,PRV_105,Urban,27,0,589.31,0
CLM_10786,3154.17,Property,75,1,3836.59,PRV_103,Suburban,45,0,-682.42,1
CLM_10787,1190.98,Health,18,1,500.0,PRV_142,Suburban,18,0,690.98,0
CLM_10788,533.9,Property,111,1,867.15,PRV_128,Urban,42,0,-333.25,0
CLM_10789,3529.67,Property,76,0,4027.22,PRV_141,Urban,10,0,-497.56,0
CLM_10790,2139.78,Health,9,1,2803.47,PRV_102,Rural,0,0,-663.69,0
CLM_10791,10041.23,Property,74,2,3917.23,PRV_100,Urban,0,0,6124.0,0
CLM_10792,1459.12,Health,58,2,2391.92,PRV_143,Suburban,16,0,-932.8,0
CLM_10793,10103.7,Auto,108,0,4674.24,PRV_114,Rural,2,1,5429.45,0
CLM_10794,1750.12,Health,17,0,2863.48,PRV_146,Suburban,0,0,-1113.36,0
CLM_10795,8506.57,Auto,102,0,3449.39,PRV_120,Rural,6,0,5057.18,0
CLM_10796,7101.49,Health,7,2,2552.85,PRV_145,Urban,3,0,4548.64,1
CLM_10797,3610.85,Health,46,0,2102.87,PRV_130,Urban,8,0,1507.98,0
CLM_10798,3161.97,Auto,13,3,1259.07,PRV_106,Urban,9,0,1902.9,0
CLM_10799,8578.51,Auto,40,0,3785.7,PRV_116,Suburban,11,0,4792.8,0
CLM_10800,8451.49,Property,42,0,3395.42,PRV_118,Rural,8,0,5056.08,1
CLM_10801,7477.26,Health,9,0,3093.69,PRV_138,Suburban,4,0,4383.57,0
CLM_10802,1886.36,Auto,50,1,1861.38,PRV_102,Rural,0,0,24.98,0
CLM_10803,7722.2,Health,27,1,4415.47,PRV_129,Urban,23,0,3306.73,0
CLM_10804,9010.25,Health,66,1,3105.87,PRV_134,Suburban,3,0,5904.37,1
CLM_10805,5031.61,Health,5,0,3702.89,PRV_128,Urban,7,0,1328.72,0
CLM_10806,8769.91,Property,29,1,2997.01,PRV_149,Suburban,8,0,5772.9,1
CLM_10807,3740.73,Health,37,1,1910.58,PRV_113,Urban,3,1,1830.15,0
CLM_10808,6603.6,Auto,38,3,3992.44,PRV_134,Suburban,3,0,2611.17,0
CLM_10809,7399.81,Property,83,0,3450.77,PRV_127,Suburban,3,0,3949.04,0
CLM_10810,7158.09,Property,8,1,2818.59,PRV_129,Rural,2,1,4339.5,0
CLM_10811,5100.79,Auto,112,1,3433.67,PRV_125,Urban,0,0,1667.12,0
CLM_10812,2223.28,Auto,109,3,3817.54,PRV_106,Rural,31,0,-1594.26,0
CLM_10813,8316.05,Auto,65,2,3660.21,PRV_138,Rural,9,0,4655.84,0
CLM_10814,3724.8,Health,86,0,1288.67,PRV_130,Urban,1,0,2436.13,0
CLM_10815,3113.91,Health,116,0,1509.8,PRV_104,Suburban,8,1,1604.11,0
CLM_10816,3624.73,Health,17,2,3732.85,PRV_134,Rural,2,0,-108.12,0
CLM_10817,2581.74,Property,71,0,2303.88,PRV_149,Urban,3,0,277.86,0
CLM_10818,5413.88,Health,89,0,1951.39,PRV_146,Suburban,16,0,3462.5,0
CLM_10819,1800.38,Auto,45,1,3372.1,PRV_113,Rural,21,0,-1571.72,0
CLM_10820,3595.96,Auto,4,2,1921.06,PRV_135,Rural,12,0,1674.9,0
CLM_10821,2260.44,Auto,36,1,2520.86,PRV_126,Rural,26,0,-260.42,0
CLM_10822,4649.35,Auto,70,1,3852.27,PRV_123,Suburban,23,1,797.08,0
CLM_10823,1883.26,Health,31,0,1485.86,PRV_139,Rural,8,0,397.4,0
CLM_10824,1710.4,Property,19,1,1631.74,PRV_128,Suburban,23,0,78.66,0
CLM_10825,3445.95,Auto,61,0,1389.0,PRV_144,Rural,7,0,2056.95,0
CLM_10826,2845.77,Health,108,0,2138.84,PRV_121,Urban,1,0,706.93,0
CLM_10827,4203.94,Health,54,1,3082.72,PRV_107,Rural,17,0,1121.22,0
CLM_10828,3887.37,Auto,39,2,2381.21,PRV_114,Urban,1,0,1506.16,0
CLM_10829,12410.05,Auto,91,1,4503.35,PRV_148,Urban,3,0,7906.7,0
CLM_10830,7672.28,Auto,74,0,3455.31,PRV_104,Urban,4,0,4216.97,0
CLM_10831,1950.81,Auto,90,0,2981.18,PRV_103,Suburban,16,0,-1030.37,0
CLM_10832,2552.57,Property,19,3,4267.41,PRV_110,Urban,0,0,-1714.84,1
CLM_10833,3198.13,Auto,39,3,1669.19,PRV_117,Rural,5,0,1528.94,0
CLM_10834,10507.99,Auto,67,2,3866.57,PRV_141,Suburban,5,0,6641.42,0
CLM_10835,3615.33,Health,45,1,2763.74,PRV_148,Urban,8,0,851.59,0
CLM_10836,2848.59,Property,13,0,2544.68,PRV_129,Suburban,4,0,303.91,0
CLM_10837,8559.96,Auto,114,0,3611.07,PRV_114,Suburban,8,0,4948.89,1
CLM_10838,5188.51,Auto,92,0,2587.49,PRV_105,Suburban,42,0,2601.02,0
CLM_10839,6085.61,Auto,58,1,3181.9,PRV_115,Rural,0,0,2903.7,0
CLM_10840,2532.51,Auto,20,1,2900.09,PRV_146,Urban,20,0,-367.58,0
CLM_10841,3107.74,Auto,92,0,3306.45,PRV_139,Suburban,3,0,-198.71,0
CLM_10842,3002.65,Health,72,0,2492.92,PRV_108,Suburban,6,0,509.73,0
CLM_10843,3993.9,Auto,61,5,3926.76,PRV_142,Suburban,13,0,67.14,0
CLM_10844,2799.23,Auto,105,0,955.82,PRV_133,Urban,24,0,1843.41,0
CLM_10845,1989.85,Property,39,0,3640.89,PRV_126,Suburban,0,0,-1651.04,0
CLM_10846,2289.75,Auto,1,0,1108.76,PRV_112,Suburban,10,0,1180.99,0
CLM_10847,4030.31,Auto,3,0,2246.55,PRV_135,Rural,0,0,1783.76,0
CLM_10848,4607.7,Auto,77,0,3522.36,PRV_126,Urban,7,0,1085.34,0
CLM_10849,2681.8,Property,92,0,986.33,PRV_108,Rural,13,0,1695.47,0
CLM_10850,6888.38,Auto,62,2,3166.48,PRV_104,Urban,1,0,3721.9,1
CLM_10851,4879.26,Property,63,2,1628.65,PRV_121,Urban,14,0,3250.61,0
CLM_10852,1871.79,Health,113,1,2030.93,PRV_130,Urban,3,0,-159.14,0
CLM_10853,1428.49,Auto,25,0,1984.93,PRV_102,Rural,9,0,-556.44,0
CLM_10854,1405.67,Property,56,1,1656.67,PRV_129,Rural,10,0,-251.0,0
CLM_10855,1490.46,Auto,33,0,1270.39,PRV_120,Rural,10,0,220.07,0
CLM_10856,7819.61,Auto,38,2,5071.19,PRV_134,Rural,0,1,2748.42,0
CLM_10857,7484.79,Property,117,2,2817.53,PRV_105,Suburban,1,0,4667.26,0
CLM_10858,2130.92,Health,6,0,1762.58,PRV_127,Suburban,19,0,368.34,0
CLM_10859,6797.06,Health,58,2,2437.88,PRV_131,Suburban,28,0,4359.19,1
CLM_10860,5032.56,Auto,44,1,3036.66,PRV_141,Urban,8,0,1995.9,1
CLM_10861,5551.07,Auto,45,0,2621.31,PRV_136,Suburban,9,0,2929.77,0
CLM_10862,2012.23,Health,32,0,1733.16,PRV_124,Urban,14,0,279.07,0
CLM_10863,1869.76,Auto,45,0,2100.77,PRV_131,Rural,5,0,-231.01,0
CLM_10864,11191.11,Auto,61,1,4185.72,PRV_134,Urban,3,0,7005.39,0
CLM_10865,1235.93,Auto,47,0,1597.29,PRV_121,Urban,14,0,-361.36,0
CLM_10866,2442.43,Auto,21,0,1003.03,PRV_123,Suburban,0,0,1439.4,0
CLM_10867,5099.92,Property,80,2,2612.05,PRV_138,Rural,21,0,2487.87,0
CLM_10868,2833.99,Auto,118,0,1068.28,PRV_129,Rural,5,0,1765.71,0
CLM_10869,4796.12,Property,85,1,2090.23,PRV_149,Suburban,7,0,2705.89,0
CLM_10870,2104.95,Auto,75,2,1748.06,PRV_131,Rural,10,0,356.88,0
CLM_10871,3401.31,Health,101,0,1756.81,PRV_130,Rural,3,0,1644.5,0
CLM_10872,1635.09,Auto,36,0,3069.53,PRV_122,Rural,9,0,-1434.44,0
CLM_10873,5498.06,Auto,99,2,3257.06,PRV_139,Suburban,11,0,2241.0,0
CLM_10874,1568.86,Auto,19,2,2194.1,PRV_132,Rural,1,0,-625.24,0
CLM_10875,4568.68,Auto,20,0,2905.62,PRV_124,Urban,7,0,1663.07,1
CLM_10876,1659.74,Health,57,4,2144.28,PRV_135,Urban,3,1,-484.54,0
CLM_10877,9824.0,Property,18,0,3400.84,PRV_123,Rural,8,0,6423.16,0
CLM_10878,2751.88,Health,47,1,1522.34,PRV_130,Suburban,0,0,1229.55,0
CLM_10879,8809.01,Auto,105,1,3165.24,PRV_138,Suburban,13,0,5643.77,0
CLM_10880,1801.77,Auto,49,0,3241.08,PRV_145,Suburban,1,0,-1439.31,0
CLM_10881,11174.25,Auto,14,0,5335.98,PRV_112,Rural,11,0,5838.27,0
CLM_10882,1578.6,Health,15,1,1245.56,PRV_109,Rural,14,0,333.04,0
CLM_10883,8933.68,Health,31,2,5655.76,PRV_122,Urban,13,0,3277.92,0
CLM_10884,10078.13,Property,1,1,3756.68,PRV_117,Suburban,17,0,6321.44,0
CLM_10885,14240.83,Auto,117,1,4827.31,PRV_131,Urban,3,0,9413.52,0
CLM_10886,4359.17,Health,54,0,3905.27,PRV_132,Urban,34,0,453.91,0
CLM_10887,5903.34,Auto,118,1,2056.46,PRV_135,Suburban,0,0,3846.88,0
CLM_10888,8127.05,Health,3,2,3657.84,PRV_127,Rural,6,0,4469.21,0
CLM_10889,6719.5,Health,16,0,2334.35,PRV_115,Rural,3,0,4385.15,0
CLM_10890,5549.76,Health,87,0,2911.86,PRV_115,Urban,13,0,2637.9,0
CLM_10891,5296.86,Health,57,2,1825.31,PRV_117,Urban,16,0,3471.55,0
CLM_10892,6339.8,Auto,75,0,2321.3,PRV_107,Urban,17,0,4018.5,0
CLM_10893,3201.29,Health,12,0,3896.98,PRV_141,Urban,3,0,-695.69,0
CLM_10894,4390.18,Auto,74,0,3437.96,PRV_115,Suburban,3,0,952.23,0
CLM_10895,4457.47,Health,96,1,4024.23,PRV_110,Urban,11,0,433.24,0
CLM_10896,3092.62,Auto,16,0,1602.19,PRV_105,Urban,26,0,1490.43,0
CLM_10897,2831.8,Health,72,0,1129.56,PRV_100,Rural,2,0,1702.24,0
CLM_10898,9838.08,Property,102,1,4101.72,PRV_111,Rural,24,0,5736.37,1
CLM_10899,9331.61,Property,76,2,4027.67,PRV_137,Rural,8,0,5303.93,0
CLM_10900,4618.71,Property,24,0,3211.54,PRV_127,Suburban,13,0,1407.17,0
CLM_10901,2903.24,Health,28,0,3419.23,PRV_144,Suburban,5,0,-515.99,0
CLM_10902,3967.3,Health,117,1,3865.04,PRV_116,Rural,16,0,102.26,0
CLM_10903,7489.92,Health,8,0,3181.52,PRV_100,Rural,35,0,4308.4,1
CLM_10904,3072.78,Property,92,0,3536.67,PRV_131,Urban,1,0,-463.88,1
CLM_10905,4033.67,Auto,36,0,3814.82,PRV_107,Urban,4,1,218.84,1
CLM_10906,4538.13,Property,90,0,2906.49,PRV_139,Suburban,19,0,1631.65,0
CLM_10907,1805.74,Property,8,1,2654.41,PRV_142,Suburban,1,0,-848.66,0
CLM_10908,3489.37,Health,58,0,3382.05,PRV_145,Urban,5,0,107.31,0
CLM_10909,4603.49,Auto,60,0,5264.61,PRV_123,Rural,1,0,-661.13,0
CLM_10910,6195.02,Auto,50,2,2152.32,PRV_109,Urban,10,0,4042.71,1
CLM_10911,2514.83,Property,28,1,2569.26,PRV_146,Suburban,2,0,-54.43,0
CLM_10912,3301.01,Auto,92,2,1243.59,PRV_138,Suburban,4,0,2057.42,0
CLM_10913,2703.17,Property,101,1,3434.8,PRV_138,Urban,6,0,-731.63,0
CLM_10914,6605.41,Auto,41,1,2470.07,PRV_109,Urban,3,0,4135.34,0
CLM_10915,3197.07,Auto,100,1,1599.67,PRV_135,Urban,11,0,1597.4,0
CLM_10916,7705.92,Property,64,0,2936.41,PRV_124,Suburban,1,0,4769.51,1
CLM_10917,11993.35,Health,27,0,4494.63,PRV_149,Rural,21,0,7498.72,0
CLM_10918,5271.94,Health,118,0,2647.97,PRV_109,Urban,6,0,2623.97,0
CLM_10919,7654.77,Health,63,1,2739.49,PRV_118,Suburban,8,0,4915.28,1
CLM_10920,8749.32,Auto,17,0,4455.71,PRV_145,Suburban,9,0,4293.61,1
CLM_10921,6832.81,Health,73,0,2994.99,PRV_144,Suburban,0,0,3837.82,0
CLM_10922,2760.59,Auto,33,1,1792.36,PRV_114,Urban,14,0,968.23,0
CLM_10923,10274.49,Property,117,1,3689.0,PRV_115,Urban,29,0,6585.49,0
CLM_10924,10560.63,Property,84,0,4124.59,PRV_101,Rural,7,1,6436.04,0
CLM_10925,2566.65,Auto,77,0,2799.62,PRV_128,Suburban,4,0,-232.98,0
CLM_10926,6076.19,Health,92,1,3130.49,PRV_103,Urban,15,0,2945.7,0
CLM_10927,4630.84,Health,112,0,1688.81,PRV_149,Suburban,12,0,2942.03,0
CLM_10928,5286.61,Auto,29,1,2129.41,PRV_128,Suburban,10,1,3157.2,1
CLM_10929,7751.21,Property,13,0,2666.96,PRV_130,Rural,33,1,5084.25,1
CLM_10930,3317.71,Auto,46,2,3076.93,PRV_116,Urban,8,0,240.78,0
CLM_10931,3376.74,Auto,35,0,2380.25,PRV_109,Urban,2,0,996.49,0
CLM_10932,4648.41,Health,6,0,2629.22,PRV_126,Suburban,0,0,2019.19,0
CLM_10933,3111.09,Health,82,1,2876.18,PRV_140,Suburban,6,0,234.91,0
CLM_10934,2973.16,Health,115,0,2001.97,PRV_114,Rural,10,0,971.18,0
CLM_10935,5035.92,Health,69,1,2731.2,PRV_143,Rural,1,0,2304.72,0
CLM_10936,4065.96,Health,47,0,4155.94,PRV_130,Rural,0,0,-89.98,0
CLM_10937,2744.67,Health,25,0,2403.98,PRV_120,Rural,23,0,340.69,0
CLM_10938,1704.67,Auto,66,1,2099.07,PRV_140,Rural,3,0,-394.4,0
CLM_10939,11611.65,Auto,10,0,5085.12,PRV_145,Rural,6,0,6526.52,0
CLM_10940,4528.36,Auto,56,0,3225.6,PRV_144,Suburban,0,0,1302.76,0
CLM_10941,2340.0,Auto,30,2,2227.16,PRV_125,Rural,4,0,112.84,0
CLM_10942,6442.84,Health,114,1,3643.5,PRV_137,Suburban,5,0,2799.34,0
CLM_10943,2183.62,Auto,109,0,3256.11,PRV_135,Suburban,23,0,-1072.49,0
CLM_10944,6824.17,Auto,5,1,2429.81,PRV_116,Urban,20,0,4394.36,0
CLM_10945,3647.99,Auto,119,0,2951.05,PRV_102,Suburban,2,0,696.95,0
CLM_10946,7356.89,Property,33,1,2708.56,PRV_113,Suburban,8,0,4648.33,0
CLM_10947,6958.91,Property,118,3,3990.08,PRV_148,Rural,13,1,2968.82,0
CLM_10948,9664.91,Health,65,0,3681.34,PRV_112,Suburban,3,0,5983.57,1
CLM_10949,957.9,Property,18,3,857.06,PRV_140,Rural,5,0,100.84,0
CLM_10950,4599.79,Health,96,1,4902.91,PRV_126,Rural,41,1,-303.11,1
CLM_10951,7114.18,Health,111,1,2711.68,PRV_100,Rural,14,0,4402.5,1
CLM_10952,4874.94,Auto,49,1,4722.36,PRV_116,Urban,5,0,152.58,0
CLM_10953,8790.28,Health,11,0,3716.05,PRV_147,Rural,7,1,5074.22,0
CLM_10954,4422.33,Health,85,1,3248.23,PRV_149,Suburban,9,0,1174.1,0
CLM_10955,6888.24,Health,26,2,2905.84,PRV_133,Rural,6,1,3982.4,1
CLM_10956,15946.72,Health,63,3,5758.78,PRV_113,Rural,5,0,10187.94,0
CLM_10957,8059.81,Health,89,0,2728.35,PRV_116,Rural,4,0,5331.46,1
CLM_10958,3259.03,Health,86,1,2328.67,PRV_102,Urban,1,0,930.36,0
CLM_10959,3431.67,Property,59,0,2418.69,PRV_133,Suburban,36,0,1012.98,0
CLM_10960,8863.54,Auto,27,0,3001.06,PRV_139,Urban,0,0,5862.48,1
CLM_10961,7959.64,Health,49,1,2999.31,PRV_124,Suburban,9,0,4960.33,0
CLM_10962,2453.39,Auto,77,2,4004.02,PRV_101,Urban,32,0,-1550.64,1
CLM_10963,7267.04,Health,33,1,3758.25,PRV_133,Suburban,4,1,3508.8,0
CLM_10964,3583.22,Health,98,1,3759.49,PRV_125,Urban,2,0,-176.28,0
CLM_10965,8273.8,Auto,105,1,2771.76,PRV_130,Rural,31,0,5502.03,1
CLM_10966,3115.14,Health,99,1,3676.52,PRV_108,Urban,16,0,-561.38,0
CLM_10967,7178.3,Auto,1,0,3781.3,PRV_129,Urban,10,0,3397.0,0
CLM_10968,6317.41,Health,21,0,2920.67,PRV_119,Rural,9,0,3396.73,0
CLM_10969,9321.66,Auto,112,1,3279.2,PRV_120,Rural,4,1,6042.46,0
CLM_10970,9896.67,Health,55,0,3780.03,PRV_128,Suburban,10,0,6116.64,0
CLM_10971,3578.48,Auto,6,0,3211.17,PRV_124,Suburban,12,0,367.32,0
CLM_10972,6386.85,Health,92,0,3306.58,PRV_137,Suburban,0,0,3080.28,0
CLM_10973,12709.78,Auto,81,3,4407.1,PRV_143,Urban,1,0,8302.68,0
CLM_10974,7530.21,Property,69,2,3219.01,PRV_124,Suburban,3,0,4311.2,1
CLM_10975,5312.85,Property,95,1,2392.27,PRV_108,Urban,3,0,2920.58,0
CLM_10976,3949.28,Property,5,3,1654.32,PRV_138,Urban,23,0,2294.96,0
CLM_10977,4066.6,Health,102,3,3113.15,PRV_143,Suburban,11,0,953.45,0
CLM_10978,6199.35,Health,3,0,2668.53,PRV_125,Suburban,4,0,3530.82,1
CLM_10979,4121.12,Auto,53,0,3808.31,PRV_136,Urban,16,1,312.8,0
CLM_10980,7188.16,Auto,23,0,4577.7,PRV_115,Rural,3,0,2610.46,0
CLM_10981,5368.7,Auto,101,1,1970.29,PRV_136,Rural,46,0,3398.41,1
CLM_10982,1157.35,Health,53,0,2114.15,PRV_111,Urban,15,0,-956.81,0
CLM_10983,4570.29,Property,37,0,2975.84,PRV_123,Suburban,16,0,1594.45,0
CLM_10984,2567.6,Auto,74,0,2200.07,PRV_125,Urban,3,0,367.53,0
CLM_10985,2768.18,Property,74,1,2777.97,PRV_119,Urban,1,0,-9.8,0
CLM_10986,6397.17,Health,83,1,2463.83,PRV_108,Suburban,4,0,3933.35,0
CLM_10987,4465.06,Health,17,0,1992.22,PRV_122,Rural,4,0,2472.84,0
CLM_10988,2990.24,Auto,85,2,3825.89,PRV_138,Urban,14,0,-835.64,0
CLM_10989,5339.18,Auto,78,0,3075.28,PRV_128,Rural,1,0,2263.89,0
CLM_10990,8053.5,Health,73,2,4830.37,PRV_130,Rural,7,0,3223.13,0
CLM_10991,2876.38,Health,110,0,3359.01,PRV_118,Suburban,9,0,-482.62,0
CLM_10992,10718.79,Auto,1,0,4288.53,PRV_119,Urban,4,0,6430.25,0
CLM_10993,3217.58,Health,51,1,2271.2,PRV_122,Urban,2,0,946.38,0
CLM_10994,5432.05,Property,45,1,2258.79,PRV_142,Rural,22,0,3173.25,0
CLM_10995,5117.27,Property,77,1,5220.87,PRV_126,Rural,1,0,-103.6,0
CLM_10996,3078.96,Property,4,1,2391.08,PRV_129,Suburban,3,0,687.88,0
CLM_10997,1513.38,Auto,62,1,2050.85,PRV_120,Rural,14,0,-537.47,0
CLM_10998,1570.35,Auto,65,1,1828.75,PRV_143,Suburban,9,0,-258.41,0
CLM_10999,13311.65,Health,113,1,4915.75,PRV_134,Urban,13,0,8395.9,1
CLM_11000,2106.06,Auto,104,4,2725.3,PRV_148,Suburban,16,0,-619.24,0
CLM_11001,2516.22,Auto,32,1,3403.39,PRV_106,Rural,22,0,-887.17,0
CLM_11002,8984.45,Auto,34,0,3151.4,PRV_121,Urban,3,0,5833.06,1
CLM_11003,4814.44,Auto,92,0,2276.59,PRV_109,Suburban,6,0,2537.85,0
CLM_11004,2033.96,Auto,95,2,2703.7,PRV_122,Urban,11,0,-669.73,0
CLM_11005,11265.13,Auto,72,2,3845.68,PRV_114,Suburban,15,0,7419.45,0
CLM_11006,1539.51,Auto,39,0,1774.14,PRV_129,Rural,8,0,-234.63,0
CLM_11007,8876.29,Auto,26,3,3674.17,PRV_133,Rural,7,0,5202.12,0
CLM_11008,2603.35,Health,34,0,4434.04,PRV_112,Urban,11,0,-1830.69,0
CLM_11009,6786.75,Health,54,0,3292.38,PRV_103,Urban,4,0,3494.38,0
CLM_11010,8089.42,Health,118,0,4333.4,PRV_117,Urban,22,0,3756.02,1
CLM_11011,1661.17,Auto,3,0,1628.59,PRV_122,Suburban,2,0,32.59,0
CLM_11012,2466.11,Auto,50,3,1169.96,PRV_132,Rural,21,0,1296.16,0
CLM_11013,6623.53,Health,12,0,3242.64,PRV_133,Urban,10,0,3380.89,0
CLM_11014,6024.19,Health,65,0,2413.65,PRV_133,Urban,9,0,3610.54,0
CLM_11015,10432.66,Health,54,0,3878.76,PRV_135,Urban,6,1,6553.89,0
CLM_11016,4774.67,Auto,108,0,2689.56,PRV_134,Suburban,1,0,2085.11,0
CLM_11017,5431.23,Property,5,0,3147.19,PRV_116,Urban,20,0,2284.04,0
CLM_11018,6328.31,Auto,94,1,3080.98,PRV_127,Urban,0,1,3247.32,0
CLM_11019,7231.29,Auto,94,1,3112.88,PRV_113,Suburban,3,0,4118.4,0
CLM_11020,3416.77,Health,57,1,2457.35,PRV_133,Suburban,1,0,959.42,0
CLM_11021,2880.84,Health,17,3,1635.35,PRV_147,Urban,1,0,1245.49,0
CLM_11022,5458.06,Auto,112,0,2780.81,PRV_110,Urban,4,0,2677.25,0
CLM_11023,13220.83,Auto,47,1,4450.04,PRV_112,Suburban,1,0,8770.79,0
CLM_11024,4708.89,Health,23,2,2391.17,PRV_132,Rural,8,0,2317.72,0
CLM_11025,2529.91,Auto,79,2,2385.65,PRV_101,Suburban,9,0,144.25,0
CLM_11026,6220.49,Auto,101,3,3157.65,PRV_133,Rural,21,0,3062.84,0
CLM_11027,4646.11,Auto,85,0,1822.9,PRV_128,Urban,3,1,2823.21,0
CLM_11028,10583.26,Property,14,0,4003.49,PRV_136,Urban,3,0,6579.77,0
CLM_11029,4796.86,Auto,66,0,1918.26,PRV_103,Rural,2,0,2878.6,0
CLM_11030,7374.53,Property,75,0,2710.7,PRV_111,Suburban,15,0,4663.83,0
CLM_11031,7405.05,Health,51,0,5538.91,PRV_125,Urban,5,0,1866.15,0
CLM_11032,3285.67,Property,103,3,1857.44,PRV_127,Rural,8,1,1428.23,0
CLM_11033,10952.74,Property,38,0,4472.37,PRV_102,Suburban,4,0,6480.37,0
CLM_11034,3624.16,Auto,64,0,3121.25,PRV_119,Rural,1,0,502.91,0
CLM_11035,4661.7,Auto,98,1,3262.32,PRV_109,Suburban,1,0,1399.38,0
CLM_11036,5647.22,Auto,38,1,2190.64,PRV_117,Suburban,20,0,3456.59,1
CLM_11037,9212.78,Auto,50,0,3798.75,PRV_126,Suburban,3,0,5414.03,1
CLM_11038,7712.57,Health,98,0,2634.08,PRV_130,Suburban,28,0,5078.49,0
CLM_11039,5538.0,Auto,82,2,1852.21,PRV_126,Rural,29,0,3685.79,0
CLM_11040,4909.52,Auto,30,3,4455.66,PRV_141,Rural,6,0,453.86,0
CLM_11041,7191.86,Auto,79,0,2614.15,PRV_100,Rural,31,0,4577.71,1
CLM_11042,839.82,Property,91,2,1140.62,PRV_105,Rural,0,0,-300.79,0
CLM_11043,6212.33,Auto,51,0,2731.29,PRV_110,Rural,0,0,3481.03,0
CLM_11044,3999.42,Auto,63,0,3808.07,PRV_133,Suburban,2,0,191.35,0
CLM_11045,4563.29,Auto,98,0,3648.36,PRV_138,Urban,2,0,914.93,0
CLM_11046,6760.78,Property,52,3,2359.12,PRV_119,Urban,2,0,4401.65,0
CLM_11047,2341.83,Health,38,1,2022.52,PRV_120,Rural,6,1,319.31,1
CLM_11048,3566.54,Auto,97,2,1633.82,PRV_120,Rural,0,1,1932.72,0
CLM_11049,2814.45,Auto,88,1,2977.24,PRV_117,Urban,8,0,-162.79,0
CLM_11050,2311.18,Auto,79,0,3151.0,PRV_120,Suburban,3,0,-839.82,1
CLM_11051,5000.76,Auto,30,2,3708.96,PRV_118,Rural,0,1,1291.8,0
CLM_11052,5874.39,Property,119,0,2850.97,PRV_103,Suburban,13,0,3023.42,1
CLM_11053,3159.51,Health,106,0,2821.33,PRV_112,Urban,10,0,338.17,0
CLM_11054,3403.03,Auto,51,1,2721.51,PRV_117,Urban,15,0,681.53,0
CLM_11055,7162.39,Property,81,0,3152.7,PRV_128,Rural,28,0,4009.68,1
CLM_11056,2169.79,Auto,5,1,2866.34,PRV_124,Suburban,8,0,-696.55,0
CLM_11057,6370.54,Health,29,0,3939.09,PRV_112,Rural,15,0,2431.45,0
CLM_11058,9450.27,Property,4,2,3310.84,PRV_126,Urban,2,0,6139.42,0
CLM_11059,4638.47,Auto,10,0,3108.0,PRV_118,Suburban,5,0,1530.47,1
CLM_11060,4690.34,Health,56,0,2958.27,PRV_148,Rural,7,0,1732.07,0
CLM_11061,4827.47,Auto,17,0,2058.18,PRV_100,Rural,7,1,2769.3,1
CLM_11062,7340.99,Auto,74,0,2999.35,PRV_137,Rural,12,0,4341.64,1
CLM_11063,5704.85,Auto,17,1,2353.47,PRV_118,Urban,15,0,3351.38,0
CLM_11064,10021.81,Auto,84,3,3346.55,PRV_100,Rural,10,0,6675.26,0
CLM_11065,1894.15,Health,88,0,2791.14,PRV_139,Suburban,0,0,-897.0,0
CLM_11066,13786.0,Property,69,0,4664.31,PRV_116,Rural,4,0,9121.69,0
CLM_11067,4997.72,Health,34,1,1738.05,PRV_120,Urban,8,0,3259.67,1
CLM_11068,1315.17,Property,6,5,500.0,PRV_121,Rural,7,1,815.17,0
CLM_11069,5343.65,Property,53,0,3267.66,PRV_114,Urban,0,0,2075.99,0
CLM_11070,6309.63,Auto,66,1,2356.75,PRV_149,Urban,39,0,3952.88,0
CLM_11071,3325.69,Auto,77,2,3161.06,PRV_138,Suburban,31,0,164.63,0
CLM_11072,4374.1,Auto,107,0,1764.36,PRV_147,Suburban,14,0,2609.74,0
CLM_11073,4727.8,Health,43,1,4908.96,PRV_138,Rural,0,0,-181.16,0
CLM_11074,6634.09,Property,112,2,2613.49,PRV_131,Urban,5,0,4020.6,0
CLM_11075,4667.36,Auto,75,0,2292.05,PRV_148,Urban,5,0,2375.31,0
CLM_11076,3643.8,Health,115,1,4890.49,PRV_103,Suburban,8,0,-1246.69,0
CLM_11077,10516.01,Health,111,0,3840.34,PRV_143,Suburban,0,1,6675.66,0
CLM_11078,8537.13,Health,23,0,4389.51,PRV_144,Rural,5,0,4147.62,0
CLM_11079,6053.3,Auto,55,4,2827.82,PRV_131,Urban,14,0,3225.47,0
CLM_11080,3683.03,Auto,80,1,3046.91,PRV_103,Suburban,62,0,636.12,0
CLM_11081,6438.58,Auto,95,1,2403.27,PRV_100,Rural,9,0,4035.31,0
CLM_11082,4259.81,Auto,75,1,2286.53,PRV_132,Urban,28,0,1973.28,0
CLM_11083,5276.79,Auto,118,0,3398.24,PRV_106,Urban,65,0,1878.55,0
CLM_11084,4830.74,Health,16,0,2631.55,PRV_108,Suburban,5,0,2199.2,0
CLM_11085,11790.09,Auto,8,0,5220.82,PRV_100,Rural,11,0,6569.27,0
CLM_11086,8598.11,Property,4,0,3842.53,PRV_115,Suburban,2,0,4755.59,1
CLM_11087,6806.99,Health,104,1,4883.26,PRV_117,Rural,6,0,1923.73,0
CLM_11088,1128.55,Health,4,0,771.32,PRV_146,Urban,0,0,357.23,0
CLM_11089,9328.69,Auto,56,0,4895.42,PRV_105,Rural,0,0,4433.27,1
CLM_11090,1728.93,Health,25,0,615.05,PRV_101,Rural,22,0,1113.87,0
CLM_11091,4110.47,Property,67,1,1739.09,PRV_108,Rural,19,0,2371.38,0
CLM_11092,1841.14,Auto,96,1,1247.35,PRV_103,Rural,3,0,593.79,0
CLM_11093,4354.06,Auto,67,1,3243.05,PRV_144,Rural,6,0,1111.01,0
CLM_11094,5394.35,Health,27,0,2981.8,PRV_122,Suburban,6,0,2412.55,0
CLM_11095,10151.33,Auto,93,0,3794.92,PRV_142,Rural,7,0,6356.41,0
CLM_11096,1518.94,Auto,32,0,2911.54,PRV_144,Rural,1,0,-1392.59,0
CLM_11097,9617.24,Auto,50,0,4225.1,PRV_142,Urban,14,0,5392.14,0
CLM_11098,2555.77,Auto,61,0,2067.31,PRV_107,Rural,4,0,488.46,0
CLM_11099,4337.35,Health,51,0,4248.16,PRV_138,Urban,0,0,89.18,0
CLM_11100,1574.73,Auto,19,0,2969.26,PRV_124,Suburban,11,0,-1394.53,0
CLM_11101,14682.97,Property,21,2,5355.86,PRV_115,Suburban,17,0,9327.1,0
CLM_11102,10766.31,Health,5,1,3871.91,PRV_134,Rural,25,0,6894.4,0
CLM_11103,1762.17,Health,82,0,2696.34,PRV_116,Suburban,11,1,-934.16,1
CLM_11104,5352.13,Health,92,0,2965.93,PRV_117,Rural,2,1,2386.2,0
CLM_11105,1754.84,Property,42,1,1990.88,PRV_126,Suburban,8,0,-236.05,0
CLM_11106,8051.44,Auto,61,1,3359.36,PRV_114,Rural,24,0,4692.08,0
CLM_11107,5832.31,Property,22,0,2695.8,PRV_116,Rural,4,0,3136.51,1
CLM_11108,4628.5,Health,21,1,3724.17,PRV_142,Urban,30,0,904.33,0
CLM_11109,1316.97,Health,70,0,1662.0,PRV_104,Urban,1,0,-345.03,0
CLM_11110,6884.24,Health,1,1,2670.33,PRV_115,Urban,13,1,4213.91,1
CLM_11111,4022.61,Auto,5,1,1840.48,PRV_114,Urban,1,0,2182.13,1
CLM_11112,983.77,Auto,105,2,1902.66,PRV_141,Rural,16,0,-918.89,0
CLM_11113,7463.37,Health,12,2,3606.05,PRV_145,Suburban,1,0,3857.32,0
CLM_11114,10417.43,Auto,90,0,4124.51,PRV_133,Rural,3,0,6292.92,1
CLM_11115,1319.5,Health,46,0,667.45,PRV_147,Urban,14,1,652.05,1
CLM_11116,7593.2,Auto,34,0,4861.87,PRV_118,Urban,6,0,2731.32,0
CLM_11117,8631.11,Auto,49,0,4404.09,PRV_107,Suburban,21,0,4227.02,0
CLM_11118,3388.12,Auto,78,1,1653.32,PRV_146,Urban,5,0,1734.8,0
CLM_11119,8036.7,Auto,90,0,3826.84,PRV_109,Rural,52,0,4209.86,1
CLM_11120,7410.19,Health,45,1,2539.81,PRV_104,Rural,0,0,4870.38,1
CLM_11121,2746.99,Auto,27,1,2901.9,PRV_147,Rural,11,0,-154.9,0
CLM_11122,7412.07,Property,73,0,3602.05,PRV_125,Rural,24,0,3810.01,0
CLM_11123,3375.54,Health,26,0,3480.0,PRV_121,Rural,7,1,-104.46,0
CLM_11124,2487.42,Auto,47,1,2427.0,PRV_143,Suburban,44,0,60.41,0
CLM_11125,5265.02,Health,86,1,2422.77,PRV_122,Rural,12,0,2842.26,0
CLM_11126,6923.86,Property,111,2,2481.77,PRV_112,Urban,5,0,4442.09,0
CLM_11127,3718.65,Health,56,0,4142.83,PRV_108,Urban,7,0,-424.18,0
CLM_11128,3307.75,Auto,94,2,1138.18,PRV_148,Urban,20,0,2169.56,0
CLM_11129,3685.06,Property,107,1,2838.09,PRV_119,Urban,31,0,846.97,0
CLM_11130,6759.53,Health,63,0,4572.55,PRV_127,Suburban,8,0,2186.98,0
CLM_11131,3274.82,Auto,48,0,3703.7,PRV_143,Urban,3,0,-428.88,0
CLM_11132,8262.31,Auto,61,1,4050.96,PRV_136,Suburban,2,0,4211.34,0
CLM_11133,5678.36,Health,81,1,2851.94,PRV_123,Urban,6,0,2826.42,1
CLM_11134,2948.72,Auto,26,1,1836.44,PRV_143,Suburban,3,0,1112.28,0
CLM_11135,5164.81,Property,36,0,3055.69,PRV_132,Suburban,5,0,2109.12,0
CLM_11136,4754.88,Auto,1,0,2311.06,PRV_119,Suburban,17,0,2443.81,1
CLM_11137,10245.56,Property,8,0,5230.69,PRV_147,Urban,6,0,5014.88,0
CLM_11138,4079.89,Health,113,2,2841.82,PRV_129,Suburban,10,1,1238.06,0
CLM_11139,9858.55,Auto,99,0,3637.46,PRV_143,Rural,0,0,6221.1,0
CLM_11140,10200.2,Auto,52,1,4702.39,PRV_108,Rural,14,0,5497.81,1
CLM_11141,1928.97,Health,79,1,1903.25,PRV_144,Urban,6,0,25.72,0
CLM_11142,936.18,Health,47,3,720.27,PRV_148,Rural,4,0,215.91,0
CLM_11143,8619.27,Health,56,1,3490.01,PRV_116,Rural,9,1,5129.26,1
CLM_11144,2800.36,Auto,86,0,3678.33,PRV_135,Rural,1,1,-877.97,0
CLM_11145,6143.02,Auto,14,0,2585.9,PRV_113,Urban,5,0,3557.12,0
CLM_11146,2575.91,Auto,90,1,1843.75,PRV_118,Urban,16,0,732.16,0
CLM_11147,6219.9,Health,28,0,3309.82,PRV_106,Rural,3,1,2910.08,1
CLM_11148,3575.66,Auto,87,2,2976.25,PRV_102,Urban,24,0,599.4,0
CLM_11149,9854.12,Auto,78,1,3322.2,PRV_132,Suburban,9,0,6531.92,0
CLM_11150,5161.63,Health,88,2,1867.04,PRV_143,Rural,7,0,3294.59,1
CLM_11151,9379.66,Property,2,1,3324.8,PRV_131,Urban,5,0,6054.87,0
CLM_11152,3674.16,Auto,109,2,3819.54,PRV_146,Urban,13,0,-145.38,0
CLM_11153,3891.0,Auto,26,0,1494.11,PRV_110,Rural,8,1,2396.89,0
CLM_11154,8200.44,Health,14,1,4460.42,PRV_141,Urban,15,0,3740.03,1
CLM_11155,7386.55,Health,59,1,3254.49,PRV_101,Rural,4,0,4132.06,0
CLM_11156,4019.46,Auto,56,1,3850.94,PRV_125,Urban,12,0,168.52,0
CLM_11157,3923.97,Property,115,1,1721.07,PRV_103,Suburban,28,0,2202.9,0
CLM_11158,10258.46,Property,7,0,3682.58,PRV_116,Rural,3,0,6575.87,0
CLM_11159,1584.01,Auto,3,3,1355.36,PRV_116,Suburban,39,0,228.65,1
CLM_11160,2222.87,Auto,111,2,2051.75,PRV_127,Rural,5,0,171.12,0
CLM_11161,2483.54,Health,23,1,3263.37,PRV_129,Urban,0,0,-779.83,0
CLM_11162,3179.01,Health,110,0,2724.05,PRV_139,Suburban,4,0,454.96,0
CLM_11163,5569.02,Auto,107,1,3027.5,PRV_122,Urban,1,0,2541.53,0
CLM_11164,12721.48,Health,111,1,4927.39,PRV_145,Rural,3,0,7794.09,0
CLM_11165,3605.14,Health,109,0,3011.81,PRV_123,Rural,1,0,593.33,0
CLM_11166,7615.5,Auto,18,1,3709.7,PRV_128,Rural,1,0,3905.8,1
CLM_11167,4983.5,Health,38,1,2933.23,PRV_103,Rural,1,0,2050.26,0
CLM_11168,3546.61,Property,99,1,2903.62,PRV_137,Rural,0,0,643.0,0
CLM_11169,3590.39,Auto,115,1,2021.73,PRV_128,Suburban,3,0,1568.66,0
CLM_11170,3098.36,Auto,15,0,3368.12,PRV_118,Rural,28,0,-269.77,0
CLM_11171,11618.66,Auto,64,2,5535.48,PRV_126,Urban,29,1,6083.18,1
CLM_11172,2436.81,Property,89,0,3087.86,PRV_128,Suburban,18,0,-651.05,0
CLM_11173,6360.91,Property,119,0,2732.99,PRV_135,Urban,0,0,3627.91,1
CLM_11174,3909.46,Auto,101,0,4140.14,PRV_134,Rural,0,0,-230.68,0
CLM_11175,12049.89,Health,28,1,4022.8,PRV_105,Urban,0,0,8027.09,1
CLM_11176,8801.17,Health,74,1,3439.06,PRV_122,Suburban,4,0,5362.11,0
CLM_11177,3659.54,Health,39,0,2691.63,PRV_138,Suburban,39,0,967.91,0
CLM_11178,6488.15,Auto,57,0,4144.43,PRV_145,Suburban,22,1,2343.72,0
CLM_11179,3582.76,Auto,17,0,3120.93,PRV_143,Urban,2,0,461.83,0
CLM_11180,9462.64,Auto,103,1,3913.76,PRV_147,Suburban,5,1,5548.88,0
CLM_11181,3165.98,Health,86,1,2180.7,PRV_107,Urban,17,1,985.28,1
CLM_11182,5762.85,Auto,90,0,2413.29,PRV_101,Rural,14,0,3349.56,0
CLM_11183,1690.91,Property,44,0,3096.88,PRV_112,Rural,1,0,-1405.97,0
CLM_11184,1480.75,Auto,25,0,1764.79,PRV_139,Urban,1,0,-284.04,0
CLM_11185,3714.85,Auto,17,0,2630.1,PRV_120,Suburban,7,0,1084.75,0
CLM_11186,1328.66,Health,13,1,1720.46,PRV_130,Urban,1,0,-391.8,0
CLM_11187,2914.6,Health,84,2,1455.25,PRV_147,Urban,17,0,1459.35,0
CLM_11188,3408.8,Auto,25,0,5435.99,PRV_135,Urban,2,0,-2027.19,0
CLM_11189,6334.8,Auto,68,2,2391.03,PRV_147,Rural,2,0,3943.77,0
CLM_11190,5957.63,Property,10,0,2478.97,PRV_137,Urban,2,0,3478.66,1
CLM_11191,3205.4,Auto,67,0,3080.22,PRV_126,Rural,0,0,125.18,0
CLM_11192,3313.42,Auto,105,2,1938.26,PRV_135,Urban,10,0,1375.16,0
CLM_11193,4071.11,Property,109,0,2498.33,PRV_147,Rural,1,1,1572.78,0
CLM_11194,11177.93,Auto,18,0,4834.41,PRV_122,Urban,2,0,6343.53,0
CLM_11195,5049.82,Auto,111,0,3358.1,PRV_120,Urban,13,0,1691.72,0
CLM_11196,2321.25,Auto,100,1,3986.08,PRV_112,Suburban,0,1,-1664.83,0
CLM_11197,5416.69,Auto,111,0,4573.59,PRV_136,Suburban,2,0,843.09,0
CLM_11198,5347.3,Auto,86,1,3210.65,PRV_146,Urban,1,0,2136.65,0
CLM_11199,8159.06,Auto,34,1,2778.75,PRV_125,Urban,0,0,5380.31,0
CLM_11200,4233.13,Auto,111,0,1566.15,PRV_139,Urban,7,0,2666.98,0
CLM_11201,2495.45,Auto,8,1,2617.11,PRV_106,Urban,2,1,-121.66,0
CLM_11202,6549.49,Health,40,0,2837.5,PRV_145,Suburban,10,0,3711.99,0
CLM_11203,6231.86,Auto,113,0,2192.72,PRV_138,Rural,6,0,4039.13,1
CLM_11204,2372.52,Auto,108,0,4545.23,PRV_121,Urban,11,0,-2172.7,0
CLM_11205,9444.98,Property,83,1,4102.29,PRV_138,Suburban,39,0,5342.68,0
CLM_11206,6569.5,Health,42,2,3985.54,PRV_122,Urban,2,0,2583.96,0
CLM_11207,6346.06,Auto,41,0,2883.8,PRV_129,Urban,10,0,3462.26,0
CLM_11208,3961.42,Property,101,0,1966.97,PRV_117,Rural,17,0,1994.45,0
CLM_11209,12818.09,Auto,6,0,4328.0,PRV_141,Urban,31,0,8490.08,0
CLM_11210,4075.94,Auto,52,0,3335.36,PRV_117,Urban,9,0,740.58,0
CLM_11211,9302.0,Health,26,1,3773.08,PRV_145,Rural,1,0,5528.91,0
CLM_11212,3932.67,Health,64,1,3619.25,PRV_109,Rural,0,0,313.43,0
CLM_11213,5260.65,Auto,98,0,3310.63,PRV_138,Rural,3,0,1950.03,0
CLM_11214,14691.13,Auto,59,0,4999.62,PRV_129,Rural,26,0,9691.52,0
CLM_11215,5658.19,Health,56,0,2342.61,PRV_125,Suburban,7,0,3315.59,0
CLM_11216,3470.28,Auto,59,0,2691.07,PRV_106,Suburban,8,0,779.21,0
CLM_11217,9507.06,Property,109,1,4641.16,PRV_106,Suburban,9,0,4865.9,1
CLM_11218,1923.92,Auto,70,0,3082.06,PRV_104,Urban,4,0,-1158.15,0
CLM_11219,3351.13,Property,101,1,2874.07,PRV_100,Rural,2,0,477.06,0
CLM_11220,6307.03,Health,33,0,2746.99,PRV_145,Rural,30,0,3560.04,1
CLM_11221,7083.52,Property,53,3,3679.3,PRV_117,Suburban,14,0,3404.22,0
CLM_11222,4638.68,Health,22,2,2770.72,PRV_112,Urban,7,1,1867.97,0
CLM_11223,5920.87,Health,21,4,2658.45,PRV_124,Urban,4,0,3262.42,0
CLM_11224,5480.11,Auto,70,1,3662.82,PRV_139,Urban,6,0,1817.3,0
CLM_11225,1748.9,Auto,70,3,3093.26,PRV_107,Suburban,0,0,-1344.36,0
CLM_11226,3189.99,Auto,119,1,1990.55,PRV_109,Urban,2,0,1199.44,0
CLM_11227,8354.18,Property,112,2,3032.02,PRV_131,Urban,2,0,5322.17,0
CLM_11228,11608.32,Property,4,0,4394.53,PRV_116,Urban,5,0,7213.79,0
CLM_11229,5732.65,Auto,94,1,3765.31,PRV_137,Rural,2,0,1967.35,0
CLM_11230,2509.98,Auto,75,0,4517.98,PRV_114,Suburban,2,0,-2008.0,1
CLM_11231,4743.33,Auto,62,0,2268.7,PRV_114,Rural,14,0,2474.63,0
CLM_11232,9577.19,Health,62,0,4070.23,PRV_147,Rural,22,0,5506.96,0
CLM_11233,2905.51,Auto,94,3,2351.48,PRV_139,Suburban,0,0,554.03,1
CLM_11234,2990.19,Health,95,1,1767.61,PRV_119,Rural,2,0,1222.58,0
CLM_11235,6546.08,Property,24,1,2196.94,PRV_114,Urban,14,0,4349.15,0
CLM_11236,6077.62,Auto,55,0,3131.41,PRV_134,Urban,16,0,2946.21,0
CLM_11237,5549.26,Auto,9,1,4027.95,PRV_105,Urban,6,0,1521.31,0
CLM_11238,6848.33,Auto,119,2,3310.42,PRV_129,Urban,11,0,3537.91,1
CLM_11239,2704.54,Auto,3,1,2846.72,PRV_107,Suburban,0,0,-142.18,0
CLM_11240,1964.11,Auto,115,0,1967.79,PRV_130,Rural,18,0,-3.68,0
CLM_11241,10420.55,Auto,31,0,3705.33,PRV_147,Rural,17,0,6715.22,0
CLM_11242,4352.06,Property,40,0,3963.62,PRV_146,Urban,11,0,388.44,0
CLM_11243,4211.82,Auto,101,0,3298.28,PRV_131,Urban,24,0,913.54,0
CLM_11244,3621.6,Auto,36,0,1947.68,PRV_144,Rural,0,0,1673.92,0
CLM_11245,10471.02,Property,24,0,3808.71,PRV_114,Suburban,2,0,6662.31,0
CLM_11246,10372.06,Health,95,0,4227.24,PRV_117,Rural,4,0,6144.82,0
CLM_11247,2762.69,Auto,6,1,4533.02,PRV_112,Urban,1,0,-1770.33,0
CLM_11248,5720.53,Health,66,0,2562.3,PRV_123,Urban,16,0,3158.23,1
CLM_11249,6048.42,Auto,84,0,3436.3,PRV_139,Suburban,14,0,2612.12,0
CLM_11250,4163.89,Health,92,0,2465.47,PRV_113,Rural,14,0,1698.42,0
CLM_11251,4630.84,Health,75,3,2077.64,PRV_127,Suburban,3,0,2553.2,0
CLM_11252,4540.03,Health,4,2,4583.2,PRV_110,Suburban,14,0,-43.17,0
CLM_11253,10528.74,Auto,79,1,3564.57,PRV_105,Urban,1,1,6964.17,1
CLM_11254,9071.72,Property,6,1,4292.75,PRV_124,Rural,1,0,4778.97,1
CLM_11255,2510.35,Auto,118,1,1775.17,PRV_100,Urban,8,0,735.17,0
CLM_11256,6578.5,Auto,113,3,3288.42,PRV_124,Rural,0,0,3290.08,1
CLM_11257,3652.76,Auto,94,1,3508.3,PRV_101,Urban,27,0,144.46,0
CLM_11258,4519.05,Auto,102,1,2167.82,PRV_131,Urban,3,0,2351.23,0
CLM_11259,2560.5,Auto,51,0,4487.84,PRV_112,Rural,6,0,-1927.33,0
CLM_11260,3726.69,Property,62,0,2754.48,PRV_132,Rural,16,0,972.21,0
CLM_11261,8180.94,Property,57,0,3453.64,PRV_131,Urban,5,0,4727.31,0
CLM_11262,6173.21,Auto,66,1,2449.74,PRV_123,Rural,5,0,3723.47,0
CLM_11263,2044.47,Auto,79,1,1805.59,PRV_126,Urban,4,0,238.88,0
CLM_11264,7233.38,Auto,75,1,3913.06,PRV_103,Rural,4,1,3320.32,0
CLM_11265,6154.07,Auto,8,1,3379.07,PRV_123,Urban,6,0,2775.0,0
CLM_11266,5029.52,Auto,26,1,3237.25,PRV_122,Urban,29,0,1792.27,0
CLM_11267,2915.31,Property,51,2,2721.83,PRV_128,Urban,27,1,193.47,0
CLM_11268,7568.67,Auto,45,1,3351.83,PRV_133,Suburban,7,0,4216.84,1
CLM_11269,4824.71,Auto,44,0,4266.24,PRV_120,Rural,6,0,558.47,0
CLM_11270,6433.37,Auto,5,0,2316.19,PRV_129,Urban,16,0,4117.18,1
CLM_11271,6484.16,Property,70,0,3560.27,PRV_125,Suburban,11,0,2923.89,0
CLM_11272,8570.49,Health,26,2,3202.49,PRV_119,Urban,21,0,5368.0,0
CLM_11273,3454.32,Property,118,1,2815.59,PRV_115,Suburban,13,0,638.73,0
CLM_11274,3410.08,Health,68,0,1354.44,PRV_102,Urban,30,0,2055.64,0
CLM_11275,2343.07,Auto,19,1,2988.01,PRV_148,Urban,21,0,-644.93,0
CLM_11276,8877.17,Auto,84,1,3672.69,PRV_136,Suburban,19,0,5204.48,1
CLM_11277,4877.48,Health,97,2,3323.97,PRV_139,Suburban,4,0,1553.51,0
CLM_11278,2615.18,Auto,20,1,1561.33,PRV_143,Rural,4,0,1053.86,0
CLM_11279,3894.63,Health,113,0,4247.06,PRV_124,Rural,13,1,-352.43,1
CLM_11280,2540.41,Auto,12,0,4647.92,PRV_122,Suburban,0,0,-2107.51,0
CLM_11281,6259.37,Auto,47,0,2890.5,PRV_143,Rural,3,1,3368.86,1
CLM_11282,10459.08,Health,1,0,5311.08,PRV_100,Suburban,26,0,5148.0,0
CLM_11283,4462.6,Health,90,1,2170.45,PRV_132,Rural,5,0,2292.15,0
CLM_11284,1965.5,Health,14,4,1727.9,PRV_114,Urban,3,0,237.59,0
CLM_11285,2180.11,Auto,64,1,1985.18,PRV_116,Rural,6,0,194.93,0
CLM_11286,8358.64,Health,38,1,3245.14,PRV_133,Urban,3,0,5113.5,1
CLM_11287,2935.79,Auto,37,0,1221.65,PRV_116,Urban,14,0,1714.14,0
CLM_11288,3608.69,Auto,11,1,2689.09,PRV_140,Rural,19,0,919.6,0
CLM_11289,12430.0,Auto,100,2,5934.55,PRV_143,Suburban,15,0,6495.45,1
CLM_11290,3845.73,Auto,77,0,1496.18,PRV_103,Urban,1,1,2349.56,0
CLM_11291,6676.95,Auto,107,0,2452.89,PRV_112,Urban,4,0,4224.06,1
CLM_11292,1010.47,Auto,3,0,1963.93,PRV_103,Rural,2,0,-953.46,0
CLM_11293,6879.34,Auto,33,0,2715.18,PRV_106,Suburban,0,0,4164.16,1
CLM_11294,3648.88,Auto,6,1,2651.84,PRV_145,Suburban,13,0,997.04,0
CLM_11295,5350.56,Auto,50,1,2330.44,PRV_108,Rural,5,1,3020.12,1
CLM_11296,4062.23,Auto,10,2,2843.7,PRV_122,Suburban,3,0,1218.53,0
CLM_11297,7323.17,Auto,5,2,3633.21,PRV_132,Rural,3,0,3689.97,1
CLM_11298,9283.58,Health,23,0,4385.35,PRV_132,Rural,1,0,4898.24,0
CLM_11299,4107.26,Auto,10,0,2715.57,PRV_119,Rural,17,0,1391.68,1
CLM_11300,5356.2,Auto,44,1,3005.79,PRV_103,Urban,1,0,2350.41,0
CLM_11301,8020.15,Auto,2,1,3463.26,PRV_100,Urban,4,1,4556.89,0
CLM_11302,2982.88,Health,13,0,1764.22,PRV_141,Urban,0,0,1218.66,0
CLM_11303,1523.19,Property,40,4,2847.35,PRV_133,Rural,5,1,-1324.16,0
CLM_11304,1327.71,Health,2,1,2494.47,PRV_126,Urban,4,0,-1166.76,0
CLM_11305,8509.61,Health,84,0,3951.93,PRV_120,Urban,12,0,4557.67,0
CLM_11306,12440.72,Auto,65,0,4751.83,PRV_123,Urban,12,0,7688.9,1
CLM_11307,5475.5,Health,63,1,2222.94,PRV_114,Rural,0,0,3252.57,0
CLM_11308,5461.27,Health,101,1,4279.99,PRV_134,Rural,1,0,1181.28,1
CLM_11309,2586.57,Auto,73,0,1541.63,PRV_124,Rural,23,0,1044.95,0
CLM_11310,3474.02,Auto,17,0,3200.67,PRV_108,Urban,15,0,273.34,0
CLM_11311,9691.56,Auto,9,0,3260.0,PRV_116,Suburban,4,0,6431.57,0
CLM_11312,1745.42,Property,75,2,1516.09,PRV_120,Urban,1,0,229.33,0
CLM_11313,3345.64,Health,15,2,2171.57,PRV_112,Urban,3,0,1174.07,0
CLM_11314,4569.27,Health,24,2,2074.28,PRV_102,Rural,10,0,2494.99,0
CLM_11315,4542.41,Auto,38,0,1688.6,PRV_103,Rural,29,0,2853.81,0
CLM_11316,314.34,Auto,119,0,500.0,PRV_103,Urban,9,0,-185.66,0
CLM_11317,3498.06,Auto,35,0,2792.75,PRV_142,Urban,0,0,705.31,0
CLM_11318,5600.57,Auto,94,0,2913.23,PRV_127,Suburban,10,0,2687.35,0
CLM_11319,5943.76,Property,95,2,2905.37,PRV_106,Suburban,28,0,3038.39,0
CLM_11320,2542.11,Health,49,0,3765.71,PRV_125,Rural,4,0,-1223.6,0
CLM_11321,2294.49,Auto,69,1,1062.17,PRV_110,Suburban,27,0,1232.32,0
CLM_11322,4766.91,Property,62,4,2618.95,PRV_123,Suburban,11,0,2147.96,0
CLM_11323,14283.96,Auto,60,0,5559.98,PRV_142,Rural,2,0,8723.99,0
CLM_11324,4102.37,Property,108,2,3886.76,PRV_109,Suburban,1,0,215.61,0
CLM_11325,3844.07,Auto,50,0,3892.46,PRV_136,Urban,1,0,-48.39,0
CLM_11326,4925.48,Auto,78,1,1983.41,PRV_112,Suburban,12,0,2942.07,0
CLM_11327,6336.34,Auto,117,0,2804.1,PRV_143,Rural,8,0,3532.24,1
CLM_11328,1735.77,Auto,75,1,700.14,PRV_141,Urban,6,0,1035.63,0
CLM_11329,8801.77,Auto,9,0,3585.48,PRV_138,Suburban,3,0,5216.29,0
CLM_11330,3344.23,Health,34,1,4400.3,PRV_118,Urban,23,0,-1056.06,0
CLM_11331,1854.75,Property,76,0,1550.2,PRV_118,Urban,2,0,304.55,0
CLM_11332,2117.67,Health,99,0,1841.12,PRV_111,Suburban,3,0,276.56,0
CLM_11333,8418.56,Auto,35,1,2967.97,PRV_121,Suburban,0,0,5450.59,0
CLM_11334,5419.46,Health,1,0,3153.29,PRV_146,Rural,3,0,2266.17,0
CLM_11335,1911.66,Auto,40,0,2458.27,PRV_136,Rural,25,0,-546.61,0
CLM_11336,2673.87,Auto,64,2,2184.63,PRV_129,Urban,2,0,489.24,0
CLM_11337,5882.98,Health,22,2,2195.34,PRV_145,Rural,2,1,3687.64,0
CLM_11338,7724.65,Health,60,2,2950.97,PRV_111,Urban,9,0,4773.68,0
CLM_11339,9864.92,Auto,64,0,3586.14,PRV_128,Urban,8,0,6278.78,0
CLM_11340,4341.43,Auto,93,1,2950.7,PRV_120,Rural,1,0,1390.73,0
CLM_11341,6005.37,Property,72,0,2855.14,PRV_110,Rural,1,0,3150.23,0
CLM_11342,1483.23,Auto,11,2,1240.75,PRV_136,Rural,1,0,242.48,0
CLM_11343,3681.68,Auto,105,0,3867.06,PRV_147,Suburban,19,0,-185.37,1
CLM_11344,1635.75,Health,101,0,2948.61,PRV_117,Urban,10,0,-1312.86,0
CLM_11345,2713.59,Auto,14,2,2563.37,PRV_143,Urban,30,1,150.22,0
CLM_11346,6545.87,Auto,60,1,3255.14,PRV_126,Urban,1,0,3290.73,1
CLM_11347,5952.22,Auto,30,2,2156.19,PRV_136,Rural,6,0,3796.03,1
CLM_11348,2154.01,Health,35,2,2584.14,PRV_147,Rural,13,0,-430.13,0
CLM_11349,8685.8,Health,85,0,3107.59,PRV_111,Rural,2,0,5578.21,0
CLM_11350,3165.2,Health,37,0,2321.45,PRV_122,Rural,11,0,843.76,0
CLM_11351,2122.32,Property,5,0,1354.32,PRV_133,Rural,6,0,768.0,0
CLM_11352,1682.97,Health,83,1,1191.53,PRV_137,Suburban,5,0,491.44,0
CLM_11353,5242.75,Auto,78,2,3445.73,PRV_122,Rural,10,0,1797.02,0
CLM_11354,3408.24,Auto,26,0,2968.89,PRV_124,Urban,6,0,439.35,0
CLM_11355,6590.21,Health,62,2,2933.53,PRV_103,Rural,17,0,3656.68,0
CLM_11356,4403.32,Health,4,2,1838.2,PRV_129,Urban,26,0,2565.13,0
CLM_11357,7620.79,Health,89,2,2979.45,PRV_129,Rural,8,0,4641.34,1
CLM_11358,3517.77,Health,109,1,2599.55,PRV_112,Rural,3,1,918.22,0
CLM_11359,5787.61,Auto,42,0,2399.94,PRV_141,Urban,15,0,3387.67,0
CLM_11360,6125.39,Auto,89,1,2924.95,PRV_148,Urban,1,0,3200.45,0
CLM_11361,9542.48,Auto,18,1,3296.43,PRV_113,Urban,0,0,6246.05,1
CLM_11362,7419.17,Auto,40,1,4749.9,PRV_146,Urban,7,0,2669.27,0
CLM_11363,10627.33,Auto,72,3,3565.29,PRV_107,Suburban,10,0,7062.04,0
CLM_11364,9069.07,Health,39,0,3857.56,PRV_123,Urban,18,0,5211.51,0
CLM_11365,10018.21,Health,104,2,4104.66,PRV_117,Rural,31,0,5913.55,1
CLM_11366,1261.68,Auto,14,0,2235.98,PRV_134,Rural,20,0,-974.3,0
CLM_11367,4671.03,Auto,32,1,2679.12,PRV_124,Suburban,44,0,1991.91,0
CLM_11368,3814.83,Auto,51,1,2095.09,PRV_116,Urban,6,0,1719.74,0
CLM_11369,1394.38,Auto,38,1,2318.18,PRV_131,Rural,3,0,-923.79,0
CLM_11370,3292.69,Health,97,4,2571.76,PRV_123,Suburban,6,0,720.94,0
CLM_11371,6628.62,Health,23,1,2294.34,PRV_106,Rural,10,0,4334.27,1
CLM_11372,5046.62,Health,63,1,3224.1,PRV_112,Suburban,7,0,1822.52,0
CLM_11373,3318.72,Health,15,1,3432.84,PRV_126,Suburban,10,0,-114.13,0
CLM_11374,3020.74,Health,97,0,1693.86,PRV_147,Urban,21,0,1326.88,0
CLM_11375,1570.86,Auto,25,0,2687.92,PRV_104,Suburban,1,0,-1117.06,0
CLM_11376,4830.9,Auto,17,0,2698.87,PRV_135,Rural,1,0,2132.03,0
CLM_11377,3033.3,Auto,97,0,1527.59,PRV_125,Rural,6,0,1505.7,0
CLM_11378,3114.52,Property,111,2,2233.85,PRV_141,Urban,40,0,880.67,0
CLM_11379,9321.23,Auto,119,0,3873.45,PRV_144,Urban,0,0,5447.78,1
CLM_11380,3240.13,Auto,66,1,3860.58,PRV_130,Suburban,43,0,-620.45,1
CLM_11381,3694.96,Property,78,1,1370.81,PRV_109,Urban,34,0,2324.15,0
CLM_11382,10029.63,Property,53,1,3472.13,PRV_145,Rural,3,0,6557.51,0
CLM_11383,769.58,Health,104,0,1529.71,PRV_125,Rural,22,0,-760.14,0
CLM_11384,6773.83,Auto,104,1,2598.52,PRV_121,Urban,0,1,4175.31,1
CLM_11385,5123.99,Auto,51,2,2902.68,PRV_111,Urban,6,0,2221.31,0
CLM_11386,6205.27,Auto,39,1,3752.78,PRV_131,Urban,5,1,2452.49,0
CLM_11387,3098.62,Auto,51,1,2825.41,PRV_126,Suburban,23,0,273.21,0
CLM_11388,3214.19,Auto,70,2,1986.14,PRV_132,Suburban,6,0,1228.05,0
CLM_11389,5223.11,Auto,6,0,1816.06,PRV_119,Rural,5,0,3407.05,0
CLM_11390,3253.43,Property,67,3,3167.99,PRV_138,Suburban,10,0,85.44,0
CLM_11391,2242.22,Auto,7,0,2366.2,PRV_140,Suburban,4,0,-123.98,1
CLM_11392,2862.72,Health,51,2,2591.31,PRV_139,Suburban,7,0,271.42,0
CLM_11393,7462.83,Health,72,0,3970.46,PRV_112,Suburban,31,0,3492.36,0
CLM_11394,9706.16,Auto,42,2,3434.9,PRV_113,Rural,2,0,6271.26,0
CLM_11395,8874.29,Health,64,3,4586.9,PRV_143,Urban,6,0,4287.39,1
CLM_11396,2197.24,Auto,116,1,1981.8,PRV_139,Rural,0,0,215.43,0
CLM_11397,3667.88,Auto,15,1,2290.81,PRV_121,Suburban,18,0,1377.08,0
CLM_11398,4699.12,Health,111,1,3183.69,PRV_117,Urban,0,0,1515.44,0
CLM_11399,2970.42,Auto,29,1,4818.8,PRV_147,Urban,0,0,-1848.38,0
CLM_11400,3917.65,Property,33,0,2205.13,PRV_128,Urban,21,1,1712.52,0
CLM_11401,2476.35,Auto,116,0,3038.41,PRV_142,Rural,5,0,-562.06,0
CLM_11402,11259.44,Health,94,0,4321.23,PRV_115,Urban,11,0,6938.21,0
CLM_11403,5710.69,Auto,103,1,3049.92,PRV_145,Rural,19,0,2660.77,0
CLM_11404,10498.31,Auto,27,0,4020.0,PRV_134,Rural,4,0,6478.3,0
CLM_11405,14327.7,Auto,36,0,4957.49,PRV_133,Suburban,3,0,9370.21,1
CLM_11406,9417.37,Health,29,1,3295.12,PRV_102,Suburban,1,0,6122.24,0
CLM_11407,2597.57,Property,38,0,3458.48,PRV_103,Urban,9,0,-860.91,0
CLM_11408,10712.47,Property,57,1,3742.95,PRV_104,Urban,2,0,6969.52,0
CLM_11409,5216.79,Auto,97,1,2095.63,PRV_109,Suburban,10,0,3121.16,0
CLM_11410,3711.27,Health,101,0,1518.43,PRV_128,Rural,3,0,2192.84,0
CLM_11411,2290.89,Health,27,2,3158.45,PRV_131,Rural,4,0,-867.56,0
CLM_11412,2253.25,Health,55,0,2374.87,PRV_130,Suburban,2,0,-121.62,0
CLM_11413,11906.63,Auto,33,2,4052.76,PRV_101,Rural,5,0,7853.87,0
CLM_11414,3425.08,Health,68,1,3314.3,PRV_111,Suburban,1,0,110.78,0
CLM_11415,3723.57,Property,86,2,4035.81,PRV_126,Suburban,3,0,-312.24,0
CLM_11416,2528.26,Auto,66,1,1798.35,PRV_104,Urban,15,0,729.91,0
CLM_11417,11137.84,Property,10,2,4001.54,PRV_136,Urban,2,0,7136.3,1
CLM_11418,1185.44,Health,5,2,701.24,PRV_126,Suburban,29,0,484.2,1
CLM_11419,5267.84,Auto,74,0,1880.39,PRV_122,Urban,6,0,3387.45,1
CLM_11420,4852.11,Auto,97,0,3632.24,PRV_132,Suburban,1,0,1219.88,0
CLM_11421,2663.07,Auto,118,0,2497.44,PRV_103,Rural,28,0,165.63,0
CLM_11422,4507.87,Health,38,1,2593.7,PRV_120,Rural,6,0,1914.17,0
CLM_11423,6334.69,Property,13,1,3107.23,PRV_123,Rural,8,0,3227.46,0
CLM_11424,6538.95,Auto,31,0,4421.96,PRV_143,Rural,2,0,2117.0,1
CLM_11425,1471.87,Property,47,2,1078.23,PRV_130,Suburban,4,0,393.64,0
CLM_11426,4440.53,Property,100,2,4248.71,PRV_143,Rural,12,0,191.82,0
CLM_11427,5115.18,Auto,109,1,4307.46,PRV_147,Rural,1,0,807.72,0
CLM_11428,5447.44,Property,88,1,2495.63,PRV_123,Rural,8,1,2951.81,1
CLM_11429,3284.06,Property,52,0,2305.12,PRV_148,Rural,11,0,978.95,0
CLM_11430,2015.67,Health,56,1,2882.03,PRV_109,Suburban,0,0,-866.36,0
CLM_11431,1930.72,Health,15,1,2283.83,PRV_148,Rural,18,0,-353.11,0
CLM_11432,4786.2,Property,29,2,3344.78,PRV_148,Urban,0,0,1441.42,0
CLM_11433,9769.15,Health,8,2,3475.01,PRV_149,Urban,2,0,6294.14,1
CLM_11434,2093.33,Auto,5,1,1446.09,PRV_101,Urban,33,0,647.23,1
CLM_11435,1355.11,Property,29,0,2079.64,PRV_130,Urban,0,0,-724.54,0
CLM_11436,2803.93,Health,47,0,1814.86,PRV_124,Urban,17,0,989.07,0
CLM_11437,6982.44,Health,68,1,3214.69,PRV_103,Urban,10,1,3767.76,0
CLM_11438,7682.67,Auto,76,1,3872.33,PRV_110,Suburban,9,0,3810.34,1
CLM_11439,2306.11,Health,45,1,1926.56,PRV_116,Urban,8,1,379.55,0
CLM_11440,8581.77,Auto,2,0,3865.28,PRV_143,Rural,1,0,4716.5,0
CLM_11441,4309.28,Property,27,0,2075.2,PRV_101,Urban,11,0,2234.08,0
CLM_11442,3459.93,Auto,95,2,3718.62,PRV_105,Suburban,30,0,-258.7,0
CLM_11443,2459.21,Auto,115,3,2716.27,PRV_108,Urban,0,1,-257.06,0
CLM_11444,4778.79,Auto,115,0,2558.3,PRV_104,Rural,4,1,2220.5,0
CLM_11445,8900.45,Auto,36,0,4142.45,PRV_119,Rural,6,0,4758.0,0
CLM_11446,13907.17,Health,36,0,4787.69,PRV_128,Suburban,2,0,9119.48,0
CLM_11447,1645.4,Property,26,1,1058.25,PRV_120,Suburban,13,1,587.15,0
CLM_11448,8683.09,Property,43,1,3599.44,PRV_108,Suburban,11,0,5083.66,1
CLM_11449,2514.23,Auto,27,0,3177.33,PRV_127,Suburban,1,0,-663.1,0
CLM_11450,9964.15,Auto,69,3,3657.88,PRV_107,Urban,8,0,6306.27,0
CLM_11451,3252.21,Property,20,1,1561.49,PRV_130,Urban,4,0,1690.73,0
CLM_11452,3970.39,Property,11,1,1915.68,PRV_119,Rural,2,0,2054.71,0
CLM_11453,1993.5,Auto,74,2,2328.57,PRV_126,Suburban,18,0,-335.07,0
CLM_11454,1924.5,Auto,104,2,3213.07,PRV_107,Suburban,0,0,-1288.57,0
CLM_11455,5109.74,Auto,38,1,2267.35,PRV_120,Urban,6,0,2842.4,0
CLM_11456,2121.88,Property,6,0,2676.98,PRV_127,Suburban,6,0,-555.09,0
CLM_11457,3131.17,Health,72,2,3830.53,PRV_122,Rural,8,0,-699.36,1
CLM_11458,4891.04,Auto,23,0,5048.81,PRV_105,Rural,2,0,-157.77,0
CLM_11459,2798.22,Auto,47,0,3759.2,PRV_102,Suburban,20,1,-960.98,0
CLM_11460,7963.79,Property,90,1,3859.4,PRV_104,Rural,33,0,4104.39,0
CLM_11461,4382.26,Auto,46,0,2818.15,PRV_108,Rural,7,0,1564.11,0
CLM_11462,2457.95,Auto,107,0,2109.4,PRV_106,Urban,2,0,348.56,0
CLM_11463,4283.48,Health,12,0,2674.04,PRV_103,Rural,20,0,1609.44,0
CLM_11464,7679.9,Auto,90,2,2942.1,PRV_138,Suburban,44,0,4737.81,0
CLM_11465,5184.18,Auto,13,0,1839.86,PRV_104,Suburban,13,0,3344.31,0
CLM_11466,6557.01,Property,104,2,3815.12,PRV_110,Rural,4,0,2741.89,0
CLM_11467,8663.25,Property,62,0,4519.45,PRV_114,Suburban,2,0,4143.8,0
CLM_11468,3568.93,Property,82,3,3122.42,PRV_133,Urban,1,0,446.51,0
CLM_11469,7285.99,Property,89,1,4084.07,PRV_112,Rural,2,0,3201.92,0
CLM_11470,9975.24,Health,97,2,4208.43,PRV_147,Rural,2,0,5766.81,1
CLM_11471,3400.73,Property,111,1,1965.35,PRV_106,Rural,34,0,1435.38,0
CLM_11472,1584.28,Auto,104,3,1262.19,PRV_139,Suburban,10,0,322.09,0
CLM_11473,4889.64,Health,60,0,2500.98,PRV_105,Suburban,1,0,2388.65,0
CLM_11474,8874.78,Property,43,0,3095.88,PRV_138,Rural,6,0,5778.9,0
CLM_11475,4906.45,Auto,76,0,1803.87,PRV_149,Suburban,2,0,3102.58,0
CLM_11476,10715.52,Auto,108,0,4422.22,PRV_129,Suburban,9,0,6293.29,0
CLM_11477,5891.67,Auto,100,2,4948.8,PRV_121,Rural,4,0,942.87,0
CLM_11478,3509.51,Auto,112,2,3179.2,PRV_124,Rural,2,0,330.31,0
CLM_11479,5239.95,Auto,68,0,2018.2,PRV_127,Suburban,2,0,3221.74,0
CLM_11480,3323.46,Property,5,0,3486.3,PRV_119,Rural,11,0,-162.83,0
CLM_11481,4058.39,Property,37,1,2015.06,PRV_138,Rural,5,0,2043.33,0
CLM_11482,6617.87,Auto,72,2,4143.09,PRV_102,Rural,7,0,2474.77,0
CLM_11483,4623.42,Auto,106,3,2768.57,PRV_104,Rural,17,0,1854.85,1
CLM_11484,6099.12,Auto,113,0,3727.25,PRV_100,Suburban,10,0,2371.87,0
CLM_11485,10729.73,Property,92,0,3901.9,PRV_114,Rural,6,0,6827.83,0
CLM_11486,2539.32,Auto,31,1,3537.96,PRV_125,Urban,30,0,-998.64,0
CLM_11487,11758.65,Auto,9,0,4785.28,PRV_102,Rural,2,0,6973.37,1
CLM_11488,8223.88,Auto,118,1,3178.27,PRV_139,Urban,3,0,5045.61,0
CLM_11489,7133.85,Auto,51,1,2496.8,PRV_140,Rural,24,0,4637.05,0
CLM_11490,1464.78,Auto,29,0,897.81,PRV_146,Urban,19,1,566.97,0
CLM_11491,1253.18,Property,78,0,716.04,PRV_141,Urban,1,0,537.15,0
CLM_11492,10602.73,Health,40,0,3652.04,PRV_133,Rural,26,0,6950.69,1
CLM_11493,4635.75,Health,41,0,2816.16,PRV_104,Rural,0,0,1819.6,0
CLM_11494,3842.44,Auto,86,1,2184.6,PRV_130,Rural,17,0,1657.83,0
CLM_11495,2509.71,Health,11,1,1886.09,PRV_112,Urban,3,0,623.61,0
CLM_11496,2166.27,Health,23,0,3740.95,PRV_142,Suburban,2,0,-1574.69,0
CLM_11497,3191.33,Auto,1,1,2016.46,PRV_100,Suburban,5,0,1174.87,0
CLM_11498,9899.09,Health,46,1,4630.66,PRV_121,Rural,22,0,5268.43,1
CLM_11499,11905.22,Auto,101,0,5350.99,PRV_114,Suburban,15,0,6554.24,0
CLM_11500,1084.15,Property,21,0,2099.96,PRV_125,Suburban,34,0,-1015.81,0
CLM_11501,9184.22,Auto,90,1,3669.83,PRV_117,Rural,7,0,5514.4,1
CLM_11502,5954.81,Property,110,2,3440.02,PRV_147,Urban,7,1,2514.79,0
CLM_11503,3625.98,Auto,36,1,2012.35,PRV_108,Rural,0,0,1613.63,0
CLM_11504,5861.03,Health,54,2,2018.01,PRV_100,Suburban,1,0,3843.02,0
CLM_11505,3484.98,Health,87,1,2877.41,PRV_142,Urban,6,0,607.57,0
CLM_11506,4475.55,Health,57,0,1861.61,PRV_108,Suburban,13,0,2613.94,0
CLM_11507,7924.52,Auto,1,3,4091.26,PRV_122,Urban,17,0,3833.26,1
CLM_11508,6201.75,Auto,63,1,2753.89,PRV_142,Suburban,3,0,3447.86,0
CLM_11509,2902.77,Health,54,1,1879.37,PRV_144,Rural,12,0,1023.4,0
CLM_11510,3487.45,Auto,55,0,2911.01,PRV_101,Suburban,17,0,576.43,0
CLM_11511,6465.97,Auto,115,1,3466.42,PRV_113,Suburban,4,0,2999.55,0
CLM_11512,3270.77,Health,40,1,2275.55,PRV_137,Urban,11,0,995.22,0
CLM_11513,1064.58,Health,15,0,1006.91,PRV_139,Suburban,5,0,57.67,0
CLM_11514,8122.59,Auto,21,1,3126.37,PRV_117,Rural,42,0,4996.22,0
CLM_11515,3012.52,Auto,47,2,1783.0,PRV_115,Rural,0,0,1229.52,0
CLM_11516,5776.61,Auto,73,0,2206.25,PRV_128,Rural,5,0,3570.35,1
CLM_11517,5845.72,Health,53,0,3469.11,PRV_143,Urban,3,0,2376.61,0
CLM_11518,4563.68,Health,9,1,2412.1,PRV_110,Urban,18,0,2151.58,0
CLM_11519,8542.93,Property,74,1,2858.89,PRV_105,Suburban,3,0,5684.04,0
CLM_11520,12819.27,Property,52,0,4453.05,PRV_102,Suburban,7,0,8366.22,0
CLM_11521,3122.54,Auto,57,0,2647.96,PRV_113,Suburban,13,0,474.58,0
CLM_11522,13415.14,Auto,117,0,5021.32,PRV_101,Urban,6,0,8393.83,0
CLM_11523,5520.15,Auto,26,1,3739.91,PRV_131,Urban,5,0,1780.23,0
CLM_11524,1402.78,Auto,41,1,2068.63,PRV_130,Suburban,0,0,-665.85,0
CLM_11525,4894.49,Property,35,0,2523.65,PRV_110,Urban,0,1,2370.85,0
CLM_11526,5112.4,Health,63,1,1737.36,PRV_121,Urban,31,0,3375.04,1
CLM_11527,10678.79,Auto,116,3,3637.46,PRV_102,Rural,10,0,7041.33,0
CLM_11528,3529.51,Auto,25,2,4324.51,PRV_149,Rural,17,0,-795.0,0
CLM_11529,6414.06,Health,90,1,2641.61,PRV_130,Suburban,6,0,3772.46,1
CLM_11530,2854.58,Health,75,2,1138.61,PRV_132,Suburban,3,0,1715.97,1
CLM_11531,4778.12,Auto,38,2,3360.47,PRV_123,Rural,3,0,1417.65,0
CLM_11532,4589.23,Property,2,1,2138.02,PRV_100,Urban,0,0,2451.21,0
CLM_11533,3938.56,Health,7,1,2289.33,PRV_143,Suburban,15,1,1649.23,0
CLM_11534,3542.45,Auto,82,0,3311.53,PRV_114,Suburban,8,1,230.92,0
CLM_11535,10170.14,Property,91,2,4231.98,PRV_136,Suburban,6,0,5938.15,1
CLM_11536,4326.16,Auto,34,0,3739.5,PRV_126,Urban,19,0,586.66,0
CLM_11537,4633.67,Property,91,1,3429.5,PRV_137,Rural,5,0,1204.16,0
CLM_11538,2771.81,Property,17,0,2842.75,PRV_147,Suburban,29,0,-70.94,0
CLM_11539,3859.94,Health,43,1,1679.56,PRV_126,Rural,0,0,2180.37,0
CLM_11540,5513.43,Health,59,3,3347.94,PRV_143,Rural,41,0,2165.48,0
CLM_11541,5979.72,Auto,108,1,3717.73,PRV_111,Urban,16,1,2261.99,0
CLM_11542,4837.27,Property,51,1,2404.92,PRV_102,Urban,4,0,2432.35,0
CLM_11543,2352.26,Health,54,1,2633.64,PRV_129,Urban,9,0,-281.38,0
CLM_11544,11283.67,Health,24,2,4110.05,PRV_131,Urban,19,0,7173.62,0
CLM_11545,4335.72,Property,25,1,2607.52,PRV_122,Urban,6,0,1728.2,0
CLM_11546,3865.75,Property,71,0,2729.44,PRV_101,Urban,0,0,1136.31,0
CLM_11547,2377.98,Property,52,1,2911.6,PRV_106,Suburban,23,0,-533.62,0
CLM_11548,3371.89,Auto,70,1,3665.56,PRV_133,Rural,7,0,-293.66,0
CLM_11549,9224.29,Property,117,1,3293.33,PRV_131,Urban,7,0,5930.96,0
CLM_11550,5284.56,Health,88,0,3219.26,PRV_138,Suburban,0,0,2065.29,0
CLM_11551,10415.77,Property,33,1,4517.87,PRV_131,Rural,1,0,5897.9,0
CLM_11552,1816.68,Health,49,0,2590.48,PRV_142,Urban,15,0,-773.8,0
CLM_11553,4321.63,Auto,29,0,2049.47,PRV_142,Urban,5,0,2272.16,0
CLM_11554,11277.15,Auto,63,3,4022.1,PRV_113,Suburban,62,0,7255.05,1
CLM_11555,4038.37,Health,107,0,3230.93,PRV_102,Rural,11,0,807.44,0
CLM_11556,4695.79,Health,22,2,2410.75,PRV_145,Urban,29,0,2285.04,0
CLM_11557,7525.83,Auto,26,0,2640.13,PRV_131,Rural,3,0,4885.7,0
CLM_11558,3967.04,Health,28,0,1726.07,PRV_142,Suburban,1,0,2240.97,0
CLM_11559,2119.38,Auto,114,1,3231.68,PRV_135,Urban,4,0,-1112.3,0
CLM_11560,2226.08,Property,85,2,1538.58,PRV_116,Rural,3,0,687.5,0
CLM_11561,2630.56,Auto,49,0,3682.03,PRV_147,Suburban,9,0,-1051.47,0
CLM_11562,6573.8,Auto,71,0,2477.6,PRV_102,Suburban,13,0,4096.2,0
CLM_11563,3298.91,Auto,81,2,1605.97,PRV_109,Urban,5,0,1692.94,0
CLM_11564,11844.96,Auto,84,2,4097.25,PRV_146,Rural,0,0,7747.71,0
CLM_11565,2887.81,Auto,105,0,5256.39,PRV_139,Urban,0,0,-2368.58,0
CLM_11566,5354.38,Auto,49,0,3437.32,PRV_117,Urban,2,0,1917.06,0
CLM_11567,2065.55,Auto,20,0,2714.58,PRV_102,Rural,13,0,-649.03,0
CLM_11568,2807.39,Property,118,1,2039.93,PRV_138,Rural,2,1,767.46,0
CLM_11569,2951.04,Property,86,0,3261.83,PRV_109,Rural,24,0,-310.8,0
CLM_11570,4807.7,Auto,92,1,3636.73,PRV_108,Suburban,10,0,1170.97,0
CLM_11571,7662.03,Property,63,0,3006.89,PRV_145,Suburban,19,1,4655.14,0
CLM_11572,3512.7,Auto,61,1,3895.44,PRV_145,Rural,4,0,-382.73,0
CLM_11573,7602.12,Health,104,0,4513.89,PRV_110,Suburban,41,0,3088.23,1
CLM_11574,4879.76,Health,49,1,1740.31,PRV_132,Urban,11,0,3139.45,0
CLM_11575,9872.1,Auto,71,0,3294.05,PRV_135,Rural,4,0,6578.05,0
CLM_11576,1235.51,Auto,1,2,1096.67,PRV_125,Urban,2,0,138.84,0
CLM_11577,6205.74,Auto,96,1,2185.95,PRV_126,Rural,20,0,4019.79,1
CLM_11578,4290.76,Auto,13,0,3719.86,PRV_137,Urban,3,0,570.89,0
CLM_11579,4529.67,Health,94,0,2953.19,PRV_121,Rural,0,0,1576.48,0
CLM_11580,3743.36,Auto,87,0,1389.1,PRV_125,Urban,3,0,2354.26,0
CLM_11581,9984.81,Auto,51,2,4049.91,PRV_121,Rural,1,0,5934.9,0
CLM_11582,6495.0,Auto,56,4,2456.77,PRV_104,Rural,3,1,4038.23,0
CLM_11583,9629.69,Auto,83,0,3850.89,PRV_134,Suburban,9,0,5778.8,0
CLM_11584,3820.58,Health,62,0,3512.68,PRV_101,Urban,6,0,307.9,0
CLM_11585,4110.53,Auto,32,0,2166.87,PRV_134,Suburban,12,0,1943.66,0
CLM_11586,5660.7,Property,30,0,3868.91,PRV_108,Urban,4,0,1791.79,0
CLM_11587,5473.32,Auto,29,3,3318.62,PRV_148,Suburban,1,0,2154.7,0
CLM_11588,2809.57,Auto,49,1,3175.05,PRV_117,Rural,1,0,-365.48,0
CLM_11589,3264.61,Health,45,1,2531.85,PRV_142,Suburban,15,0,732.76,0
CLM_11590,5016.62,Auto,93,1,1897.28,PRV_111,Suburban,1,1,3119.35,0
CLM_11591,7082.87,Health,30,2,2581.32,PRV_102,Rural,16,0,4501.55,0
CLM_11592,5184.07,Health,16,0,2559.55,PRV_117,Suburban,2,0,2624.52,0
CLM_11593,6723.65,Auto,40,0,3851.62,PRV_137,Rural,11,0,2872.03,0
CLM_11594,3083.15,Auto,19,1,1351.02,PRV_106,Urban,9,0,1732.14,0
CLM_11595,9040.38,Auto,18,2,4470.71,PRV_132,Suburban,1,0,4569.67,0
CLM_11596,13392.09,Auto,1,0,4525.6,PRV_105,Rural,10,0,8866.49,0
CLM_11597,2300.54,Auto,78,1,2359.0,PRV_117,Rural,5,0,-58.45,0
CLM_11598,7142.05,Auto,115,0,4401.57,PRV_144,Suburban,12,0,2740.47,0
CLM_11599,5575.6,Auto,47,0,1994.42,PRV_121,Urban,18,0,3581.18,0
CLM_11600,11501.65,Health,114,0,4127.13,PRV_138,Suburban,0,0,7374.52,1
CLM_11601,3790.23,Health,66,1,2180.34,PRV_108,Rural,10,0,1609.89,0
CLM_11602,3376.08,Health,118,2,4033.44,PRV_134,Urban,1,0,-657.36,0
CLM_11603,3964.95,Auto,92,0,1562.61,PRV_122,Suburban,4,1,2402.34,0
CLM_11604,8014.28,Auto,113,2,4082.85,PRV_111,Rural,0,1,3931.43,0
CLM_11605,10433.75,Property,114,1,4288.58,PRV_123,Suburban,3,1,6145.17,0
CLM_11606,2534.86,Health,94,0,1530.43,PRV_149,Urban,1,0,1004.43,0
CLM_11607,4803.45,Property,38,1,4757.26,PRV_139,Urban,8,0,46.19,0
CLM_11608,2250.25,Auto,51,1,4018.5,PRV_108,Urban,7,1,-1768.24,1
CLM_11609,1901.66,Health,63,1,1002.01,PRV_112,Urban,15,1,899.65,0
CLM_11610,2265.6,Health,4,0,2510.04,PRV_139,Urban,10,0,-244.44,0
CLM_11611,3907.76,Auto,1,1,4037.6,PRV_141,Suburban,12,0,-129.84,0
CLM_11612,5922.59,Auto,8,1,3723.11,PRV_116,Urban,0,0,2199.48,0
CLM_11613,4995.02,Health,29,0,3111.79,PRV_106,Urban,0,1,1883.23,0
CLM_11614,4658.44,Auto,55,0,3927.96,PRV_116,Rural,34,0,730.47,0
CLM_11615,1764.14,Auto,103,1,2125.97,PRV_149,Urban,5,0,-361.83,0
CLM_11616,8722.72,Health,3,0,3047.36,PRV_123,Rural,5,0,5675.35,0
CLM_11617,1786.23,Property,32,3,2154.42,PRV_101,Rural,0,0,-368.19,0
CLM_11618,4316.42,Auto,10,1,3134.81,PRV_134,Rural,1,0,1181.61,0
CLM_11619,5049.98,Auto,74,0,4001.03,PRV_127,Suburban,28,0,1048.95,0
CLM_11620,10081.05,Auto,83,1,3781.56,PRV_118,Suburban,11,0,6299.49,1
CLM_11621,4915.41,Health,110,0,3222.89,PRV_132,Rural,5,0,1692.52,0
CLM_11622,3232.09,Auto,34,0,3989.69,PRV_120,Suburban,23,0,-757.61,0
CLM_11623,2148.96,Property,97,0,4088.18,PRV_109,Urban,8,0,-1939.22,0
CLM_11624,11057.22,Auto,87,0,4797.32,PRV_145,Suburban,13,0,6259.9,0
CLM_11625,9527.89,Auto,55,0,4167.47,PRV_144,Urban,5,0,5360.42,0
CLM_11626,5647.2,Health,92,0,3656.42,PRV_108,Urban,5,0,1990.77,0
CLM_11627,3209.31,Property,32,0,3934.09,PRV_137,Suburban,0,0,-724.78,0
CLM_11628,4635.32,Auto,50,2,3243.56,PRV_105,Suburban,13,1,1391.76,0
CLM_11629,5371.3,Auto,7,1,2720.05,PRV_141,Rural,1,0,2651.25,1
CLM_11630,8740.24,Property,93,1,3867.61,PRV_134,Suburban,14,0,4872.64,1
CLM_11631,2613.45,Auto,8,1,3757.12,PRV_117,Suburban,2,0,-1143.67,0
CLM_11632,6224.33,Property,65,0,3291.96,PRV_118,Suburban,2,0,2932.37,0
CLM_11633,3339.3,Auto,57,0,2805.41,PRV_104,Urban,24,1,533.9,0
CLM_11634,5618.6,Health,119,1,2749.95,PRV_124,Urban,6,0,2868.65,0
CLM_11635,5494.44,Health,67,0,2591.29,PRV_110,Urban,1,0,2903.15,0
CLM_11636,11816.01,Auto,88,0,4255.71,PRV_109,Rural,23,0,7560.3,1
CLM_11637,6376.05,Property,87,1,4178.43,PRV_116,Rural,6,0,2197.63,0
CLM_11638,7625.77,Auto,59,1,4135.5,PRV_135,Rural,1,0,3490.27,1
CLM_11639,2280.37,Auto,72,1,1948.14,PRV_125,Urban,4,1,332.23,1
CLM_11640,3212.14,Health,54,0,2640.71,PRV_130,Suburban,8,0,571.43,0
CLM_11641,1686.94,Auto,111,4,2742.61,PRV_131,Rural,4,0,-1055.67,0
CLM_11642,2908.95,Health,101,2,2393.86,PRV_120,Rural,25,0,515.09,0
CLM_11643,3207.23,Auto,67,0,4862.6,PRV_117,Urban,3,0,-1655.36,0
CLM_11644,9894.64,Auto,51,0,3400.46,PRV_117,Rural,1,0,6494.17,0
CLM_11645,6859.13,Auto,97,0,3328.61,PRV_100,Suburban,2,0,3530.52,1
CLM_11646,2363.97,Auto,92,0,2534.08,PRV_113,Urban,0,0,-170.11,0
CLM_11647,3058.45,Auto,111,3,3862.09,PRV_107,Urban,6,0,-803.64,0
CLM_11648,7399.53,Health,8,0,5191.54,PRV_101,Suburban,21,1,2207.99,0
CLM_11649,3910.09,Property,34,1,3080.95,PRV_114,Suburban,3,0,829.14,1
CLM_11650,3314.63,Property,35,2,2766.49,PRV_133,Suburban,2,0,548.14,0
CLM_11651,4860.15,Auto,96,0,2909.41,PRV_135,Rural,18,0,1950.73,0
CLM_11652,7450.55,Auto,88,0,2677.95,PRV_100,Suburban,3,0,4772.6,0
CLM_11653,5754.87,Auto,78,0,2997.13,PRV_120,Urban,6,0,2757.74,0
CLM_11654,4306.7,Auto,32,0,2388.53,PRV_141,Suburban,0,0,1918.17,0
CLM_11655,5318.23,Health,46,6,2113.45,PRV_100,Urban,3,0,3204.78,0
CLM_11656,1519.35,Auto,107,0,2978.76,PRV_131,Urban,1,0,-1459.41,1
CLM_11657,3060.96,Auto,16,0,3081.1,PRV_119,Rural,1,1,-20.14,0
CLM_11658,4746.05,Property,68,0,2726.89,PRV_146,Suburban,5,0,2019.16,1
CLM_11659,10087.36,Auto,116,0,4456.98,PRV_135,Rural,3,0,5630.38,0
CLM_11660,5849.27,Auto,37,1,3415.49,PRV_138,Suburban,1,0,2433.78,0
CLM_11661,3402.98,Auto,54,0,3742.46,PRV_129,Suburban,7,0,-339.48,0
CLM_11662,10647.33,Auto,85,0,3769.02,PRV_106,Suburban,15,0,6878.3,0
CLM_11663,4103.3,Property,14,0,3104.65,PRV_121,Suburban,13,1,998.65,0
CLM_11664,7951.8,Auto,95,0,3218.65,PRV_149,Suburban,2,0,4733.15,0
CLM_11665,5838.6,Auto,55,0,2139.83,PRV_144,Urban,3,0,3698.77,0
CLM_11666,4994.52,Auto,48,0,3655.98,PRV_109,Urban,13,0,1338.54,1
CLM_11667,6968.79,Auto,82,0,2666.69,PRV_107,Suburban,8,1,4302.11,1
CLM_11668,5374.13,Auto,7,1,2360.25,PRV_126,Urban,13,0,3013.88,1
CLM_11669,11876.45,Property,74,1,4301.97,PRV_109,Rural,0,0,7574.48,1
CLM_11670,1881.69,Property,7,0,1667.76,PRV_113,Rural,0,0,213.93,0
CLM_11671,13346.46,Health,33,1,4719.08,PRV_145,Rural,16,0,8627.39,0
CLM_11672,3077.51,Auto,23,0,4639.93,PRV_110,Suburban,19,0,-1562.42,0
CLM_11673,6900.45,Property,85,2,2777.76,PRV_105,Suburban,4,1,4122.69,1
CLM_11674,7604.46,Health,19,2,4785.2,PRV_120,Urban,31,1,2819.26,1
CLM_11675,1994.94,Auto,112,2,2111.66,PRV_132,Urban,3,0,-116.72,0
CLM_11676,2789.9,Health,19,1,3994.09,PRV_118,Urban,22,0,-1204.19,0
CLM_11677,4446.37,Auto,36,1,3016.8,PRV_138,Rural,5,0,1429.57,0
CLM_11678,1758.55,Auto,29,0,1193.61,PRV_123,Rural,8,0,564.95,0
CLM_11679,2546.41,Health,60,3,2368.99,PRV_117,Rural,10,0,177.42,0
CLM_11680,2935.09,Auto,82,0,2825.5,PRV_134,Rural,1,0,109.6,0
CLM_11681,5663.92,Health,2,1,3779.01,PRV_142,Urban,0,0,1884.91,0
CLM_11682,3848.17,Auto,1,1,2522.92,PRV_136,Suburban,5,0,1325.25,0
CLM_11683,4379.09,Property,47,0,2726.85,PRV_118,Suburban,1,0,1652.23,0
CLM_11684,9461.15,Property,69,0,3540.98,PRV_123,Rural,7,0,5920.17,1
CLM_11685,7074.33,Property,20,0,3488.1,PRV_133,Suburban,6,0,3586.24,1
CLM_11686,1602.7,Auto,11,0,2908.27,PRV_121,Suburban,1,0,-1305.57,0
CLM_11687,4848.8,Auto,106,1,2697.15,PRV_103,Suburban,10,0,2151.65,0
CLM_11688,9478.48,Auto,2,0,3939.31,PRV_109,Rural,0,1,5539.17,0
CLM_11689,1725.37,Auto,67,1,2691.53,PRV_101,Urban,1,0,-966.16,0
CLM_11690,2818.26,Auto,87,1,1810.61,PRV_107,Urban,12,0,1007.64,0
CLM_11691,4241.98,Health,119,2,2605.6,PRV_132,Suburban,7,0,1636.38,0
CLM_11692,10232.75,Health,12,1,3546.82,PRV_137,Urban,3,0,6685.93,0
CLM_11693,4815.45,Property,20,0,2850.71,PRV_142,Urban,1,0,1964.74,1
CLM_11694,5930.31,Auto,5,2,2497.24,PRV_127,Rural,10,0,3433.08,0
CLM_11695,2194.16,Auto,37,1,1745.2,PRV_109,Rural,2,0,448.96,0
CLM_11696,6992.4,Auto,38,1,2856.06,PRV_144,Suburban,41,0,4136.34,0
CLM_11697,4217.77,Property,94,1,3227.91,PRV_100,Suburban,20,0,989.86,0
CLM_11698,3138.49,Health,9,2,1992.62,PRV_133,Suburban,1,0,1145.87,0
CLM_11699,4774.57,Property,98,2,2810.71,PRV_102,Rural,19,0,1963.86,0
CLM_11700,5367.41,Property,53,0,1906.1,PRV_108,Urban,4,0,3461.31,0
CLM_11701,1819.3,Health,44,0,2871.22,PRV_104,Rural,6,0,-1051.92,0
CLM_11702,4688.48,Auto,99,0,4725.5,PRV_141,Rural,1,1,-37.01,0
CLM_11703,7181.89,Auto,116,1,3171.71,PRV_109,Urban,1,0,4010.18,0
CLM_11704,2757.34,Health,86,1,1418.43,PRV_111,Urban,20,0,1338.92,0
CLM_11705,3760.27,Auto,108,3,3331.13,PRV_117,Suburban,9,0,429.14,0
CLM_11706,5273.36,Auto,24,0,4311.81,PRV_120,Urban,6,0,961.54,0
CLM_11707,2291.85,Property,81,0,1615.94,PRV_120,Urban,0,0,675.91,0
CLM_11708,3177.77,Property,74,1,1954.51,PRV_100,Urban,25,1,1223.26,0
CLM_11709,8292.72,Health,30,0,3258.35,PRV_102,Urban,4,0,5034.37,0
CLM_11710,1557.05,Health,59,1,2912.88,PRV_104,Suburban,5,0,-1355.84,0
CLM_11711,11559.87,Health,110,2,4211.17,PRV_124,Suburban,3,0,7348.7,1
CLM_11712,4320.86,Auto,87,1,2819.36,PRV_148,Urban,22,0,1501.5,0
CLM_11713,4117.11,Auto,96,1,3825.45,PRV_107,Urban,4,0,291.67,1
CLM_11714,8019.41,Health,81,2,4528.1,PRV_116,Suburban,1,1,3491.31,0
CLM_11715,4582.92,Health,114,3,2132.41,PRV_108,Suburban,6,0,2450.51,0
CLM_11716,2293.13,Auto,115,1,3747.67,PRV_131,Urban,15,0,-1454.54,0
CLM_11717,5950.58,Property,81,2,2599.14,PRV_105,Rural,4,0,3351.44,1
CLM_11718,1884.93,Auto,14,1,784.76,PRV_148,Suburban,10,0,1100.16,0
CLM_11719,3182.47,Auto,9,0,3476.38,PRV_139,Suburban,3,0,-293.91,0
CLM_11720,3310.42,Health,40,0,3599.44,PRV_120,Suburban,12,0,-289.02,0
CLM_11721,1464.48,Auto,66,1,1450.76,PRV_106,Urban,11,1,13.73,0
CLM_11722,6343.72,Auto,109,1,2546.07,PRV_106,Urban,11,1,3797.65,1
CLM_11723,2804.87,Auto,25,0,2376.99,PRV_146,Suburban,10,0,427.88,0
CLM_11724,9486.26,Health,103,0,3809.99,PRV_138,Urban,1,0,5676.27,0
CLM_11725,2685.9,Auto,73,0,1450.81,PRV_126,Urban,21,0,1235.09,0
CLM_11726,7511.92,Health,118,0,3106.76,PRV_107,Suburban,8,0,4405.16,0
CLM_11727,1244.14,Health,22,1,660.31,PRV_108,Urban,4,0,583.83,0
CLM_11728,4526.59,Auto,107,0,3379.51,PRV_127,Rural,1,0,1147.08,0
CLM_11729,8677.81,Property,110,1,3125.13,PRV_114,Urban,15,1,5552.68,0
CLM_11730,5695.52,Auto,4,2,2489.04,PRV_101,Urban,7,0,3206.48,1
CLM_11731,7572.99,Property,26,1,4428.3,PRV_106,Suburban,1,0,3144.7,0
CLM_11732,1046.79,Health,58,0,500.0,PRV_146,Suburban,25,0,546.79,0
CLM_11733,6081.8,Property,29,1,2981.85,PRV_117,Rural,1,0,3099.95,0
CLM_11734,5856.87,Auto,109,0,4197.6,PRV_121,Urban,7,0,1659.27,0
CLM_11735,4879.16,Auto,98,1,3128.81,PRV_149,Rural,9,0,1750.35,0
CLM_11736,5656.86,Auto,87,2,4366.07,PRV_109,Rural,68,0,1290.79,1
CLM_11737,7645.21,Auto,37,0,2549.43,PRV_149,Suburban,1,0,5095.78,0
CLM_11738,5524.49,Health,75,0,2832.84,PRV_132,Urban,9,1,2691.65,0
CLM_11739,3090.86,Auto,70,1,4233.26,PRV_106,Suburban,6,0,-1142.39,0
CLM_11740,7001.5,Health,18,1,3894.55,PRV_102,Rural,2,1,3106.95,1
CLM_11741,3374.02,Auto,85,1,5399.25,PRV_113,Rural,28,0,-2025.23,0
CLM_11742,3790.49,Auto,42,1,3102.82,PRV_143,Suburban,15,0,687.68,0
CLM_11743,5168.09,Health,100,0,3200.25,PRV_145,Suburban,15,0,1967.84,0
CLM_11744,4660.05,Auto,41,0,2538.6,PRV_135,Suburban,22,0,2121.45,0
CLM_11745,8221.35,Health,38,2,2795.95,PRV_112,Suburban,12,0,5425.4,1
CLM_11746,12052.94,Health,34,1,4078.07,PRV_115,Suburban,7,1,7974.88,1
CLM_11747,2235.32,Property,17,1,2999.73,PRV_115,Rural,4,0,-764.41,0
CLM_11748,4046.27,Auto,37,1,2192.71,PRV_104,Suburban,12,0,1853.57,0
CLM_11749,6672.11,Health,25,1,2623.95,PRV_124,Urban,9,1,4048.16,0
CLM_11750,3184.0,Property,102,1,2909.67,PRV_137,Rural,7,0,274.33,0
CLM_11751,5364.71,Health,76,0,2257.49,PRV_137,Rural,8,0,3107.22,0
CLM_11752,6854.73,Auto,87,0,2542.04,PRV_149,Urban,10,0,4312.69,1
CLM_11753,4312.88,Health,117,2,2000.21,PRV_137,Urban,34,0,2312.67,0
CLM_11754,3400.25,Health,106,1,2577.4,PRV_138,Rural,13,0,822.85,0
CLM_11755,11698.01,Health,86,3,4166.21,PRV_147,Suburban,1,0,7531.8,1
CLM_11756,8257.48,Auto,85,1,3048.39,PRV_140,Rural,6,1,5209.09,0
CLM_11757,12504.04,Auto,27,1,5461.32,PRV_125,Rural,11,0,7042.72,0
CLM_11758,3151.09,Property,57,2,2236.13,PRV_112,Urban,1,0,914.96,0
CLM_11759,8643.12,Auto,31,1,3485.49,PRV_143,Rural,26,0,5157.63,0
CLM_11760,4157.52,Health,6,1,3222.21,PRV_125,Suburban,0,0,935.32,0
CLM_11761,4133.69,Auto,91,2,3650.44,PRV_100,Urban,9,0,483.25,0
CLM_11762,4279.23,Health,40,0,2393.93,PRV_107,Rural,37,0,1885.3,0
CLM_11763,7875.76,Auto,98,2,2631.53,PRV_103,Rural,13,0,5244.22,0
CLM_11764,8554.95,Auto,12,0,3407.26,PRV_120,Suburban,11,0,5147.7,0
CLM_11765,5800.35,Property,109,1,2495.33,PRV_121,Rural,59,0,3305.02,0
CLM_11766,1999.28,Property,53,0,1226.53,PRV_136,Rural,15,0,772.75,0
CLM_11767,5516.84,Health,71,0,4310.45,PRV_148,Rural,35,0,1206.39,1
CLM_11768,10263.61,Auto,10,3,3888.1,PRV_102,Rural,12,0,6375.51,0
CLM_11769,4957.37,Health,45,0,2582.86,PRV_118,Suburban,10,0,2374.51,0
CLM_11770,8152.44,Health,17,1,3218.32,PRV_100,Rural,14,0,4934.12,0
CLM_11771,6889.28,Health,26,1,4006.83,PRV_128,Rural,2,0,2882.45,0
CLM_11772,10360.51,Auto,85,1,4344.22,PRV_122,Rural,16,0,6016.28,0
CLM_11773,8286.36,Health,92,0,3104.26,PRV_132,Urban,35,0,5182.1,1
CLM_11774,3569.99,Health,62,0,2414.64,PRV_140,Suburban,9,0,1155.35,0
CLM_11775,2383.58,Property,46,0,4464.27,PRV_122,Urban,0,0,-2080.69,0
CLM_11776,3519.68,Auto,64,1,3094.72,PRV_104,Urban,0,0,424.96,0
CLM_11777,7951.58,Health,2,1,2852.8,PRV_106,Suburban,2,0,5098.78,0
CLM_11778,7240.6,Health,54,0,3263.21,PRV_105,Urban,6,0,3977.39,0
CLM_11779,9734.72,Auto,107,1,4154.73,PRV_148,Urban,5,0,5579.99,0
CLM_11780,3888.71,Auto,65,1,2961.2,PRV_121,Urban,38,0,927.51,1
CLM_11781,8981.18,Auto,51,1,3986.0,PRV_148,Suburban,29,0,4995.18,0
CLM_11782,5905.9,Auto,53,0,2791.46,PRV_112,Rural,4,0,3114.44,0
CLM_11783,3413.93,Auto,36,0,3609.06,PRV_111,Suburban,15,0,-195.13,0
CLM_11784,5995.13,Health,115,0,2051.91,PRV_103,Suburban,10,0,3943.21,0
CLM_11785,5636.67,Health,26,2,4069.61,PRV_107,Suburban,2,0,1567.06,0
CLM_11786,3075.1,Health,29,2,2323.96,PRV_136,Urban,26,0,751.14,0
CLM_11787,4922.23,Property,21,1,3459.29,PRV_130,Rural,3,0,1462.95,0
CLM_11788,1103.74,Auto,11,1,1513.43,PRV_136,Suburban,20,0,-409.69,1
CLM_11789,6238.4,Auto,40,1,3024.81,PRV_144,Suburban,10,0,3213.59,1
CLM_11790,3495.97,Health,11,1,3188.12,PRV_125,Rural,9,0,307.85,1
CLM_11791,5815.89,Auto,36,0,2318.67,PRV_142,Rural,18,1,3497.21,0
CLM_11792,4293.11,Auto,113,1,2890.23,PRV_107,Rural,6,1,1402.89,0
CLM_11793,5370.71,Auto,59,2,3262.1,PRV_139,Urban,19,0,2108.61,0
CLM_11794,7540.07,Auto,39,0,3563.27,PRV_132,Rural,7,0,3976.8,0
CLM_11795,7454.85,Property,104,0,3100.14,PRV_144,Urban,41,0,4354.7,0
CLM_11796,4669.46,Auto,99,0,4332.44,PRV_128,Suburban,10,0,337.01,0
CLM_11797,12124.39,Auto,54,1,4158.26,PRV_104,Urban,4,0,7966.13,0
CLM_11798,6104.46,Auto,98,0,2969.38,PRV_127,Rural,14,0,3135.08,0
CLM_11799,858.37,Health,55,1,1669.67,PRV_139,Urban,7,0,-811.3,0
CLM_11800,3867.53,Auto,111,0,2512.92,PRV_116,Rural,16,0,1354.61,0
CLM_11801,1227.27,Health,24,1,770.87,PRV_122,Urban,17,0,456.39,0
CLM_11802,7106.72,Auto,118,1,2816.87,PRV_144,Suburban,9,1,4289.85,1
CLM_11803,5558.75,Auto,22,0,4401.75,PRV_108,Urban,20,0,1157.0,0
CLM_11804,5034.71,Health,69,1,3791.01,PRV_101,Suburban,5,0,1243.7,0
CLM_11805,2085.18,Auto,56,0,3083.51,PRV_131,Rural,0,0,-998.33,1
CLM_11806,2747.19,Auto,33,1,2272.54,PRV_148,Suburban,10,0,474.65,0
CLM_11807,7157.58,Auto,36,0,3122.3,PRV_130,Rural,14,0,4035.28,0
CLM_11808,10708.32,Property,111,0,5131.23,PRV_106,Rural,0,0,5577.09,0
CLM_11809,3157.03,Auto,20,1,4487.7,PRV_129,Suburban,14,0,-1330.67,1
CLM_11810,2241.96,Health,83,1,2849.7,PRV_102,Suburban,10,0,-607.74,0
CLM_11811,2189.51,Auto,99,0,1518.05,PRV_108,Urban,1,1,671.46,1
CLM_11812,12287.95,Auto,116,1,5208.1,PRV_109,Urban,7,0,7079.86,0
CLM_11813,5864.81,Auto,107,0,2271.16,PRV_145,Suburban,1,0,3593.65,1
CLM_11814,1894.1,Property,81,2,3530.08,PRV_149,Suburban,3,0,-1635.98,1
CLM_11815,1906.14,Auto,62,1,1441.28,PRV_146,Suburban,16,0,464.85,0
CLM_11816,4177.74,Auto,109,3,2676.92,PRV_125,Suburban,1,0,1500.83,0
CLM_11817,3992.35,Auto,107,0,1437.22,PRV_100,Rural,6,0,2555.13,0
CLM_11818,3223.16,Auto,98,0,1838.11,PRV_129,Suburban,9,0,1385.05,0
CLM_11819,2436.91,Auto,73,0,2075.28,PRV_137,Suburban,28,0,361.62,0
CLM_11820,5128.99,Health,26,1,3477.0,PRV_114,Suburban,13,0,1651.99,0
CLM_11821,4620.37,Auto,66,2,2903.91,PRV_124,Suburban,1,0,1716.46,0
CLM_11822,12424.1,Auto,117,1,5712.26,PRV_105,Rural,34,0,6711.85,1
CLM_11823,2491.52,Health,73,0,4133.8,PRV_117,Urban,6,0,-1642.28,0
CLM_11824,6123.65,Auto,73,0,4155.49,PRV_100,Urban,4,0,1968.16,0
CLM_11825,7415.12,Auto,40,0,3503.67,PRV_102,Urban,1,0,3911.45,0
CLM_11826,3958.47,Auto,17,0,3276.05,PRV_116,Urban,27,0,682.42,0
CLM_11827,8291.73,Health,1,1,4189.06,PRV_147,Urban,8,0,4102.67,0
CLM_11828,862.08,Auto,89,0,618.78,PRV_107,Rural,44,0,243.3,1
CLM_11829,5699.09,Auto,61,3,2377.79,PRV_148,Urban,1,0,3321.3,0
CLM_11830,1068.13,Auto,43,0,1639.51,PRV_139,Rural,7,0,-571.38,0
CLM_11831,3118.31,Health,104,2,1115.71,PRV_116,Rural,1,0,2002.59,0
CLM_11832,2072.95,Auto,42,1,2231.31,PRV_124,Urban,7,0,-158.35,0
CLM_11833,1660.26,Health,25,1,1852.21,PRV_140,Urban,22,0,-191.95,0
CLM_11834,10911.65,Property,39,1,4194.2,PRV_111,Urban,1,0,6717.46,0
CLM_11835,8264.57,Health,35,0,3091.63,PRV_128,Suburban,3,0,5172.94,1
CLM_11836,725.14,Auto,3,0,990.04,PRV_124,Rural,11,0,-264.9,0
CLM_11837,9185.85,Auto,114,2,3314.04,PRV_135,Urban,0,0,5871.81,0
CLM_11838,2352.06,Auto,101,2,1987.81,PRV_124,Suburban,6,0,364.25,0
CLM_11839,6267.15,Auto,108,1,3062.3,PRV_128,Rural,4,0,3204.86,0
CLM_11840,2278.83,Auto,44,0,3393.72,PRV_110,Suburban,18,0,-1114.89,0
CLM_11841,3265.52,Health,51,2,2249.52,PRV_103,Suburban,0,0,1016.0,0
CLM_11842,5234.04,Auto,94,0,3217.36,PRV_113,Urban,19,1,2016.68,0
CLM_11843,6802.67,Auto,102,1,3402.07,PRV_145,Rural,12,0,3400.6,0
CLM_11844,5141.69,Health,98,3,2835.73,PRV_137,Suburban,3,0,2305.96,0
CLM_11845,3771.13,Health,12,0,2280.38,PRV_116,Rural,2,0,1490.76,0
CLM_11846,8706.41,Auto,19,1,3003.14,PRV_101,Urban,29,0,5703.27,1
CLM_11847,2753.41,Property,101,1,2860.51,PRV_107,Rural,8,0,-107.11,0
CLM_11848,2968.24,Auto,44,1,3316.52,PRV_135,Suburban,4,0,-348.28,0
CLM_11849,6248.3,Health,59,1,2736.23,PRV_109,Suburban,0,0,3512.08,0
CLM_11850,1240.96,Health,49,2,1807.98,PRV_106,Rural,1,0,-567.02,0
CLM_11851,4833.15,Health,61,0,2830.99,PRV_135,Suburban,9,0,2002.16,0
CLM_11852,5689.06,Health,17,0,3326.68,PRV_115,Suburban,7,0,2362.38,0
CLM_11853,4061.25,Auto,74,1,3185.14,PRV_113,Suburban,14,0,876.11,0
CLM_11854,8164.84,Auto,57,0,2889.07,PRV_115,Urban,18,0,5275.76,0
CLM_11855,3032.05,Health,55,0,2513.39,PRV_124,Urban,5,0,518.66,0
CLM_11856,3005.94,Auto,113,0,2461.66,PRV_140,Suburban,1,0,544.28,0
CLM_11857,2785.45,Property,47,1,2565.46,PRV_103,Rural,15,0,219.99,0
CLM_11858,3523.72,Auto,12,0,4076.16,PRV_128,Urban,8,0,-552.44,0
CLM_11859,2893.59,Auto,62,2,2052.15,PRV_105,Rural,39,0,841.44,0
CLM_11860,6807.03,Auto,80,1,3090.99,PRV_100,Suburban,15,0,3716.04,1
CLM_11861,4103.12,Auto,88,0,1742.0,PRV_138,Suburban,3,0,2361.12,0
CLM_11862,9538.13,Health,83,1,3764.73,PRV_100,Rural,5,0,5773.39,0
CLM_11863,2448.74,Health,8,5,2463.87,PRV_139,Urban,2,0,-15.13,0
CLM_11864,1280.89,Health,95,1,2174.39,PRV_102,Rural,7,0,-893.5,0
CLM_11865,9442.85,Property,21,0,3215.45,PRV_100,Rural,12,0,6227.41,0
CLM_11866,288.95,Property,81,0,539.25,PRV_100,Suburban,9,0,-250.3,0
CLM_11867,4934.4,Property,87,3,1700.52,PRV_138,Urban,4,0,3233.88,0
CLM_11868,8644.38,Auto,101,1,3360.91,PRV_120,Rural,17,1,5283.47,1
CLM_11869,11161.36,Health,118,3,4014.61,PRV_144,Urban,1,0,7146.75,0
CLM_11870,5065.85,Auto,80,0,3450.94,PRV_129,Suburban,1,0,1614.92,0
CLM_11871,3117.47,Auto,70,0,3139.43,PRV_131,Urban,5,0,-21.96,0
CLM_11872,10908.2,Health,72,0,5410.38,PRV_132,Suburban,12,0,5497.81,0
CLM_11873,8215.71,Auto,25,1,3491.4,PRV_147,Urban,11,0,4724.31,0
CLM_11874,1617.49,Auto,82,1,1955.49,PRV_121,Rural,4,0,-338.0,0
CLM_11875,10037.72,Auto,89,0,4024.66,PRV_129,Suburban,11,0,6013.06,0
CLM_11876,2409.64,Auto,12,0,2358.97,PRV_145,Rural,0,0,50.68,0
CLM_11877,3962.9,Property,15,1,2291.76,PRV_103,Suburban,3,1,1671.14,0
CLM_11878,4276.29,Auto,59,1,1619.07,PRV_122,Urban,11,0,2657.22,0
CLM_11879,2546.03,Auto,26,1,2588.59,PRV_143,Urban,2,0,-42.55,0
CLM_11880,1955.9,Auto,105,1,1770.51,PRV_124,Suburban,2,0,185.39,0
CLM_11881,2336.97,Auto,109,0,3557.42,PRV_111,Suburban,0,0,-1220.45,0
CLM_11882,2490.93,Property,26,0,2874.58,PRV_116,Suburban,4,0,-383.66,0
CLM_11883,1419.93,Auto,47,1,1639.05,PRV_114,Urban,17,0,-219.12,0
CLM_11884,2943.97,Health,32,2,2918.96,PRV_109,Suburban,18,1,25.01,0
CLM_11885,4854.51,Health,10,0,3993.83,PRV_134,Suburban,19,0,860.67,0
CLM_11886,11728.8,Property,16,0,4622.26,PRV_128,Rural,0,0,7106.53,0
CLM_11887,3376.26,Health,71,1,1210.38,PRV_111,Suburban,50,0,2165.87,0
CLM_11888,3367.37,Property,17,3,2221.65,PRV_100,Rural,6,0,1145.71,1
CLM_11889,1403.63,Auto,23,1,1710.65,PRV_100,Rural,20,0,-307.02,0
CLM_11890,3553.17,Auto,26,0,3353.55,PRV_109,Rural,23,0,199.62,0
CLM_11891,3723.97,Auto,85,2,1591.09,PRV_117,Urban,7,0,2132.88,0
CLM_11892,8904.19,Property,86,1,4059.24,PRV_146,Rural,0,0,4844.96,0
CLM_11893,12266.45,Auto,7,1,4203.69,PRV_101,Suburban,9,0,8062.76,0
CLM_11894,2047.36,Auto,14,0,3818.12,PRV_148,Urban,4,0,-1770.76,0
CLM_11895,5425.77,Auto,79,2,2282.71,PRV_107,Urban,2,0,3143.06,0
CLM_11896,4138.92,Auto,117,2,2345.68,PRV_121,Urban,2,0,1793.24,0
CLM_11897,7011.34,Auto,7,2,2543.35,PRV_121,Urban,8,0,4467.99,0
CLM_11898,7965.56,Property,9,0,4105.08,PRV_125,Urban,1,1,3860.48,1
CLM_11899,2104.85,Auto,115,1,1301.97,PRV_125,Urban,17,0,802.88,0
CLM_11900,7329.69,Health,48,0,3386.12,PRV_108,Urban,2,0,3943.57,0
CLM_11901,5339.57,Health,72,1,2066.55,PRV_120,Rural,7,0,3273.02,0
CLM_11902,3112.81,Auto,114,0,2580.58,PRV_130,Suburban,1,0,532.24,0
CLM_11903,2872.41,Auto,59,1,3736.14,PRV_142,Suburban,19,0,-863.73,0
CLM_11904,2349.37,Auto,87,1,1484.55,PRV_105,Rural,11,0,864.82,0
CLM_11905,2821.08,Auto,93,1,2722.26,PRV_113,Rural,2,0,98.82,0
CLM_11906,4518.79,Health,82,0,2871.16,PRV_132,Urban,12,0,1647.63,0
CLM_11907,8821.52,Auto,95,1,2962.61,PRV_106,Urban,0,0,5858.91,0
CLM_11908,5606.23,Auto,94,0,2896.82,PRV_123,Rural,14,0,2709.41,0
CLM_11909,7945.58,Health,116,0,3556.66,PRV_108,Urban,6,1,4388.92,1
CLM_11910,5592.43,Property,39,0,2548.01,PRV_110,Suburban,1,0,3044.42,0
CLM_11911,8587.58,Property,99,0,3365.37,PRV_122,Suburban,7,0,5222.22,0
CLM_11912,9524.41,Property,18,0,3329.84,PRV_147,Urban,2,1,6194.57,1
CLM_11913,7055.34,Health,59,1,3286.07,PRV_101,Urban,11,0,3769.27,0
CLM_11914,5962.88,Auto,106,1,3527.84,PRV_114,Urban,12,0,2435.04,0
CLM_11915,4248.91,Health,103,0,3282.08,PRV_134,Suburban,14,0,966.83,0
CLM_11916,4076.45,Auto,17,1,2910.33,PRV_135,Urban,22,0,1166.13,0
CLM_11917,2313.04,Health,14,1,1731.05,PRV_127,Rural,10,0,581.98,0
CLM_11918,5712.99,Health,31,2,4357.19,PRV_138,Urban,6,1,1355.8,0
CLM_11919,10499.82,Auto,24,1,4694.63,PRV_143,Rural,19,0,5805.2,0
CLM_11920,5200.05,Health,99,2,2640.59,PRV_103,Urban,23,0,2559.45,0
CLM_11921,3473.65,Property,108,0,3456.41,PRV_109,Urban,15,0,17.24,0
CLM_11922,7170.94,Auto,60,1,2452.39,PRV_105,Suburban,28,0,4718.55,0
CLM_11923,3577.69,Property,45,2,2279.78,PRV_129,Rural,38,0,1297.91,0
CLM_11924,5851.59,Auto,98,2,3055.32,PRV_145,Rural,2,0,2796.27,0
CLM_11925,13104.54,Health,3,0,5807.46,PRV_134,Rural,2,1,7297.08,1
CLM_11926,9347.82,Auto,37,0,4595.35,PRV_148,Suburban,5,1,4752.48,0
CLM_11927,5679.74,Health,43,1,4445.53,PRV_142,Rural,57,0,1234.21,1
CLM_11928,8776.75,Property,40,2,3518.77,PRV_109,Suburban,0,0,5257.98,1
CLM_11929,1614.72,Property,90,1,2082.47,PRV_131,Urban,12,0,-467.76,0
CLM_11930,7760.74,Health,55,0,4036.82,PRV_141,Urban,19,0,3723.92,0
CLM_11931,591.65,Auto,87,1,500.0,PRV_141,Rural,56,0,91.65,0
CLM_11932,6915.37,Property,108,2,3390.87,PRV_102,Urban,9,0,3524.5,0
CLM_11933,4282.22,Auto,39,1,4097.88,PRV_125,Urban,4,0,184.34,0
CLM_11934,7659.68,Property,15,0,3151.48,PRV_114,Rural,1,0,4508.2,0
CLM_11935,4980.13,Auto,113,1,4659.37,PRV_116,Urban,40,0,320.76,0
CLM_11936,4291.0,Auto,4,1,1574.11,PRV_126,Rural,25,0,2716.89,0
CLM_11937,12209.73,Health,93,2,4600.7,PRV_117,Rural,16,0,7609.03,1
CLM_11938,3996.21,Auto,86,0,2842.29,PRV_118,Urban,28,0,1153.92,0
CLM_11939,6518.4,Auto,25,1,4450.78,PRV_111,Urban,0,0,2067.61,0
CLM_11940,9060.55,Auto,13,1,4020.2,PRV_123,Urban,9,0,5040.36,0
CLM_11941,3276.92,Auto,82,2,4514.07,PRV_104,Urban,3,0,-1237.15,0
CLM_11942,2791.96,Auto,33,0,3975.47,PRV_123,Urban,14,0,-1183.5,0
CLM_11943,3104.22,Auto,16,1,3691.93,PRV_126,Suburban,1,0,-587.72,1
CLM_11944,8322.73,Auto,109,1,4366.16,PRV_147,Urban,2,0,3956.57,1
CLM_11945,2665.92,Auto,42,0,3055.48,PRV_129,Suburban,18,0,-389.56,0
CLM_11946,4301.35,Health,108,0,3602.34,PRV_114,Rural,13,0,699.01,0
CLM_11947,6344.18,Auto,66,0,2996.38,PRV_146,Urban,48,0,3347.79,1
CLM_11948,1247.47,Property,55,0,2314.17,PRV_137,Urban,10,0,-1066.69,0
CLM_11949,3352.69,Property,99,1,3526.95,PRV_143,Urban,3,0,-174.26,0
CLM_11950,9030.25,Auto,42,1,3196.75,PRV_133,Rural,7,0,5833.51,1
CLM_11951,9190.57,Health,34,0,4256.97,PRV_126,Suburban,28,0,4933.6,0
CLM_11952,3548.65,Property,30,0,2807.75,PRV_119,Suburban,10,0,740.9,0
CLM_11953,1373.28,Property,119,0,2239.31,PRV_140,Urban,21,0,-866.03,0
CLM_11954,8338.03,Health,13,2,4243.01,PRV_131,Urban,0,0,4095.02,0
CLM_11955,3238.46,Auto,13,1,3063.34,PRV_103,Urban,4,0,175.12,0
CLM_11956,6406.4,Health,18,2,2208.77,PRV_104,Urban,27,1,4197.63,0
CLM_11957,9732.28,Health,32,1,4389.05,PRV_107,Rural,0,0,5343.24,0
CLM_11958,11526.26,Health,96,1,3926.76,PRV_121,Urban,7,0,7599.5,0
CLM_11959,12714.84,Auto,99,2,4848.83,PRV_141,Rural,4,0,7866.01,1
CLM_11960,4540.57,Property,39,0,2659.09,PRV_106,Urban,10,0,1881.49,0
CLM_11961,5476.47,Property,46,0,2519.18,PRV_121,Suburban,1,1,2957.29,0
CLM_11962,4841.49,Auto,116,0,1913.43,PRV_145,Suburban,10,0,2928.06,0
CLM_11963,4733.46,Auto,29,0,2433.09,PRV_129,Urban,48,0,2300.36,1
CLM_11964,1708.59,Auto,62,1,2613.64,PRV_136,Urban,3,0,-905.05,0
CLM_11965,6173.14,Property,113,3,3683.0,PRV_115,Rural,6,0,2490.14,0
CLM_11966,1711.24,Health,93,0,2070.63,PRV_114,Urban,0,0,-359.39,0
CLM_11967,5344.22,Health,62,0,2336.66,PRV_104,Urban,5,0,3007.56,0
CLM_11968,10340.03,Auto,117,2,4696.66,PRV_102,Urban,5,0,5643.37,0
CLM_11969,1491.14,Health,108,0,500.0,PRV_122,Suburban,8,0,991.14,0
CLM_11970,7211.19,Auto,57,1,3480.26,PRV_109,Rural,2,0,3730.92,0
CLM_11971,4274.55,Auto,16,3,1709.58,PRV_104,Suburban,3,0,2564.96,0
CLM_11972,2569.43,Health,56,1,2194.75,PRV_122,Rural,9,0,374.69,0
CLM_11973,5971.81,Property,108,2,4423.36,PRV_114,Suburban,23,0,1548.44,0
CLM_11974,8577.56,Property,111,0,3071.58,PRV_117,Urban,2,0,5505.99,0
CLM_11975,13508.99,Property,10,0,5657.08,PRV_124,Suburban,11,0,7851.91,0
CLM_11976,7754.75,Auto,30,1,3626.81,PRV_107,Suburban,7,0,4127.94,1
CLM_11977,2463.47,Auto,25,1,2170.33,PRV_130,Rural,1,0,293.14,0
CLM_11978,7992.26,Health,103,1,3557.74,PRV_120,Rural,8,0,4434.53,1
CLM_11979,11220.76,Property,84,0,4129.97,PRV_101,Suburban,12,0,7090.79,0
CLM_11980,3793.1,Auto,5,0,3521.93,PRV_121,Rural,9,1,271.17,0
CLM_11981,6308.07,Auto,65,0,2784.64,PRV_107,Rural,1,0,3523.43,0
CLM_11982,1942.78,Auto,94,2,1308.94,PRV_122,Rural,19,0,633.84,0
CLM_11983,2133.79,Health,49,1,2677.55,PRV_131,Rural,0,0,-543.76,0
CLM_11984,11242.66,Auto,3,1,4667.62,PRV_107,Rural,2,0,6575.05,0
CLM_11985,2022.27,Auto,45,2,2203.28,PRV_103,Suburban,9,0,-181.02,0
CLM_11986,2930.44,Auto,14,0,2588.18,PRV_129,Rural,2,0,342.26,0
CLM_11987,9812.93,Auto,30,0,3993.29,PRV_118,Urban,1,0,5819.64,0
CLM_11988,8525.6,Property,114,1,3619.7,PRV_122,Suburban,7,0,4905.9,0
CLM_11989,1919.04,Auto,68,0,1690.1,PRV_117,Suburban,12,1,228.94,0
CLM_11990,8247.41,Health,18,1,2891.38,PRV_128,Suburban,5,0,5356.03,0
CLM_11991,4575.37,Health,62,0,4406.97,PRV_122,Rural,11,0,168.4,0
CLM_11992,9031.18,Property,37,2,3026.48,PRV_132,Urban,19,0,6004.7,1
CLM_11993,10390.13,Auto,25,3,4431.23,PRV_146,Rural,31,0,5958.9,1
CLM_11994,6647.6,Property,48,1,4487.78,PRV_117,Suburban,2,1,2159.83,0
CLM_11995,1711.49,Health,65,0,2072.34,PRV_143,Suburban,9,0,-360.85,0
CLM_11996,3519.89,Property,53,0,2704.95,PRV_132,Suburban,3,0,814.93,0
CLM_11997,3600.35,Property,110,0,3657.6,PRV_106,Suburban,20,0,-57.26,0
CLM_11998,3004.47,Auto,79,1,1462.31,PRV_127,Rural,22,0,1542.15,0
CLM_11999,3865.9,Auto,73,0,2776.95,PRV_100,Urban,3,1,1088.95,1
CLM_12000,4388.47,Auto,15,0,3546.19,PRV_138,Urban,10,0,842.28,0
CLM_12001,5689.56,Health,49,0,2377.75,PRV_133,Suburban,21,0,3311.81,0
CLM_12002,3862.59,Auto,88,0,3588.11,PRV_138,Urban,7,0,274.49,0
CLM_12003,4721.0,Auto,68,0,2399.83,PRV_118,Suburban,12,0,2321.17,0
CLM_12004,2356.48,Auto,12,0,2388.75,PRV_130,Suburban,16,0,-32.27,0
CLM_12005,8562.94,Auto,59,0,3744.19,PRV_112,Urban,20,0,4818.75,1
CLM_12006,9010.42,Auto,37,1,4368.04,PRV_123,Suburban,7,1,4642.37,0
CLM_12007,5712.57,Auto,61,0,2289.26,PRV_104,Urban,28,0,3423.32,0
CLM_12008,1200.61,Auto,101,0,1788.64,PRV_122,Suburban,9,0,-588.03,0
CLM_12009,3037.59,Auto,43,1,2962.74,PRV_118,Urban,1,0,74.85,0
CLM_12010,3072.2,Auto,70,2,3466.9,PRV_100,Suburban,9,0,-394.7,0
CLM_12011,2225.49,Auto,39,1,2279.27,PRV_132,Urban,3,0,-53.78,0
CLM_12012,3530.64,Property,56,0,4660.69,PRV_149,Suburban,4,1,-1130.05,0
CLM_12013,5435.85,Health,63,2,2853.16,PRV_132,Suburban,16,0,2582.69,0
CLM_12014,4503.98,Auto,46,0,2270.63,PRV_131,Suburban,36,0,2233.34,0
CLM_12015,12865.45,Auto,88,0,4931.7,PRV_127,Urban,20,0,7933.75,0
CLM_12016,6589.02,Property,11,0,4266.54,PRV_136,Rural,3,0,2322.47,0
CLM_12017,4160.99,Property,62,0,2272.57,PRV_140,Suburban,6,0,1888.42,0
CLM_12018,12113.0,Property,77,1,4067.14,PRV_111,Suburban,41,1,8045.86,1
CLM_12019,4288.9,Health,98,0,2344.16,PRV_108,Urban,25,0,1944.74,0
CLM_12020,7286.27,Auto,25,1,3767.58,PRV_149,Suburban,37,0,3518.69,0
CLM_12021,14283.21,Auto,71,1,4777.32,PRV_110,Suburban,5,0,9505.89,0
CLM_12022,5347.2,Auto,52,0,1791.16,PRV_132,Suburban,16,0,3556.04,0
CLM_12023,3841.27,Property,4,0,2462.23,PRV_118,Suburban,20,0,1379.04,0
CLM_12024,5185.37,Health,59,1,2484.17,PRV_141,Rural,0,0,2701.2,0
CLM_12025,5558.09,Health,72,1,3265.61,PRV_133,Rural,3,0,2292.48,1
CLM_12026,7994.88,Auto,20,1,3473.33,PRV_106,Suburban,21,0,4521.55,0
CLM_12027,8284.32,Property,93,1,2910.9,PRV_130,Suburban,4,0,5373.42,0
CLM_12028,1679.53,Auto,63,0,1318.16,PRV_101,Suburban,3,0,361.37,0
CLM_12029,4505.95,Auto,54,0,1768.99,PRV_118,Rural,3,0,2736.96,0
CLM_12030,4523.12,Auto,117,0,2116.45,PRV_137,Rural,4,0,2406.66,0
CLM_12031,4273.52,Health,115,1,3559.9,PRV_131,Urban,2,1,713.62,0
CLM_12032,4001.39,Auto,109,0,1604.89,PRV_109,Urban,0,1,2396.5,0
CLM_12033,3271.0,Property,110,1,2086.32,PRV_140,Suburban,1,0,1184.68,1
CLM_12034,1494.94,Auto,74,2,1866.36,PRV_107,Suburban,21,0,-371.42,0
CLM_12035,9968.92,Health,107,0,3341.3,PRV_125,Rural,0,0,6627.61,0
CLM_12036,6462.52,Health,98,0,4131.74,PRV_129,Suburban,5,0,2330.78,0
CLM_12037,5847.43,Auto,57,1,3154.15,PRV_110,Suburban,6,0,2693.27,0
CLM_12038,12583.15,Property,90,1,4993.5,PRV_140,Rural,15,0,7589.65,0
CLM_12039,9153.36,Health,41,0,3153.95,PRV_119,Rural,2,0,5999.41,0
CLM_12040,7794.14,Health,113,0,2905.85,PRV_119,Rural,3,0,4888.29,1
CLM_12041,4016.48,Property,3,0,2215.83,PRV_108,Rural,0,1,1800.65,1
CLM_12042,5971.14,Health,6,1,3202.99,PRV_107,Urban,23,0,2768.15,0
CLM_12043,2612.69,Auto,5,0,2173.22,PRV_114,Rural,11,0,439.46,0
CLM_12044,3348.85,Health,5,0,2021.02,PRV_133,Rural,3,0,1327.83,0
CLM_12045,5712.51,Auto,54,1,1992.44,PRV_123,Suburban,21,1,3720.08,1
CLM_12046,6432.44,Auto,47,4,2775.77,PRV_132,Suburban,0,1,3656.67,0
CLM_12047,1324.18,Auto,87,1,2499.9,PRV_140,Suburban,4,0,-1175.72,0
CLM_12048,4474.4,Health,49,1,5654.73,PRV_140,Urban,8,0,-1180.33,0
CLM_12049,9016.84,Health,9,0,3209.38,PRV_144,Rural,7,0,5807.46,1
CLM_12050,8371.19,Auto,99,0,3192.92,PRV_139,Rural,10,0,5178.27,1
CLM_12051,4199.4,Health,20,1,2448.04,PRV_126,Urban,3,0,1751.36,0
CLM_12052,12388.4,Property,113,1,6065.47,PRV_120,Rural,14,0,6322.93,0
CLM_12053,2541.33,Auto,61,0,2076.05,PRV_104,Suburban,5,0,465.27,0
CLM_12054,6270.45,Auto,106,0,2526.29,PRV_134,Urban,1,0,3744.16,0
CLM_12055,8031.59,Health,35,0,3999.21,PRV_120,Rural,13,0,4032.38,0
CLM_12056,7163.87,Auto,50,0,3202.35,PRV_103,Urban,24,0,3961.51,0
CLM_12057,2482.12,Health,82,1,1726.96,PRV_148,Urban,4,0,755.16,0
CLM_12058,4771.3,Auto,62,0,3027.29,PRV_147,Rural,8,0,1744.01,0
CLM_12059,3750.35,Auto,17,2,3679.68,PRV_115,Suburban,11,0,70.67,0
CLM_12060,10079.96,Health,88,1,3512.02,PRV_130,Rural,17,0,6567.94,0
CLM_12061,10494.39,Health,3,1,3661.18,PRV_125,Rural,2,0,6833.21,1
CLM_12062,13194.38,Property,32,1,5185.7,PRV_134,Suburban,8,0,8008.68,0
CLM_12063,9287.51,Property,99,1,3271.53,PRV_105,Rural,13,0,6015.98,1
CLM_12064,8211.19,Health,102,0,3795.64,PRV_132,Rural,2,0,4415.55,1
CLM_12065,625.71,Health,13,1,575.82,PRV_120,Rural,6,0,49.88,0
CLM_12066,11679.92,Auto,111,3,4865.56,PRV_115,Urban,6,0,6814.35,0
CLM_12067,4024.93,Health,89,0,3065.0,PRV_146,Urban,18,1,959.93,0
CLM_12068,3413.76,Auto,73,0,2131.99,PRV_138,Urban,15,1,1281.76,0
CLM_12069,3326.11,Property,68,2,2804.77,PRV_133,Rural,2,1,521.34,0
CLM_12070,5710.07,Auto,14,2,3662.52,PRV_141,Suburban,2,0,2047.55,0
CLM_12071,8869.56,Health,101,1,4034.75,PRV_114,Urban,12,0,4834.81,0
CLM_12072,2255.62,Auto,98,1,2904.75,PRV_105,Suburban,13,0,-649.14,0
CLM_12073,2747.96,Health,11,1,3601.44,PRV_101,Rural,1,0,-853.48,0
CLM_12074,6046.72,Property,105,1,2736.78,PRV_123,Urban,5,0,3309.93,0
CLM_12075,8550.83,Auto,56,1,3491.63,PRV_148,Rural,17,0,5059.2,0
CLM_12076,6023.52,Property,67,1,3206.27,PRV_127,Suburban,0,0,2817.25,0
CLM_12077,3149.33,Auto,92,1,3300.83,PRV_100,Urban,4,0,-151.5,0
CLM_12078,4240.32,Health,29,1,2689.04,PRV_100,Urban,10,0,1551.28,0
CLM_12079,8153.26,Property,9,0,3403.66,PRV_127,Urban,14,0,4749.6,0
CLM_12080,4812.75,Auto,67,0,2173.45,PRV_135,Urban,10,0,2639.3,0
CLM_12081,2474.76,Property,25,1,3194.62,PRV_119,Suburban,5,0,-719.86,0
CLM_12082,6914.14,Auto,98,0,2365.53,PRV_147,Urban,48,1,4548.61,1
CLM_12083,2123.53,Auto,76,1,2006.34,PRV_107,Rural,0,0,117.19,0
CLM_12084,2411.39,Property,42,3,2294.44,PRV_100,Urban,6,0,116.96,0
CLM_12085,4605.76,Auto,9,0,2791.97,PRV_125,Suburban,7,0,1813.79,0
CLM_12086,3257.74,Property,79,0,2471.53,PRV_142,Urban,2,0,786.21,0
CLM_12087,10052.89,Property,40,0,3396.29,PRV_148,Suburban,8,0,6656.6,0
CLM_12088,2128.76,Auto,25,0,3079.69,PRV_124,Suburban,2,1,-950.93,0
CLM_12089,5082.83,Health,5,2,4014.56,PRV_109,Rural,5,0,1068.27,0
CLM_12090,4247.37,Auto,11,0,2915.54,PRV_111,Urban,5,0,1331.83,0
CLM_12091,5514.19,Auto,59,1,3180.69,PRV_140,Urban,14,0,2333.5,0
CLM_12092,2632.54,Auto,98,1,4865.92,PRV_106,Urban,28,0,-2233.38,0
CLM_12093,1807.94,Auto,88,3,2561.16,PRV_111,Rural,2,0,-753.22,0
CLM_12094,3107.21,Auto,79,0,2714.85,PRV_146,Rural,47,0,392.36,0
CLM_12095,7923.6,Auto,38,2,4203.49,PRV_139,Suburban,28,0,3720.11,0
CLM_12096,4943.31,Property,72,1,2043.17,PRV_116,Suburban,1,0,2900.14,0
CLM_12097,9563.9,Property,5,0,4315.37,PRV_104,Suburban,24,0,5248.52,1
CLM_12098,5298.42,Health,48,0,2763.1,PRV_113,Rural,8,0,2535.32,0
CLM_12099,3235.06,Health,90,1,2166.7,PRV_133,Rural,21,0,1068.36,0
CLM_12100,10453.23,Property,18,0,3905.22,PRV_147,Rural,29,0,6548.02,1
CLM_12101,4534.08,Auto,70,2,2748.87,PRV_116,Suburban,19,0,1785.2,0
CLM_12102,6021.35,Health,37,2,4824.29,PRV_134,Rural,5,0,1197.06,0
CLM_12103,6388.28,Property,60,0,3081.16,PRV_100,Suburban,10,0,3307.12,0
CLM_12104,6855.65,Auto,48,1,3073.89,PRV_149,Suburban,6,0,3781.76,0
CLM_12105,3611.61,Health,77,0,2413.9,PRV_149,Urban,4,0,1197.72,0
CLM_12106,1627.37,Property,28,0,2853.24,PRV_135,Urban,2,0,-1225.87,0
CLM_12107,2005.5,Property,69,1,2727.36,PRV_114,Urban,5,0,-721.85,0
CLM_12108,11322.22,Health,77,0,4331.38,PRV_118,Suburban,16,0,6990.84,0
CLM_12109,2109.85,Auto,81,0,3289.6,PRV_141,Urban,18,0,-1179.75,0
CLM_12110,7337.17,Auto,114,0,3705.55,PRV_104,Urban,31,0,3631.62,1
CLM_12111,2972.31,Auto,40,4,3098.5,PRV_118,Urban,3,0,-126.19,0
CLM_12112,2776.28,Health,45,1,2589.05,PRV_142,Rural,10,0,187.23,0
CLM_12113,3989.01,Auto,96,1,3370.99,PRV_138,Suburban,11,0,618.02,0
CLM_12114,2734.84,Property,62,1,4590.75,PRV_104,Urban,2,0,-1855.91,0
CLM_12115,1840.54,Auto,93,0,1951.61,PRV_111,Rural,4,0,-111.07,0
CLM_12116,7270.67,Auto,115,2,3419.48,PRV_118,Rural,4,0,3851.19,0
CLM_12117,7854.6,Auto,58,1,4496.58,PRV_146,Rural,42,0,3358.01,0
CLM_12118,5448.48,Health,67,1,2185.23,PRV_111,Urban,31,0,3263.25,1
CLM_12119,2561.49,Auto,56,1,3922.01,PRV_135,Rural,17,0,-1360.53,0
CLM_12120,10679.84,Auto,40,2,3923.17,PRV_111,Suburban,6,0,6756.66,1
CLM_12121,5101.8,Auto,98,1,1705.72,PRV_117,Rural,3,0,3396.08,0
CLM_12122,2216.96,Auto,40,0,4110.44,PRV_148,Rural,24,0,-1893.47,0
CLM_12123,7023.01,Auto,91,1,2405.88,PRV_147,Rural,3,0,4617.13,0
CLM_12124,3659.99,Property,77,1,3358.85,PRV_142,Rural,7,0,301.14,0
CLM_12125,8979.3,Health,109,0,4024.14,PRV_133,Suburban,2,0,4955.16,0
CLM_12126,5171.18,Auto,33,2,4200.08,PRV_147,Urban,35,0,971.09,0
CLM_12127,2642.11,Property,6,0,1464.15,PRV_132,Suburban,0,0,1177.96,0
CLM_12128,8504.78,Property,88,0,4788.6,PRV_148,Suburban,1,0,3716.18,1
CLM_12129,6197.31,Health,19,3,4417.93,PRV_117,Urban,14,0,1779.38,0
CLM_12130,9294.6,Health,80,3,4051.93,PRV_128,Rural,1,0,5242.66,1
CLM_12131,6719.9,Property,40,1,3361.48,PRV_144,Urban,38,0,3358.42,0
CLM_12132,4540.59,Property,92,1,2564.3,PRV_104,Urban,3,0,1976.29,0
CLM_12133,5668.22,Health,97,3,1916.82,PRV_124,Suburban,25,0,3751.4,0
CLM_12134,3922.09,Auto,59,2,1376.16,PRV_123,Urban,10,0,2545.93,0
CLM_12135,10527.57,Health,59,0,3644.54,PRV_128,Rural,10,0,6883.03,0
CLM_12136,10952.27,Health,48,1,4051.43,PRV_137,Suburban,24,0,6900.84,0
CLM_12137,3317.38,Auto,41,2,2915.38,PRV_132,Rural,7,0,402.0,0
CLM_12138,3491.01,Auto,13,1,2539.03,PRV_109,Suburban,5,0,951.98,0
CLM_12139,3308.25,Property,107,0,3069.91,PRV_136,Rural,2,0,238.34,0
CLM_12140,6997.29,Health,45,0,2359.61,PRV_132,Urban,1,0,4637.68,0
CLM_12141,2664.02,Auto,89,2,3021.61,PRV_122,Urban,15,0,-357.59,0
CLM_12142,3260.61,Health,53,0,2302.23,PRV_110,Urban,1,0,958.37,0
CLM_12143,3603.41,Auto,42,0,3612.04,PRV_123,Rural,5,0,-8.63,0
CLM_12144,4492.71,Auto,100,1,4243.87,PRV_123,Suburban,5,0,248.84,0
CLM_12145,3921.53,Health,63,2,3508.51,PRV_106,Suburban,10,0,413.02,0
CLM_12146,6128.62,Auto,27,0,2919.53,PRV_149,Suburban,3,0,3209.08,0
CLM_12147,2752.99,Auto,38,0,3989.13,PRV_120,Urban,18,0,-1236.14,0
CLM_12148,5830.49,Property,60,2,3018.91,PRV_119,Rural,2,1,2811.58,0
CLM_12149,10084.18,Auto,7,0,3957.35,PRV_109,Suburban,15,0,6126.83,0
CLM_12150,5711.81,Auto,5,1,2363.86,PRV_124,Rural,18,0,3347.95,0
CLM_12151,2188.91,Property,107,1,2493.26,PRV_146,Suburban,2,0,-304.35,0
CLM_12152,5604.83,Health,45,0,2011.19,PRV_135,Urban,16,0,3593.64,1
CLM_12153,6146.79,Health,58,1,2534.52,PRV_147,Rural,12,0,3612.27,1
CLM_12154,2043.48,Property,115,0,3981.4,PRV_146,Suburban,20,1,-1937.92,0
CLM_12155,4987.42,Auto,31,0,2128.25,PRV_114,Suburban,7,0,2859.17,0
CLM_12156,1629.8,Health,23,2,695.44,PRV_143,Suburban,2,0,934.36,0
CLM_12157,4504.02,Health,42,1,2585.49,PRV_139,Suburban,24,0,1918.53,0
CLM_12158,1123.08,Property,10,1,1826.27,PRV_139,Urban,15,0,-703.19,0
CLM_12159,4865.81,Health,32,1,2495.59,PRV_149,Suburban,0,0,2370.22,0
CLM_12160,12329.86,Health,107,0,5106.87,PRV_105,Suburban,28,0,7222.99,0
CLM_12161,2485.07,Auto,53,1,2111.03,PRV_136,Urban,29,0,374.04,0
CLM_12162,7876.3,Auto,30,1,3633.53,PRV_101,Suburban,4,0,4242.77,0
CLM_12163,4043.36,Health,39,0,2919.78,PRV_111,Rural,0,1,1123.58,1
CLM_12164,6524.53,Health,31,0,3372.48,PRV_103,Rural,8,0,3152.05,0
CLM_12165,3640.0,Health,82,1,2490.74,PRV_122,Suburban,24,0,1149.26,0
CLM_12166,5240.81,Auto,100,1,4161.35,PRV_112,Urban,1,0,1079.47,0
CLM_12167,9046.14,Health,2,1,3426.85,PRV_116,Urban,8,0,5619.3,1
CLM_12168,8237.91,Health,78,2,3454.64,PRV_130,Urban,13,0,4783.27,0
CLM_12169,4225.72,Property,77,0,3098.89,PRV_115,Suburban,1,0,1126.83,0
CLM_12170,6752.42,Health,93,0,4255.96,PRV_140,Suburban,7,0,2496.46,0
CLM_12171,7936.5,Property,12,2,3560.15,PRV_125,Rural,0,0,4376.35,1
CLM_12172,8520.63,Property,39,0,3370.9,PRV_127,Urban,8,0,5149.72,0
CLM_12173,8075.46,Health,66,1,3652.65,PRV_100,Suburban,5,0,4422.82,0
CLM_12174,2296.93,Health,96,0,1240.02,PRV_146,Suburban,3,0,1056.91,0
CLM_12175,9199.76,Property,13,1,3187.76,PRV_111,Suburban,19,0,6012.0,0
CLM_12176,7150.16,Health,46,0,2935.98,PRV_136,Urban,4,0,4214.18,0
CLM_12177,3288.93,Property,27,0,4168.58,PRV_149,Urban,12,0,-879.66,0
CLM_12178,4357.35,Health,113,1,2298.97,PRV_119,Rural,15,0,2058.38,0
CLM_12179,4878.14,Health,105,1,3201.11,PRV_101,Urban,1,0,1677.03,1
CLM_12180,12247.26,Auto,17,0,4923.84,PRV_135,Suburban,1,0,7323.42,0
CLM_12181,1819.24,Auto,104,1,2974.28,PRV_114,Rural,0,0,-1155.04,0
CLM_12182,2549.35,Property,95,1,1669.73,PRV_137,Urban,3,0,879.63,0
CLM_12183,6703.83,Health,98,2,5173.94,PRV_121,Urban,16,0,1529.89,0
CLM_12184,1948.56,Health,60,0,2284.45,PRV_143,Urban,14,0,-335.89,0
CLM_12185,2836.46,Property,64,0,1960.22,PRV_149,Urban,20,0,876.24,1
CLM_12186,4363.22,Health,88,2,1999.64,PRV_131,Suburban,14,0,2363.58,0
CLM_12187,5234.37,Health,109,1,3727.66,PRV_119,Urban,0,0,1506.7,0
CLM_12188,8380.74,Health,35,1,4297.78,PRV_135,Suburban,4,1,4082.96,1
CLM_12189,9435.26,Health,112,1,4760.4,PRV_132,Suburban,0,0,4674.86,0
CLM_12190,5933.48,Auto,70,0,3015.32,PRV_114,Suburban,0,0,2918.16,0
CLM_12191,3671.6,Auto,83,0,2013.13,PRV_149,Rural,6,0,1658.47,0
CLM_12192,1925.75,Auto,30,1,2430.06,PRV_145,Suburban,4,0,-504.31,0
CLM_12193,3173.55,Auto,71,0,3033.58,PRV_102,Urban,8,0,139.97,0
CLM_12194,7447.54,Health,74,0,2978.82,PRV_128,Rural,0,0,4468.72,1
CLM_12195,7565.0,Auto,105,1,4308.3,PRV_146,Urban,8,0,3256.7,0
CLM_12196,3810.93,Auto,96,2,1682.39,PRV_126,Suburban,0,0,2128.54,0
CLM_12197,3627.28,Auto,98,1,1884.52,PRV_104,Urban,5,0,1742.76,1
CLM_12198,1605.31,Auto,63,0,2690.19,PRV_130,Rural,4,1,-1084.88,0
CLM_12199,8391.12,Health,28,0,3369.2,PRV_121,Rural,2,0,5021.91,0
CLM_12200,1689.92,Property,60,0,2557.34,PRV_134,Urban,3,1,-867.42,0
CLM_12201,7076.01,Health,79,0,2475.92,PRV_106,Urban,0,0,4600.09,0
CLM_12202,4334.19,Auto,94,0,4173.75,PRV_105,Urban,3,0,160.45,0
CLM_12203,6183.6,Auto,37,0,3471.95,PRV_125,Rural,0,0,2711.65,0
CLM_12204,1328.01,Auto,93,0,2015.28,PRV_100,Suburban,25,0,-687.27,0
CLM_12205,6816.75,Health,22,1,2490.29,PRV_118,Urban,0,0,4326.46,0
CLM_12206,10374.08,Auto,68,1,3516.82,PRV_106,Suburban,30,0,6857.27,0
CLM_12207,1505.49,Health,20,0,1738.98,PRV_135,Rural,6,0,-233.49,0
CLM_12208,4351.44,Auto,96,1,3510.73,PRV_111,Urban,7,0,840.7,0
CLM_12209,1433.52,Property,100,1,2656.2,PRV_119,Urban,15,0,-1222.69,0
CLM_12210,8297.44,Auto,114,1,3362.81,PRV_122,Rural,11,0,4934.63,0
CLM_12211,3989.25,Auto,68,1,3119.86,PRV_124,Urban,2,0,869.38,0
CLM_12212,3712.75,Property,91,0,1882.65,PRV_129,Suburban,0,1,1830.11,0
CLM_12213,1413.41,Auto,64,1,2363.38,PRV_128,Rural,15,0,-949.97,0
CLM_12214,10178.55,Auto,17,1,4447.4,PRV_130,Rural,1,0,5731.15,0
CLM_12215,9794.66,Health,12,1,5371.32,PRV_117,Urban,9,0,4423.34,0
CLM_12216,2896.94,Health,22,0,1252.76,PRV_140,Rural,28,0,1644.18,0
CLM_12217,10002.33,Health,17,1,4043.12,PRV_118,Urban,7,0,5959.2,0
CLM_12218,2383.08,Auto,10,2,3295.62,PRV_103,Urban,3,0,-912.53,0
CLM_12219,9886.21,Auto,118,2,5082.28,PRV_100,Rural,1,0,4803.93,0
CLM_12220,5187.82,Auto,65,1,2441.49,PRV_140,Urban,0,0,2746.33,0
CLM_12221,6984.93,Auto,22,1,3898.28,PRV_114,Suburban,9,0,3086.65,0
CLM_12222,2578.74,Property,90,1,2697.36,PRV_107,Suburban,8,0,-118.62,0
CLM_12223,10656.38,Health,82,3,4281.4,PRV_114,Urban,6,1,6374.98,1
CLM_12224,15900.11,Auto,50,1,5311.29,PRV_114,Suburban,2,1,10588.83,1
CLM_12225,9392.35,Health,14,0,3213.07,PRV_149,Urban,2,0,6179.29,0
CLM_12226,4548.05,Auto,64,0,1861.04,PRV_138,Suburban,31,0,2687.01,0
CLM_12227,6820.62,Property,47,1,4413.87,PRV_121,Rural,0,0,2406.75,0
CLM_12228,4789.34,Auto,29,0,3565.48,PRV_117,Urban,4,0,1223.86,0
CLM_12229,2267.89,Auto,76,0,3378.03,PRV_115,Urban,0,1,-1110.14,0
CLM_12230,7061.47,Health,36,0,4583.24,PRV_101,Urban,2,0,2478.23,0
CLM_12231,1657.73,Health,99,0,1862.36,PRV_135,Urban,27,0,-204.63,0
CLM_12232,2594.04,Health,52,0,2283.82,PRV_119,Urban,1,0,310.23,0
CLM_12233,9811.33,Auto,76,0,3594.27,PRV_115,Urban,9,0,6217.06,0
CLM_12234,6606.61,Auto,7,1,2261.52,PRV_102,Rural,4,0,4345.09,1
CLM_12235,7706.8,Auto,29,2,2683.99,PRV_129,Rural,10,0,5022.81,0
CLM_12236,4203.76,Auto,11,0,4274.77,PRV_101,Suburban,19,0,-71.01,0
CLM_12237,9448.3,Property,33,1,3432.95,PRV_134,Urban,3,0,6015.34,0
CLM_12238,1554.85,Auto,6,1,1821.17,PRV_125,Suburban,0,0,-266.32,0
CLM_12239,6029.33,Auto,111,2,3408.04,PRV_104,Suburban,2,0,2621.29,0
CLM_12240,8940.88,Health,79,4,4239.07,PRV_101,Rural,5,0,4701.8,1
CLM_12241,5252.6,Auto,32,0,3171.54,PRV_119,Suburban,7,0,2081.06,0
CLM_12242,11149.21,Health,51,0,3871.8,PRV_133,Rural,28,1,7277.41,1
CLM_12243,3309.9,Property,75,1,2482.99,PRV_133,Suburban,0,0,826.91,0
CLM_12244,5927.91,Auto,58,0,3259.88,PRV_119,Urban,14,0,2668.03,0
CLM_12245,980.08,Property,87,1,1423.24,PRV_149,Suburban,0,1,-443.16,1
CLM_12246,9548.23,Health,26,2,3629.73,PRV_124,Rural,0,0,5918.5,0
CLM_12247,5152.45,Auto,98,1,3360.13,PRV_119,Rural,10,0,1792.32,0
CLM_12248,3849.18,Auto,46,1,1709.73,PRV_124,Rural,23,1,2139.44,1
CLM_12249,9971.31,Auto,98,1,4520.88,PRV_113,Suburban,3,0,5450.44,0
CLM_12250,7823.13,Health,29,1,3571.13,PRV_146,Suburban,3,0,4252.0,1
CLM_12251,4077.84,Health,4,0,2307.33,PRV_143,Rural,9,0,1770.52,0
CLM_12252,4364.67,Property,81,1,3656.13,PRV_142,Urban,14,0,708.55,0
CLM_12253,4157.58,Property,99,0,2015.56,PRV_142,Urban,20,0,2142.01,0
CLM_12254,6255.85,Health,13,0,2153.86,PRV_138,Suburban,2,0,4101.99,0
CLM_12255,5223.43,Health,105,2,2020.77,PRV_111,Suburban,13,0,3202.66,1
CLM_12256,1537.59,Auto,39,1,1991.9,PRV_147,Rural,3,0,-454.31,0
CLM_12257,1918.08,Health,15,1,3437.61,PRV_104,Suburban,7,0,-1519.53,0
CLM_12258,5407.46,Auto,119,2,3094.52,PRV_101,Suburban,2,0,2312.94,0
CLM_12259,9144.06,Health,29,1,3748.22,PRV_115,Rural,1,0,5395.84,1
CLM_12260,642.38,Auto,29,1,500.0,PRV_129,Rural,27,1,142.38,1
CLM_12261,5877.11,Auto,75,0,2608.46,PRV_146,Suburban,7,0,3268.65,0
CLM_12262,7421.43,Auto,116,1,2622.6,PRV_142,Urban,0,0,4798.83,1
CLM_12263,5029.1,Auto,32,0,3052.63,PRV_137,Suburban,15,1,1976.46,0
CLM_12264,3360.92,Health,2,3,3026.77,PRV_144,Urban,11,0,334.15,0
CLM_12265,9020.54,Auto,47,3,3228.09,PRV_141,Urban,3,0,5792.46,0
CLM_12266,5191.25,Health,78,1,3088.81,PRV_123,Urban,6,0,2102.43,0
CLM_12267,3861.61,Auto,84,2,2541.2,PRV_129,Rural,5,0,1320.4,0
CLM_12268,3597.48,Health,22,3,2600.45,PRV_136,Rural,3,0,997.02,1
CLM_12269,4590.36,Auto,75,1,2947.18,PRV_138,Rural,39,1,1643.18,1
CLM_12270,7654.65,Auto,27,1,3504.64,PRV_110,Suburban,7,1,4150.0,1
CLM_12271,4887.72,Health,67,0,3085.1,PRV_113,Rural,22,0,1802.62,0
CLM_12272,2902.65,Auto,81,0,2214.82,PRV_122,Rural,8,0,687.83,0
CLM_12273,5100.06,Auto,108,0,2161.87,PRV_115,Suburban,11,0,2938.19,0
CLM_12274,3535.97,Auto,56,1,3509.9,PRV_149,Suburban,0,0,26.07,0
CLM_12275,3775.56,Auto,92,3,3757.39,PRV_120,Urban,7,1,18.16,0
CLM_12276,9123.5,Health,93,1,4071.01,PRV_103,Suburban,12,0,5052.49,0
CLM_12277,6691.11,Auto,21,0,2509.07,PRV_132,Suburban,1,0,4182.04,0
CLM_12278,1237.95,Health,47,1,1122.32,PRV_146,Rural,11,0,115.63,0
CLM_12279,3306.61,Property,80,1,3381.64,PRV_113,Urban,0,0,-75.03,0
CLM_12280,4970.25,Auto,101,0,2284.37,PRV_118,Urban,16,0,2685.88,0
CLM_12281,5943.9,Property,59,0,2896.63,PRV_104,Suburban,38,0,3047.27,0
CLM_12282,5094.25,Health,84,1,3148.23,PRV_135,Rural,9,0,1946.02,0
CLM_12283,2628.46,Health,6,0,3553.65,PRV_130,Rural,0,0,-925.19,0
CLM_12284,2839.95,Health,19,2,3893.2,PRV_144,Rural,8,0,-1053.25,0
CLM_12285,10187.9,Health,57,0,4169.63,PRV_117,Rural,13,0,6018.26,0
CLM_12286,7038.0,Health,69,0,4319.32,PRV_143,Suburban,27,0,2718.68,0
CLM_12287,8209.95,Auto,3,3,3104.05,PRV_130,Rural,0,0,5105.9,1
CLM_12288,2539.88,Auto,1,0,1311.36,PRV_129,Urban,14,0,1228.52,0
CLM_12289,4892.9,Auto,58,0,2390.46,PRV_120,Urban,1,0,2502.44,0
CLM_12290,12499.18,Auto,38,1,4408.13,PRV_146,Suburban,15,0,8091.05,0
CLM_12291,2870.22,Auto,15,1,3148.76,PRV_129,Rural,21,0,-278.54,1
CLM_12292,9619.14,Auto,34,1,5178.37,PRV_140,Rural,19,0,4440.77,1
CLM_12293,1691.46,Auto,61,0,2621.01,PRV_103,Rural,10,0,-929.55,0
CLM_12294,7423.73,Health,35,1,5312.86,PRV_104,Rural,6,0,2110.87,0
CLM_12295,2609.43,Property,64,0,2998.49,PRV_140,Suburban,20,0,-389.07,0
CLM_12296,2501.78,Property,113,0,2580.25,PRV_144,Rural,7,0,-78.47,0
CLM_12297,6491.97,Auto,25,2,2288.33,PRV_109,Suburban,2,0,4203.64,0
CLM_12298,7417.45,Health,24,1,3659.85,PRV_126,Rural,28,0,3757.6,1
CLM_12299,4332.99,Property,12,2,1586.95,PRV_115,Rural,4,0,2746.04,0
CLM_12300,3941.95,Auto,18,1,2450.24,PRV_129,Urban,9,0,1491.71,0
CLM_12301,5877.47,Auto,15,0,2947.42,PRV_112,Suburban,2,0,2930.05,0
CLM_12302,430.63,Property,108,1,742.16,PRV_135,Urban,1,0,-311.53,0
CLM_12303,4858.18,Health,80,1,2902.56,PRV_120,Suburban,8,1,1955.62,0
CLM_12304,9016.82,Auto,27,1,4720.5,PRV_144,Rural,8,0,4296.32,1
CLM_12305,1859.93,Auto,72,0,3431.96,PRV_139,Rural,4,0,-1572.03,0
CLM_12306,5793.35,Auto,60,1,2341.95,PRV_144,Suburban,3,0,3451.39,0
CLM_12307,3123.8,Property,46,2,2522.12,PRV_114,Urban,4,0,601.67,0
CLM_12308,5443.61,Health,89,1,3337.15,PRV_119,Suburban,15,0,2106.47,0
CLM_12309,4577.92,Auto,17,0,2489.25,PRV_119,Suburban,4,0,2088.67,0
CLM_12310,10338.02,Auto,93,2,3468.56,PRV_144,Rural,25,0,6869.46,0
CLM_12311,1840.75,Health,53,2,2461.02,PRV_104,Urban,1,0,-620.28,0
CLM_12312,3730.53,Health,8,1,1975.71,PRV_131,Suburban,26,0,1754.82,0
CLM_12313,7636.16,Auto,79,0,4180.8,PRV_105,Urban,11,0,3455.37,1
CLM_12314,2493.49,Property,27,0,3709.04,PRV_129,Urban,4,0,-1215.55,0
CLM_12315,2317.45,Auto,46,2,1111.57,PRV_125,Suburban,0,0,1205.88,0
CLM_12316,3241.41,Auto,50,0,2663.14,PRV_136,Urban,16,0,578.26,0
CLM_12317,3070.29,Health,116,0,4042.94,PRV_112,Rural,34,0,-972.65,1
CLM_12318,2682.54,Auto,71,1,2833.86,PRV_128,Rural,40,0,-151.31,0
CLM_12319,6191.39,Property,3,1,2419.45,PRV_104,Rural,5,0,3771.94,1
CLM_12320,2088.92,Health,93,1,2747.46,PRV_124,Rural,0,0,-658.53,0
CLM_12321,5186.89,Health,64,1,3110.92,PRV_112,Urban,3,0,2075.97,0
CLM_12322,2787.04,Auto,44,1,2820.36,PRV_123,Rural,3,0,-33.33,0
CLM_12323,2642.51,Auto,53,2,2917.32,PRV_130,Suburban,1,0,-274.81,0
CLM_12324,2890.76,Auto,24,1,2850.06,PRV_119,Rural,7,1,40.7,0
CLM_12325,3509.61,Health,60,1,2026.38,PRV_107,Suburban,9,1,1483.22,0
CLM_12326,2161.41,Health,3,0,1974.84,PRV_108,Suburban,13,0,186.57,0
CLM_12327,1416.93,Property,20,2,1910.04,PRV_120,Rural,0,0,-493.11,0
CLM_12328,7739.58,Health,46,0,3091.5,PRV_119,Rural,3,0,4648.08,0
CLM_12329,6626.52,Property,15,0,3582.77,PRV_114,Urban,4,1,3043.75,1
CLM_12330,1836.63,Health,25,0,2058.7,PRV_125,Suburban,22,0,-222.06,1
CLM_12331,2517.66,Auto,94,0,1499.88,PRV_141,Rural,23,0,1017.78,0
CLM_12332,1428.15,Auto,78,0,2128.68,PRV_110,Urban,3,0,-700.54,0
CLM_12333,8589.42,Health,71,1,4402.4,PRV_136,Rural,6,0,4187.01,0
CLM_12334,3629.35,Auto,17,1,2686.89,PRV_140,Rural,5,0,942.46,0
CLM_12335,2114.01,Auto,108,1,2785.92,PRV_110,Rural,7,1,-671.9,0
CLM_12336,2112.23,Health,84,2,2202.29,PRV_126,Suburban,3,0,-90.05,0
CLM_12337,4872.72,Property,100,0,3571.71,PRV_129,Rural,6,0,1301.02,1
CLM_12338,7237.74,Auto,9,0,2876.66,PRV_118,Urban,1,0,4361.08,1
CLM_12339,2124.2,Health,38,3,2273.36,PRV_133,Rural,12,0,-149.16,0
CLM_12340,1524.39,Property,48,0,1969.09,PRV_137,Rural,4,0,-444.7,0
CLM_12341,6045.83,Auto,60,1,3377.85,PRV_122,Urban,7,0,2667.98,0
CLM_12342,6190.94,Auto,63,1,3263.99,PRV_100,Urban,9,0,2926.95,1
CLM_12343,1278.31,Auto,86,1,1761.72,PRV_102,Suburban,18,0,-483.41,0
CLM_12344,5120.25,Health,118,1,4227.38,PRV_102,Suburban,0,0,892.87,0
CLM_12345,2728.12,Health,117,1,2358.11,PRV_127,Suburban,6,0,370.01,0
CLM_12346,748.54,Property,117,1,775.25,PRV_113,Suburban,22,0,-26.7,0
CLM_12347,5837.84,Health,2,2,4528.63,PRV_129,Urban,4,0,1309.21,0
CLM_12348,1717.53,Auto,88,1,2897.46,PRV_104,Rural,5,0,-1179.93,0
CLM_12349,7311.56,Auto,72,0,3434.47,PRV_148,Rural,0,0,3877.09,1
CLM_12350,13882.38,Health,11,1,4672.29,PRV_114,Rural,13,0,9210.09,0
CLM_12351,4164.77,Auto,64,0,1997.38,PRV_137,Suburban,0,0,2167.39,0
CLM_12352,4880.43,Auto,77,1,3479.34,PRV_113,Urban,9,0,1401.1,0
CLM_12353,9059.53,Auto,81,1,4175.33,PRV_113,Urban,4,0,4884.2,1
CLM_12354,3983.89,Auto,72,0,2065.49,PRV_148,Urban,4,0,1918.41,0
CLM_12355,11673.07,Auto,21,1,4460.66,PRV_107,Rural,8,0,7212.41,0
CLM_12356,3268.68,Auto,18,1,1590.84,PRV_107,Suburban,8,1,1677.84,0
CLM_12357,6056.72,Auto,94,2,2904.64,PRV_118,Urban,5,0,3152.08,1
CLM_12358,2028.9,Auto,64,1,1924.66,PRV_131,Suburban,3,0,104.24,0
CLM_12359,5688.15,Health,82,2,3695.84,PRV_130,Urban,7,0,1992.31,0
CLM_12360,2769.18,Property,110,3,2034.61,PRV_128,Suburban,3,0,734.57,0
CLM_12361,1259.4,Auto,111,0,2382.69,PRV_140,Urban,1,0,-1123.29,1
CLM_12362,2721.72,Health,95,0,2121.03,PRV_110,Suburban,16,0,600.68,1
CLM_12363,3083.96,Auto,38,0,1798.06,PRV_144,Urban,12,0,1285.9,0
CLM_12364,4465.22,Health,32,0,2233.03,PRV_112,Urban,0,0,2232.19,0
CLM_12365,8380.69,Property,11,0,2954.67,PRV_126,Suburban,1,0,5426.02,0
CLM_12366,3183.34,Health,45,0,2899.78,PRV_118,Suburban,1,0,283.55,0
CLM_12367,2452.49,Property,89,1,2783.53,PRV_125,Rural,15,0,-331.04,0
CLM_12368,6238.76,Auto,33,0,2333.46,PRV_136,Suburban,14,0,3905.31,1
CLM_12369,7547.52,Auto,102,2,2643.97,PRV_147,Urban,5,0,4903.55,0
CLM_12370,2432.63,Property,41,0,1414.41,PRV_108,Urban,17,0,1018.22,0
CLM_12371,1813.29,Auto,8,0,2301.01,PRV_127,Suburban,36,0,-487.72,0
CLM_12372,4760.43,Auto,11,0,2778.24,PRV_131,Rural,35,0,1982.19,0
CLM_12373,2548.54,Health,86,0,3294.36,PRV_102,Suburban,39,0,-745.82,0
CLM_12374,8590.37,Property,51,2,3172.26,PRV_131,Urban,18,0,5418.11,0
CLM_12375,4023.15,Property,88,0,1772.02,PRV_104,Urban,2,0,2251.13,0
CLM_12376,3780.31,Auto,41,0,3427.79,PRV_107,Rural,0,0,352.52,0
CLM_12377,8482.3,Property,17,0,3122.25,PRV_113,Suburban,16,0,5360.05,1
CLM_12378,9301.06,Auto,76,0,4440.17,PRV_102,Urban,3,0,4860.89,0
CLM_12379,4340.88,Auto,46,2,1505.6,PRV_123,Urban,4,0,2835.28,0
CLM_12380,8450.83,Health,32,2,2863.52,PRV_112,Urban,0,0,5587.31,1
CLM_12381,2048.73,Auto,79,0,4031.31,PRV_142,Suburban,12,0,-1982.58,0
CLM_12382,2164.31,Auto,80,0,2703.57,PRV_128,Suburban,5,0,-539.27,0
CLM_12383,3896.22,Health,54,1,2086.54,PRV_107,Rural,2,0,1809.67,0
CLM_12384,6310.78,Auto,86,0,2183.94,PRV_141,Urban,10,0,4126.84,1
CLM_12385,11299.81,Auto,92,1,3784.79,PRV_130,Urban,39,0,7515.02,0
CLM_12386,2785.52,Auto,20,0,1451.91,PRV_125,Rural,6,0,1333.61,0
CLM_12387,2492.11,Auto,33,2,2666.77,PRV_117,Urban,9,0,-174.66,1
CLM_12388,1927.73,Auto,74,0,2123.93,PRV_117,Rural,1,0,-196.2,0
CLM_12389,5298.96,Health,40,3,2199.06,PRV_106,Rural,1,0,3099.9,0
CLM_12390,6813.83,Health,32,1,3441.6,PRV_147,Urban,6,0,3372.23,0
CLM_12391,4875.84,Auto,114,1,2604.71,PRV_137,Suburban,18,0,2271.13,0
CLM_12392,5381.1,Property,97,0,3233.03,PRV_147,Suburban,23,0,2148.07,0
CLM_12393,4065.95,Auto,2,0,1757.99,PRV_115,Suburban,10,0,2307.96,0
CLM_12394,10130.6,Auto,97,0,3829.9,PRV_132,Suburban,4,0,6300.7,0
CLM_12395,4039.6,Property,33,0,3212.67,PRV_102,Urban,13,0,826.93,0
CLM_12396,4459.63,Auto,105,0,4238.01,PRV_137,Rural,3,0,221.62,0
CLM_12397,5641.17,Property,77,0,2593.05,PRV_103,Rural,2,0,3048.12,0
CLM_12398,9613.35,Auto,30,0,3449.56,PRV_135,Urban,15,0,6163.79,1
CLM_12399,5184.74,Health,33,1,3783.4,PRV_103,Suburban,13,0,1401.35,0
CLM_12400,4051.12,Auto,77,2,3429.9,PRV_141,Rural,21,0,621.22,0
CLM_12401,5004.49,Auto,116,0,4697.79,PRV_108,Urban,8,0,306.7,0
CLM_12402,1518.89,Auto,26,1,1336.78,PRV_139,Urban,22,0,182.11,0
CLM_12403,2658.24,Health,22,0,3174.65,PRV_116,Suburban,0,0,-516.41,0
CLM_12404,5167.4,Health,103,0,2594.15,PRV_116,Urban,2,0,2573.25,0
CLM_12405,3031.98,Property,66,0,2522.31,PRV_132,Rural,16,0,509.67,0
CLM_12406,9154.95,Auto,38,0,4493.53,PRV_119,Rural,5,0,4661.42,0
CLM_12407,1683.89,Auto,103,3,2379.79,PRV_113,Urban,2,0,-695.9,0
CLM_12408,3038.5,Auto,90,3,3852.83,PRV_121,Rural,15,0,-814.33,0
CLM_12409,3581.18,Health,46,0,1945.92,PRV_126,Urban,17,1,1635.26,0
CLM_12410,7150.02,Property,114,1,4019.51,PRV_142,Rural,6,1,3130.51,1
CLM_12411,3509.86,Auto,15,1,2977.55,PRV_102,Suburban,6,0,532.31,0
CLM_12412,6977.4,Health,98,1,2717.24,PRV_123,Rural,15,0,4260.16,0
CLM_12413,1415.86,Auto,106,0,1463.25,PRV_129,Suburban,14,0,-47.38,0
CLM_12414,3811.54,Health,119,1,2719.32,PRV_107,Suburban,20,0,1092.22,0
CLM_12415,4369.21,Property,44,1,2313.25,PRV_121,Urban,10,0,2055.97,0
CLM_12416,12666.9,Auto,49,0,4747.66,PRV_124,Suburban,2,0,7919.23,0
CLM_12417,4719.03,Auto,104,1,3051.67,PRV_109,Rural,7,1,1667.36,0
CLM_12418,3596.85,Property,75,1,2403.5,PRV_148,Rural,4,0,1193.35,0
CLM_12419,4601.52,Property,61,0,2361.15,PRV_128,Suburban,0,0,2240.37,1
CLM_12420,2118.59,Health,67,1,1640.1,PRV_139,Urban,2,0,478.48,0
CLM_12421,10278.84,Health,6,1,4522.28,PRV_100,Suburban,2,0,5756.56,0
CLM_12422,4774.44,Auto,9,0,4256.28,PRV_120,Rural,0,0,518.16,0
CLM_12423,7502.79,Health,6,1,2933.08,PRV_138,Rural,6,0,4569.71,1
CLM_12424,6116.2,Property,73,2,5179.35,PRV_123,Suburban,7,0,936.86,0
CLM_12425,8906.2,Health,103,2,2986.9,PRV_108,Suburban,4,0,5919.3,0
CLM_12426,5289.13,Auto,95,1,4096.43,PRV_143,Suburban,5,0,1192.7,0
CLM_12427,9618.17,Auto,32,1,3566.16,PRV_125,Rural,7,0,6052.01,0
CLM_12428,3622.22,Auto,41,0,2425.5,PRV_108,Rural,1,1,1196.72,0
CLM_12429,3548.77,Auto,114,0,3182.36,PRV_119,Rural,8,0,366.41,0
CLM_12430,3593.33,Auto,76,0,3372.72,PRV_134,Urban,12,0,220.6,0
CLM_12431,4452.11,Auto,8,0,1695.73,PRV_135,Rural,20,0,2756.38,0
CLM_12432,4181.92,Auto,72,1,3287.98,PRV_141,Rural,3,0,893.94,0
CLM_12433,5575.4,Auto,50,2,4140.94,PRV_135,Urban,13,0,1434.45,0
CLM_12434,2291.12,Health,92,0,2308.47,PRV_108,Urban,9,0,-17.35,0
CLM_12435,8099.02,Auto,62,0,2789.58,PRV_121,Urban,6,0,5309.44,0
CLM_12436,2101.86,Auto,84,1,1890.4,PRV_100,Urban,25,0,211.46,0
CLM_12437,2815.77,Auto,62,1,2517.2,PRV_104,Urban,9,0,298.56,0
CLM_12438,7420.46,Auto,111,1,2594.8,PRV_108,Urban,4,0,4825.66,1
CLM_12439,12600.23,Health,7,0,4578.16,PRV_136,Suburban,12,0,8022.07,1
CLM_12440,3010.86,Auto,75,2,2682.81,PRV_137,Suburban,32,0,328.05,1
CLM_12441,6573.83,Health,84,1,2469.68,PRV_118,Suburban,25,0,4104.15,0
CLM_12442,3268.01,Property,80,0,2906.04,PRV_107,Suburban,39,0,361.97,0
CLM_12443,919.04,Health,4,0,1292.31,PRV_141,Rural,0,0,-373.27,0
CLM_12444,1635.86,Health,6,0,641.29,PRV_142,Urban,5,0,994.57,0
CLM_12445,3929.67,Property,58,0,1617.88,PRV_131,Rural,5,0,2311.79,0
CLM_12446,4110.81,Health,22,2,3324.1,PRV_112,Urban,4,0,786.71,0
CLM_12447,2174.1,Auto,26,0,2997.32,PRV_119,Urban,1,0,-823.22,0
CLM_12448,3931.39,Auto,3,1,3869.11,PRV_135,Rural,17,0,62.28,0
CLM_12449,3592.01,Property,41,0,1479.63,PRV_142,Suburban,11,0,2112.38,0
CLM_12450,8141.4,Auto,60,1,2795.94,PRV_143,Rural,9,0,5345.47,0
CLM_12451,1615.89,Auto,106,0,1408.18,PRV_136,Rural,5,0,207.71,1
CLM_12452,8317.44,Health,14,1,3267.32,PRV_129,Urban,4,0,5050.12,0
CLM_12453,1735.38,Property,75,1,1622.1,PRV_109,Urban,15,0,113.27,0
CLM_12454,6061.84,Auto,82,3,2756.63,PRV_130,Urban,7,0,3305.2,0
CLM_12455,2273.44,Health,118,1,3206.4,PRV_124,Suburban,9,0,-932.95,0
CLM_12456,5121.7,Auto,12,2,2608.8,PRV_128,Rural,1,0,2512.9,1
CLM_12457,865.71,Health,87,1,738.05,PRV_123,Rural,6,0,127.66,0
CLM_12458,13122.67,Auto,12,0,4662.33,PRV_138,Suburban,1,0,8460.34,0
CLM_12459,3064.16,Auto,13,1,2502.62,PRV_120,Rural,0,0,561.53,0
CLM_12460,2080.32,Property,25,1,1390.49,PRV_140,Rural,11,0,689.83,0
CLM_12461,9785.5,Auto,45,3,3761.2,PRV_108,Urban,3,0,6024.3,1
CLM_12462,6061.33,Health,115,1,3798.57,PRV_141,Suburban,33,0,2262.76,0
CLM_12463,2956.89,Auto,19,1,2697.82,PRV_141,Urban,9,0,259.07,0
CLM_12464,8477.62,Auto,55,2,4536.25,PRV_101,Suburban,10,0,3941.37,0
CLM_12465,5874.14,Health,110,2,2259.3,PRV_103,Urban,2,0,3614.84,0
CLM_12466,5026.87,Auto,100,2,3175.65,PRV_107,Rural,1,0,1851.23,0
CLM_12467,2921.76,Auto,45,0,3510.8,PRV_131,Suburban,7,0,-589.04,0
CLM_12468,6580.13,Auto,8,0,4514.0,PRV_113,Suburban,25,0,2066.13,0
CLM_12469,3049.81,Health,93,1,1056.69,PRV_148,Urban,0,0,1993.12,1
CLM_12470,3598.71,Property,119,2,5291.81,PRV_112,Suburban,7,0,-1693.09,0
CLM_12471,6348.93,Property,53,1,4173.87,PRV_120,Rural,2,1,2175.06,1
CLM_12472,7313.1,Auto,55,0,3449.46,PRV_123,Rural,15,0,3863.64,0
CLM_12473,1532.09,Auto,32,1,2200.35,PRV_149,Rural,11,0,-668.26,0
CLM_12474,2883.25,Auto,51,0,2116.33,PRV_117,Urban,1,0,766.92,0
CLM_12475,9375.07,Property,44,0,3287.83,PRV_144,Suburban,9,0,6087.24,1
CLM_12476,2014.49,Auto,82,2,3493.8,PRV_139,Urban,41,0,-1479.31,1
CLM_12477,8006.21,Property,70,1,3364.87,PRV_125,Rural,7,0,4641.35,0
CLM_12478,8226.22,Auto,18,0,3159.75,PRV_131,Suburban,3,0,5066.47,1
CLM_12479,4093.14,Property,83,0,3431.96,PRV_143,Rural,1,0,661.17,0
CLM_12480,844.34,Property,22,0,814.38,PRV_132,Suburban,45,0,29.96,1
CLM_12481,7619.51,Property,37,2,2733.9,PRV_130,Suburban,8,0,4885.61,0
CLM_12482,3896.42,Auto,96,0,1616.77,PRV_117,Urban,4,1,2279.65,1
CLM_12483,2318.6,Auto,56,1,2959.46,PRV_134,Suburban,2,0,-640.87,0
CLM_12484,4437.78,Auto,105,1,4306.47,PRV_111,Rural,29,0,131.32,0
CLM_12485,4294.28,Auto,59,1,2091.31,PRV_124,Suburban,9,0,2202.96,0
CLM_12486,3547.26,Auto,3,1,2290.71,PRV_144,Rural,0,1,1256.55,1
CLM_12487,3785.79,Health,28,0,2150.48,PRV_130,Urban,0,0,1635.3,0
CLM_12488,6575.57,Auto,74,1,2284.09,PRV_109,Rural,28,0,4291.48,1
CLM_12489,5510.87,Health,115,1,3554.05,PRV_146,Suburban,12,0,1956.82,0
CLM_12490,10241.36,Health,35,0,3787.2,PRV_133,Rural,1,0,6454.16,1
CLM_12491,9617.1,Auto,61,1,4469.2,PRV_102,Rural,9,0,5147.9,1
CLM_12492,1603.97,Property,93,0,1994.87,PRV_145,Suburban,5,0,-390.9,0
CLM_12493,8698.77,Auto,54,0,3683.94,PRV_138,Rural,15,0,5014.83,1
CLM_12494,6932.68,Auto,63,3,3850.37,PRV_107,Suburban,3,0,3082.31,1
CLM_12495,4945.26,Auto,79,1,4653.3,PRV_131,Urban,4,0,291.96,0
CLM_12496,2532.82,Property,97,1,2069.51,PRV_142,Rural,1,0,463.31,0
CLM_12497,1886.55,Auto,7,2,996.42,PRV_128,Urban,2,1,890.13,0
CLM_12498,5456.82,Auto,76,0,2722.61,PRV_121,Rural,2,0,2734.2,0
CLM_12499,16963.93,Health,49,1,5808.69,PRV_119,Rural,0,0,11155.24,0
CLM_12500,5022.41,Auto,94,2,1904.74,PRV_105,Urban,0,0,3117.67,1
CLM_12501,3537.83,Health,85,0,3486.92,PRV_142,Rural,18,0,50.9,0
CLM_12502,1907.74,Property,31,2,783.47,PRV_148,Rural,16,0,1124.27,0
CLM_12503,2507.23,Property,58,1,4814.84,PRV_128,Urban,1,0,-2307.61,0
CLM_12504,924.94,Auto,61,0,1121.8,PRV_141,Rural,11,0,-196.85,0
CLM_12505,608.41,Auto,24,0,608.87,PRV_116,Suburban,13,0,-0.46,0
CLM_12506,6176.04,Auto,20,0,3098.87,PRV_130,Rural,0,0,3077.17,0
CLM_12507,3076.93,Auto,37,1,3118.37,PRV_133,Rural,0,1,-41.44,0
CLM_12508,6245.26,Auto,4,0,4419.29,PRV_137,Rural,8,0,1825.97,0
CLM_12509,4261.16,Auto,92,1,3849.46,PRV_136,Urban,4,0,411.7,0
CLM_12510,1342.77,Property,108,0,999.42,PRV_103,Suburban,12,0,343.34,0
CLM_12511,8134.63,Property,20,1,2848.13,PRV_101,Suburban,8,0,5286.5,1
CLM_12512,6893.63,Auto,60,1,2302.91,PRV_111,Rural,0,0,4590.72,0
CLM_12513,3686.7,Auto,24,1,1664.95,PRV_134,Urban,11,0,2021.75,0
CLM_12514,6629.63,Auto,50,0,3433.67,PRV_105,Urban,2,0,3195.96,1
CLM_12515,9182.09,Auto,49,1,4042.98,PRV_145,Suburban,3,0,5139.11,1
CLM_12516,5331.22,Health,51,1,2194.7,PRV_107,Urban,13,0,3136.52,0
CLM_12517,6261.22,Health,96,4,2667.15,PRV_120,Rural,14,0,3594.07,0
CLM_12518,1926.6,Property,105,1,2733.81,PRV_145,Rural,4,0,-807.21,0
CLM_12519,2983.83,Health,36,4,2338.91,PRV_134,Urban,0,1,644.92,0
CLM_12520,3495.1,Health,117,2,2572.62,PRV_147,Rural,14,0,922.48,0
CLM_12521,3327.68,Health,98,3,2338.27,PRV_114,Suburban,20,0,989.41,0
CLM_12522,4251.95,Auto,100,0,3124.63,PRV_106,Rural,33,0,1127.32,0
CLM_12523,5956.01,Health,66,0,2413.56,PRV_114,Urban,3,0,3542.45,0
CLM_12524,8118.82,Auto,79,1,3427.09,PRV_144,Suburban,1,0,4691.73,0
CLM_12525,1232.66,Auto,34,1,2409.89,PRV_105,Rural,27,0,-1177.23,0
CLM_12526,4525.44,Auto,36,1,3646.74,PRV_146,Suburban,5,0,878.7,0
CLM_12527,4917.92,Auto,6,1,2388.32,PRV_116,Urban,0,0,2529.61,0
CLM_12528,2886.98,Property,39,1,3605.74,PRV_103,Rural,6,0,-718.75,0
CLM_12529,1458.65,Auto,42,1,2151.41,PRV_121,Rural,2,1,-692.76,0
CLM_12530,9989.25,Auto,115,0,3885.36,PRV_131,Suburban,4,0,6103.89,0
CLM_12531,1993.91,Auto,115,0,1221.98,PRV_121,Rural,3,0,771.93,0
CLM_12532,7902.23,Health,58,0,2994.15,PRV_126,Rural,43,0,4908.07,1
CLM_12533,6225.37,Auto,118,0,2432.85,PRV_145,Rural,10,0,3792.52,1
CLM_12534,8074.05,Property,12,1,2953.82,PRV_114,Rural,6,0,5120.23,0
CLM_12535,1125.93,Property,3,2,1814.01,PRV_143,Urban,7,0,-688.08,0
CLM_12536,2708.13,Health,109,0,2805.4,PRV_121,Rural,9,0,-97.28,0
CLM_12537,2345.08,Health,18,1,1890.65,PRV_127,Suburban,20,0,454.43,0
CLM_12538,2321.53,Auto,40,1,2761.83,PRV_141,Urban,1,0,-440.3,0
CLM_12539,4573.54,Auto,21,4,2668.85,PRV_137,Suburban,9,1,1904.69,0
CLM_12540,8316.29,Health,15,1,3329.92,PRV_108,Suburban,3,0,4986.37,0
CLM_12541,8823.26,Auto,97,1,3065.81,PRV_133,Suburban,8,0,5757.45,0
CLM_12542,13288.18,Auto,99,1,4878.3,PRV_135,Urban,7,0,8409.88,1
CLM_12543,4092.03,Health,26,0,2490.07,PRV_108,Urban,0,0,1601.96,0
CLM_12544,5996.33,Auto,8,0,2867.37,PRV_114,Urban,8,1,3128.96,1
CLM_12545,6658.89,Property,100,0,6184.31,PRV_144,Rural,12,0,474.59,0
CLM_12546,4185.56,Auto,112,0,2776.45,PRV_119,Suburban,2,0,1409.11,0
CLM_12547,10586.55,Health,94,0,3953.22,PRV_107,Urban,1,0,6633.33,1
CLM_12548,2049.34,Health,87,4,3576.55,PRV_127,Suburban,2,0,-1527.21,0
CLM_12549,9772.77,Health,42,2,5334.78,PRV_118,Urban,10,0,4437.99,0
CLM_12550,4209.0,Auto,44,1,1569.35,PRV_115,Urban,6,1,2639.65,1
CLM_12551,1171.65,Health,14,0,1455.42,PRV_110,Urban,20,0,-283.77,0
CLM_12552,5564.24,Property,78,1,1882.12,PRV_141,Suburban,3,0,3682.12,0
CLM_12553,1684.68,Auto,2,1,3172.78,PRV_107,Rural,4,0,-1488.1,0
CLM_12554,5421.36,Auto,119,2,1996.6,PRV_132,Urban,7,0,3424.76,1
CLM_12555,1199.47,Health,37,0,866.56,PRV_109,Urban,6,1,332.92,1
CLM_12556,1726.37,Health,69,0,2075.64,PRV_117,Urban,7,0,-349.28,0
CLM_12557,3009.48,Auto,38,1,3368.58,PRV_134,Rural,3,0,-359.11,0
CLM_12558,4723.09,Property,109,1,2096.4,PRV_142,Suburban,1,0,2626.68,0
CLM_12559,11088.41,Auto,41,0,4142.41,PRV_149,Suburban,16,0,6945.99,0
CLM_12560,3941.69,Auto,62,0,1874.62,PRV_102,Suburban,0,0,2067.07,0
CLM_12561,8505.35,Health,118,1,3014.14,PRV_139,Suburban,4,0,5491.2,0
CLM_12562,6799.76,Health,60,1,2609.07,PRV_126,Urban,0,0,4190.69,0
CLM_12563,1666.23,Property,111,0,3188.48,PRV_127,Rural,13,0,-1522.25,0
CLM_12564,7148.57,Property,14,0,3288.85,PRV_145,Urban,4,0,3859.71,0
CLM_12565,5784.62,Auto,103,1,4585.2,PRV_105,Rural,0,0,1199.43,0
CLM_12566,6037.51,Auto,89,1,3689.85,PRV_146,Suburban,0,1,2347.66,0
CLM_12567,1895.94,Auto,84,0,2579.23,PRV_113,Rural,2,0,-683.3,1
CLM_12568,4354.4,Health,2,0,3612.86,PRV_106,Urban,15,0,741.53,0
CLM_12569,7806.95,Property,103,0,3750.25,PRV_109,Urban,16,0,4056.7,0
CLM_12570,5276.81,Auto,70,0,5044.97,PRV_114,Suburban,56,0,231.84,0
CLM_12571,6023.58,Auto,17,0,2842.87,PRV_130,Urban,2,0,3180.72,1
CLM_12572,8189.95,Auto,89,0,2917.08,PRV_128,Urban,0,1,5272.87,1
CLM_12573,2209.41,Property,28,2,4312.3,PRV_141,Rural,3,0,-2102.89,1
CLM_12574,2468.07,Auto,66,1,1001.48,PRV_116,Urban,1,0,1466.59,0
CLM_12575,5879.48,Auto,35,0,2795.36,PRV_128,Suburban,12,0,3084.12,0
CLM_12576,2277.86,Health,101,3,3694.33,PRV_148,Suburban,34,0,-1416.47,1
CLM_12577,10018.54,Property,5,1,4047.21,PRV_143,Urban,3,0,5971.33,1
CLM_12578,839.12,Health,65,0,790.65,PRV_114,Suburban,3,0,48.47,0
CLM_12579,1935.17,Health,40,1,1661.73,PRV_125,Rural,4,0,273.44,0
CLM_12580,372.26,Auto,76,1,507.31,PRV_111,Rural,19,0,-135.05,1
CLM_12581,7110.52,Health,56,0,3872.94,PRV_124,Urban,8,0,3237.58,1
CLM_12582,5593.57,Health,36,1,3204.46,PRV_140,Urban,36,0,2389.11,0
CLM_12583,6044.93,Property,45,0,4419.01,PRV_104,Rural,9,0,1625.92,0
CLM_12584,2792.54,Auto,23,1,3029.17,PRV_103,Suburban,12,0,-236.62,0
CLM_12585,13599.75,Auto,47,1,5240.98,PRV_143,Urban,0,0,8358.76,0
CLM_12586,5535.19,Auto,31,0,2056.97,PRV_147,Urban,30,0,3478.22,0
CLM_12587,4874.61,Auto,11,0,2632.86,PRV_140,Suburban,9,0,2241.75,0
CLM_12588,3790.16,Property,10,0,3412.83,PRV_130,Urban,7,1,377.33,0
CLM_12589,1693.19,Auto,67,1,2287.25,PRV_102,Suburban,4,0,-594.05,0
CLM_12590,9128.48,Auto,118,1,3417.17,PRV_102,Suburban,0,1,5711.32,1
CLM_12591,2138.5,Auto,14,0,2889.35,PRV_125,Suburban,1,0,-750.85,0
CLM_12592,1508.82,Auto,80,1,2831.08,PRV_149,Suburban,0,0,-1322.25,0
CLM_12593,4810.82,Auto,74,0,2874.72,PRV_116,Suburban,66,0,1936.1,1
CLM_12594,8626.83,Auto,93,0,3705.4,PRV_109,Rural,15,0,4921.43,0
CLM_12595,4367.87,Auto,10,0,2657.11,PRV_101,Suburban,15,0,1710.76,0
CLM_12596,1181.66,Health,76,1,1880.05,PRV_123,Rural,13,0,-698.39,0
CLM_12597,6824.67,Health,94,0,3067.17,PRV_110,Suburban,6,0,3757.51,0
CLM_12598,4982.57,Auto,105,3,2366.08,PRV_123,Urban,0,0,2616.49,0
CLM_12599,4409.39,Property,1,0,2000.79,PRV_134,Rural,0,0,2408.6,0
CLM_12600,1304.55,Health,5,1,1269.01,PRV_122,Urban,24,0,35.54,0
CLM_12601,9785.56,Health,20,0,3931.13,PRV_131,Suburban,0,0,5854.42,0
CLM_12602,6218.63,Auto,8,0,3662.5,PRV_122,Suburban,12,0,2556.13,0
CLM_12603,8113.53,Auto,43,0,4407.41,PRV_133,Urban,9,0,3706.11,0
CLM_12604,5598.9,Auto,76,1,3002.78,PRV_140,Suburban,6,0,2596.12,0
CLM_12605,4963.66,Auto,1,0,4078.55,PRV_118,Urban,36,0,885.11,1
CLM_12606,2314.06,Auto,57,1,2056.33,PRV_101,Suburban,2,0,257.73,0
CLM_12607,558.95,Property,64,3,1091.89,PRV_101,Suburban,15,0,-532.93,0
CLM_12608,3353.46,Auto,118,1,2248.34,PRV_114,Rural,11,0,1105.12,0
CLM_12609,4785.54,Auto,84,1,2794.06,PRV_120,Urban,36,0,1991.48,0
CLM_12610,7920.63,Health,28,1,3360.46,PRV_134,Suburban,27,0,4560.17,1
CLM_12611,2853.48,Auto,107,0,4280.85,PRV_104,Urban,1,0,-1427.38,0
CLM_12612,9334.96,Health,37,0,3322.08,PRV_142,Rural,3,0,6012.88,0
CLM_12613,6098.03,Health,47,2,5257.4,PRV_126,Urban,19,0,840.64,0
CLM_12614,4420.17,Health,101,1,3119.82,PRV_123,Rural,2,1,1300.35,0
CLM_12615,1925.27,Property,76,2,3100.74,PRV_106,Urban,4,1,-1175.47,1
CLM_12616,7119.86,Auto,37,0,3338.2,PRV_105,Urban,9,0,3781.65,1
CLM_12617,7678.02,Health,49,0,3378.95,PRV_145,Rural,8,0,4299.06,0
CLM_12618,9494.79,Property,113,1,3364.59,PRV_132,Suburban,10,0,6130.21,0
CLM_12619,2372.45,Health,44,1,1767.75,PRV_148,Suburban,12,0,604.7,0
CLM_12620,4404.68,Auto,56,1,3852.19,PRV_116,Suburban,13,0,552.49,0
CLM_12621,12746.85,Property,28,0,5505.69,PRV_145,Urban,13,0,7241.17,0
CLM_12622,4799.28,Auto,111,0,2117.02,PRV_141,Urban,47,0,2682.26,1
CLM_12623,8411.2,Property,79,1,2958.76,PRV_129,Suburban,4,0,5452.44,1
CLM_12624,1648.85,Auto,6,1,1627.21,PRV_107,Urban,0,0,21.64,0
CLM_12625,8491.47,Health,108,1,3751.92,PRV_139,Urban,4,0,4739.55,0
CLM_12626,2502.53,Property,61,0,3750.96,PRV_145,Suburban,24,0,-1248.43,0
CLM_12627,2544.52,Auto,20,0,1495.97,PRV_106,Rural,0,0,1048.55,0
CLM_12628,1347.47,Auto,114,1,1687.55,PRV_105,Urban,10,0,-340.08,0
CLM_12629,1958.69,Auto,78,0,918.34,PRV_103,Urban,5,0,1040.35,0
CLM_12630,9157.52,Property,2,1,4570.38,PRV_100,Urban,25,1,4587.14,0
CLM_12631,1344.5,Property,73,1,2161.28,PRV_114,Urban,26,0,-816.79,0
CLM_12632,3722.79,Health,37,0,2865.79,PRV_130,Rural,15,0,857.0,0
CLM_12633,3917.32,Health,20,1,2633.35,PRV_124,Suburban,1,0,1283.98,0
CLM_12634,4467.66,Property,26,0,3988.45,PRV_146,Urban,0,0,479.21,0
CLM_12635,2183.96,Auto,29,1,3660.22,PRV_132,Suburban,1,0,-1476.26,0
CLM_12636,4678.24,Auto,1,2,3606.82,PRV_134,Urban,3,0,1071.42,0
CLM_12637,5429.52,Health,119,0,2187.94,PRV_104,Rural,2,1,3241.57,0
CLM_12638,5154.73,Auto,35,1,3681.23,PRV_104,Suburban,4,0,1473.5,0
CLM_12639,5140.06,Auto,70,0,3928.44,PRV_135,Rural,1,0,1211.63,0
CLM_12640,10423.34,Auto,101,1,3651.7,PRV_116,Urban,13,0,6771.64,0
CLM_12641,1033.54,Auto,117,0,1710.94,PRV_113,Rural,18,0,-677.4,0
CLM_12642,4522.69,Property,59,0,1870.26,PRV_128,Rural,6,0,2652.44,0
CLM_12643,8089.75,Auto,69,1,4737.12,PRV_107,Urban,31,0,3352.62,0
CLM_12644,14145.4,Health,33,0,4943.95,PRV_133,Urban,1,0,9201.46,1
CLM_12645,4347.21,Auto,113,1,2930.02,PRV_139,Suburban,1,0,1417.18,0
CLM_12646,6648.52,Auto,51,1,2928.73,PRV_100,Urban,2,0,3719.8,1
CLM_12647,2130.74,Auto,78,0,3157.41,PRV_128,Suburban,40,0,-1026.67,0
CLM_12648,10099.7,Health,12,0,3579.0,PRV_135,Rural,5,0,6520.7,0
CLM_12649,2120.31,Health,106,0,1557.5,PRV_136,Rural,25,0,562.81,0
CLM_12650,5847.1,Property,20,1,3230.42,PRV_128,Suburban,2,0,2616.68,1
CLM_12651,1666.39,Health,53,2,1969.25,PRV_104,Urban,18,0,-302.86,0
CLM_12652,8533.71,Health,114,1,2979.76,PRV_131,Urban,3,0,5553.96,0
CLM_12653,4618.38,Health,88,0,2116.17,PRV_123,Rural,13,0,2502.21,0
CLM_12654,1493.03,Property,43,2,2351.72,PRV_118,Suburban,36,0,-858.69,0
CLM_12655,2825.3,Health,98,1,3181.59,PRV_111,Rural,27,0,-356.28,0
CLM_12656,3573.06,Auto,89,1,2382.7,PRV_100,Rural,17,0,1190.36,0
CLM_12657,1980.86,Health,50,2,1901.15,PRV_106,Urban,0,0,79.71,0
CLM_12658,5618.39,Health,29,2,4453.51,PRV_116,Suburban,9,0,1164.88,0
CLM_12659,5734.36,Health,57,0,1915.46,PRV_133,Rural,18,0,3818.9,1
CLM_12660,1480.19,Auto,39,2,689.54,PRV_142,Urban,5,0,790.65,0
CLM_12661,10012.33,Property,95,1,3568.76,PRV_106,Rural,13,0,6443.56,1
CLM_12662,4308.04,Property,56,0,2710.32,PRV_116,Rural,1,0,1597.72,0
CLM_12663,6760.35,Auto,111,0,2970.66,PRV_102,Urban,1,0,3789.69,0
CLM_12664,5208.56,Property,43,1,3158.18,PRV_128,Urban,10,0,2050.37,0
CLM_12665,5639.66,Auto,50,0,4270.65,PRV_121,Suburban,5,0,1369.01,0
CLM_12666,8744.78,Auto,23,1,4863.8,PRV_137,Rural,2,0,3880.98,0
CLM_12667,5102.3,Auto,44,0,3253.44,PRV_142,Suburban,3,1,1848.86,0
CLM_12668,5384.07,Auto,38,2,1824.27,PRV_128,Urban,9,0,3559.8,0
CLM_12669,5475.29,Property,84,1,3145.96,PRV_149,Urban,12,0,2329.32,0
CLM_12670,9072.67,Auto,23,0,3589.18,PRV_149,Rural,2,1,5483.49,0
CLM_12671,8676.07,Auto,45,1,4003.64,PRV_141,Suburban,31,0,4672.44,1
CLM_12672,5330.48,Auto,52,0,3137.29,PRV_104,Suburban,0,0,2193.18,0
CLM_12673,4111.4,Auto,80,0,2439.46,PRV_129,Rural,12,0,1671.94,1
CLM_12674,2835.73,Auto,50,1,2093.21,PRV_122,Rural,3,0,742.52,1
CLM_12675,2212.91,Health,106,0,2883.45,PRV_120,Suburban,6,0,-670.53,0
CLM_12676,3603.1,Auto,119,0,1499.0,PRV_125,Urban,8,0,2104.1,0
CLM_12677,9488.1,Property,8,1,3394.38,PRV_146,Urban,8,0,6093.72,0
CLM_12678,3319.94,Property,114,2,3177.32,PRV_120,Rural,14,0,142.62,0
CLM_12679,8927.57,Auto,85,1,3172.35,PRV_119,Suburban,17,0,5755.22,0
CLM_12680,4017.86,Property,1,1,3717.63,PRV_122,Suburban,0,0,300.24,0
CLM_12681,8123.9,Auto,119,0,4450.97,PRV_103,Suburban,12,0,3672.93,0
CLM_12682,3981.45,Auto,8,0,2929.57,PRV_120,Urban,5,1,1051.88,1
CLM_12683,2419.31,Auto,29,2,3076.93,PRV_120,Urban,17,0,-657.63,0
CLM_12684,1662.62,Auto,96,0,2630.33,PRV_100,Suburban,9,0,-967.71,0
CLM_12685,5019.59,Health,102,1,3551.51,PRV_114,Suburban,0,0,1468.08,0
CLM_12686,1850.37,Health,5,2,2992.38,PRV_116,Rural,10,0,-1142.01,0
CLM_12687,3159.99,Auto,111,0,4155.06,PRV_113,Rural,25,0,-995.07,0
CLM_12688,3537.69,Health,86,0,4134.05,PRV_118,Suburban,0,0,-596.36,0
CLM_12689,1673.92,Auto,47,0,3316.08,PRV_149,Suburban,6,0,-1642.16,0
CLM_12690,2579.08,Health,34,4,2920.39,PRV_133,Urban,9,1,-341.3,1
CLM_12691,5298.62,Auto,65,4,2726.75,PRV_105,Suburban,2,0,2571.86,0
CLM_12692,8870.79,Auto,55,0,3480.37,PRV_144,Rural,10,0,5390.42,1
CLM_12693,3425.82,Auto,119,0,3483.03,PRV_148,Urban,0,0,-57.21,0
CLM_12694,1914.4,Auto,90,1,2726.37,PRV_105,Rural,23,1,-811.96,0
CLM_12695,7641.64,Health,43,2,3288.44,PRV_104,Rural,14,0,4353.19,0
CLM_12696,1158.31,Property,74,0,2225.78,PRV_106,Urban,28,1,-1067.47,1
CLM_12697,8059.32,Auto,30,0,3450.93,PRV_132,Rural,5,0,4608.39,0
CLM_12698,1912.04,Health,114,0,2309.81,PRV_112,Suburban,0,0,-397.77,0
CLM_12699,4038.77,Health,82,0,3772.04,PRV_100,Rural,4,0,266.73,0
CLM_12700,2147.1,Property,17,1,2683.29,PRV_112,Urban,7,0,-536.19,0
CLM_12701,5226.97,Auto,26,0,4673.84,PRV_142,Urban,27,0,553.13,0
CLM_12702,7583.89,Auto,8,0,3039.1,PRV_126,Urban,21,0,4544.79,1
CLM_12703,2691.92,Property,47,1,3237.96,PRV_106,Rural,9,0,-546.05,0
CLM_12704,4780.66,Health,104,1,1601.34,PRV_102,Suburban,13,0,3179.32,1
CLM_12705,5806.7,Auto,113,0,4406.54,PRV_124,Urban,30,1,1400.15,0
CLM_12706,8308.36,Auto,76,2,2962.07,PRV_132,Suburban,19,0,5346.29,1
CLM_12707,4621.41,Auto,91,2,4739.5,PRV_139,Urban,10,0,-118.1,0
CLM_12708,2956.02,Health,72,0,3048.24,PRV_116,Suburban,7,0,-92.23,0
CLM_12709,5330.32,Health,89,3,2785.87,PRV_144,Suburban,6,0,2544.45,0
CLM_12710,1559.06,Auto,46,1,2488.53,PRV_113,Suburban,14,0,-929.46,0
CLM_12711,9114.59,Health,68,1,3642.18,PRV_136,Urban,16,0,5472.41,0
CLM_12712,5629.82,Health,33,4,3520.76,PRV_122,Rural,2,0,2109.07,0
CLM_12713,3745.08,Health,1,1,1665.97,PRV_123,Rural,6,1,2079.11,0
CLM_12714,2276.93,Health,19,0,2431.11,PRV_128,Rural,14,1,-154.18,0
CLM_12715,7839.15,Property,31,1,3722.48,PRV_137,Suburban,11,0,4116.67,1
CLM_12716,4676.13,Auto,80,2,2355.52,PRV_126,Urban,8,0,2320.61,0
CLM_12717,5215.43,Property,14,0,2182.96,PRV_137,Suburban,3,0,3032.47,0
CLM_12718,3974.54,Auto,53,3,3196.24,PRV_139,Urban,9,0,778.3,0
CLM_12719,8745.62,Auto,48,1,3087.15,PRV_144,Suburban,9,0,5658.47,0
CLM_12720,7362.69,Auto,69,1,2536.01,PRV_149,Urban,5,0,4826.67,0
CLM_12721,12730.39,Auto,105,0,4767.39,PRV_122,Urban,32,0,7963.01,1
CLM_12722,5502.65,Auto,90,0,2850.99,PRV_130,Urban,10,0,2651.66,0
CLM_12723,2690.51,Auto,62,0,1735.01,PRV_135,Suburban,19,0,955.5,0
CLM_12724,890.78,Property,92,2,1381.09,PRV_116,Rural,1,0,-490.31,0
CLM_12725,11536.74,Auto,66,2,4022.48,PRV_136,Suburban,14,0,7514.26,0
CLM_12726,5478.47,Health,114,0,1902.61,PRV_102,Suburban,9,1,3575.86,0
CLM_12727,1656.81,Auto,64,2,3030.44,PRV_135,Urban,3,0,-1373.64,0
CLM_12728,2959.89,Property,70,0,2126.02,PRV_104,Urban,1,0,833.87,0
CLM_12729,7824.56,Health,63,0,2897.89,PRV_145,Rural,4,0,4926.67,0
CLM_12730,2350.72,Auto,73,1,3347.99,PRV_114,Rural,5,0,-997.26,0
CLM_12731,1620.43,Health,33,1,1634.46,PRV_148,Urban,1,0,-14.03,0
CLM_12732,7497.27,Health,41,1,2544.3,PRV_105,Rural,11,0,4952.97,0
CLM_12733,6091.06,Health,89,2,2326.41,PRV_109,Rural,3,0,3764.65,0
CLM_12734,5656.6,Health,48,0,2034.63,PRV_131,Urban,16,0,3621.97,0
CLM_12735,2244.82,Health,13,0,2624.33,PRV_122,Suburban,10,0,-379.52,0
CLM_12736,2443.42,Health,73,2,2376.2,PRV_147,Rural,3,0,67.22,0
CLM_12737,7798.42,Auto,117,1,3872.99,PRV_116,Urban,4,0,3925.43,1
CLM_12738,4007.32,Auto,77,1,2284.22,PRV_145,Rural,28,0,1723.09,0
CLM_12739,4300.62,Property,31,0,3450.82,PRV_119,Rural,29,0,849.79,0
CLM_12740,9255.58,Auto,105,1,3415.83,PRV_143,Urban,5,0,5839.75,1
CLM_12741,4127.16,Auto,75,0,1498.89,PRV_140,Rural,11,0,2628.27,0
CLM_12742,3066.02,Auto,68,3,2494.3,PRV_114,Rural,39,0,571.72,0
CLM_12743,2570.26,Auto,98,0,2889.94,PRV_143,Rural,51,1,-319.68,1
CLM_12744,2849.83,Property,102,0,3265.41,PRV_145,Suburban,0,0,-415.59,0
CLM_12745,4728.75,Auto,110,4,2763.63,PRV_121,Suburban,8,0,1965.12,0
CLM_12746,3364.07,Auto,4,0,4041.91,PRV_149,Rural,12,1,-677.84,0
CLM_12747,5226.38,Health,102,0,3104.75,PRV_105,Urban,2,0,2121.63,0
CLM_12748,5701.76,Property,19,0,3445.51,PRV_103,Rural,17,0,2256.24,0
CLM_12749,6525.87,Auto,70,0,2407.83,PRV_122,Rural,6,0,4118.05,1
CLM_12750,4292.32,Auto,98,0,3460.08,PRV_143,Suburban,6,0,832.24,0
CLM_12751,9387.19,Property,82,1,4936.39,PRV_144,Suburban,3,1,4450.8,0
CLM_12752,8318.33,Health,13,2,3526.59,PRV_118,Suburban,3,0,4791.75,0
CLM_12753,8164.13,Auto,105,0,4103.02,PRV_144,Rural,0,0,4061.11,1
CLM_12754,7814.34,Auto,23,0,2708.45,PRV_130,Rural,26,0,5105.89,0
CLM_12755,7870.84,Auto,83,0,3924.25,PRV_143,Urban,4,0,3946.59,1
CLM_12756,11050.49,Auto,109,1,4011.57,PRV_102,Rural,1,1,7038.92,0
CLM_12757,3611.02,Auto,75,1,3245.45,PRV_127,Rural,1,0,365.57,0
CLM_12758,5563.48,Property,1,1,2925.25,PRV_102,Suburban,5,0,2638.23,0
CLM_12759,2796.53,Auto,88,0,1504.91,PRV_113,Suburban,10,0,1291.61,0
CLM_12760,8824.59,Health,54,0,2967.62,PRV_117,Suburban,15,0,5856.98,0
CLM_12761,3605.39,Auto,71,1,3565.22,PRV_126,Suburban,25,0,40.17,0
CLM_12762,1905.09,Health,89,1,2234.76,PRV_109,Suburban,10,0,-329.66,0
CLM_12763,3510.31,Health,85,0,1729.92,PRV_148,Urban,5,0,1780.4,0
CLM_12764,3285.68,Auto,15,1,3101.95,PRV_114,Urban,5,0,183.73,0
CLM_12765,6777.58,Health,65,1,3230.67,PRV_118,Urban,8,0,3546.91,0
CLM_12766,4844.22,Auto,76,1,1652.63,PRV_108,Suburban,7,0,3191.59,0
CLM_12767,8715.66,Property,71,0,3040.77,PRV_103,Suburban,10,0,5674.89,1
CLM_12768,3545.74,Property,15,0,3289.93,PRV_114,Suburban,6,0,255.82,0
CLM_12769,4006.89,Auto,21,1,4321.3,PRV_147,Urban,0,0,-314.41,0
CLM_12770,4799.28,Auto,19,0,2523.48,PRV_107,Suburban,6,0,2275.8,0
CLM_12771,10004.7,Auto,60,3,5086.42,PRV_148,Urban,0,0,4918.28,0
CLM_12772,6583.03,Health,93,1,3053.89,PRV_100,Suburban,1,0,3529.15,0
CLM_12773,4232.14,Auto,89,2,1798.06,PRV_106,Rural,4,0,2434.08,0
CLM_12774,5346.02,Auto,33,0,2669.81,PRV_130,Urban,8,0,2676.2,0
CLM_12775,1470.81,Auto,49,0,1887.15,PRV_117,Rural,2,0,-416.34,0
CLM_12776,7012.2,Auto,96,1,2832.76,PRV_111,Urban,3,1,4179.44,0
CLM_12777,2423.74,Health,113,1,3468.47,PRV_147,Suburban,4,0,-1044.73,0
CLM_12778,1797.44,Auto,35,0,3268.19,PRV_129,Suburban,2,0,-1470.74,0
CLM_12779,4532.85,Health,44,1,1869.87,PRV_132,Rural,66,0,2662.97,0
CLM_12780,3265.66,Auto,102,1,1745.51,PRV_146,Suburban,16,0,1520.15,0
CLM_12781,7681.58,Auto,90,1,3419.39,PRV_106,Urban,16,1,4262.2,0
CLM_12782,5308.97,Health,11,0,3644.1,PRV_127,Suburban,8,0,1664.87,0
CLM_12783,1325.17,Property,99,1,2511.07,PRV_148,Suburban,32,0,-1185.9,0
CLM_12784,663.77,Health,72,0,500.0,PRV_102,Urban,13,1,163.77,0
CLM_12785,3720.66,Auto,110,1,1841.6,PRV_142,Rural,4,0,1879.06,0
CLM_12786,4242.45,Auto,78,0,3986.3,PRV_105,Rural,9,0,256.15,0
CLM_12787,5019.36,Property,74,2,2261.47,PRV_130,Suburban,7,0,2757.89,0
CLM_12788,6594.79,Auto,66,1,2652.77,PRV_137,Urban,8,0,3942.02,0
CLM_12789,5812.08,Auto,46,0,3553.34,PRV_114,Rural,17,0,2258.74,1
CLM_12790,7244.26,Property,9,1,2693.73,PRV_106,Rural,7,0,4550.53,1
CLM_12791,11596.19,Property,3,1,4397.42,PRV_142,Suburban,13,0,7198.76,0
CLM_12792,7078.97,Property,85,0,2626.56,PRV_129,Urban,2,0,4452.41,0
CLM_12793,4605.14,Property,26,0,2139.35,PRV_126,Rural,26,0,2465.79,0
CLM_12794,5277.91,Property,72,0,4182.27,PRV_116,Suburban,0,0,1095.64,0
CLM_12795,5190.8,Auto,48,1,3047.81,PRV_117,Suburban,50,0,2143.0,0
CLM_12796,4374.1,Auto,66,1,1921.6,PRV_121,Suburban,10,0,2452.5,0
CLM_12797,3563.51,Health,70,2,3471.82,PRV_125,Suburban,6,0,91.69,0
CLM_12798,6350.51,Health,28,1,2705.67,PRV_126,Rural,3,0,3644.84,1
CLM_12799,3467.65,Auto,117,2,1854.14,PRV_139,Urban,5,0,1613.51,0
CLM_12800,2290.52,Auto,93,2,3095.12,PRV_123,Suburban,15,0,-804.6,1
CLM_12801,5380.34,Auto,26,1,2841.9,PRV_107,Suburban,1,0,2538.43,0
CLM_12802,875.41,Health,25,2,1312.58,PRV_120,Rural,2,0,-437.17,0
CLM_12803,1039.75,Auto,12,1,1940.68,PRV_128,Suburban,1,0,-900.92,0
CLM_12804,13253.54,Auto,5,0,4865.35,PRV_142,Suburban,5,1,8388.19,1
CLM_12805,5314.61,Health,98,1,3081.31,PRV_120,Urban,4,0,2233.3,0
CLM_12806,8077.09,Health,48,3,4346.67,PRV_102,Suburban,10,0,3730.42,0
CLM_12807,3970.07,Auto,37,2,3308.82,PRV_130,Rural,54,0,661.25,0
CLM_12808,7867.78,Health,79,1,4237.14,PRV_126,Urban,22,0,3630.64,1
CLM_12809,3279.01,Health,44,1,3555.75,PRV_145,Rural,21,0,-276.74,0
CLM_12810,4855.11,Auto,100,0,2053.67,PRV_126,Urban,10,1,2801.44,0
CLM_12811,9227.6,Auto,15,2,3606.83,PRV_108,Urban,3,0,5620.78,0
CLM_12812,5404.03,Auto,43,0,2047.22,PRV_132,Suburban,4,0,3356.81,0
CLM_12813,3012.38,Auto,48,2,3929.37,PRV_132,Suburban,2,0,-916.99,0
CLM_12814,6095.61,Property,87,1,3217.72,PRV_125,Suburban,1,0,2877.89,1
CLM_12815,7612.97,Auto,70,0,3018.77,PRV_127,Rural,5,1,4594.2,0
CLM_12816,2101.79,Health,46,3,2561.47,PRV_143,Suburban,22,0,-459.68,0
CLM_12817,2844.3,Auto,114,1,3798.44,PRV_142,Suburban,13,0,-954.15,0
CLM_12818,7226.26,Auto,108,0,2842.35,PRV_130,Urban,41,0,4383.91,1
CLM_12819,2716.37,Health,43,0,1090.1,PRV_100,Suburban,2,0,1626.26,0
CLM_12820,2085.14,Auto,109,2,1285.75,PRV_119,Suburban,6,0,799.39,0
CLM_12821,1340.06,Auto,21,1,1730.73,PRV_111,Suburban,15,0,-390.66,0
CLM_12822,6774.85,Auto,23,0,3784.18,PRV_116,Suburban,6,0,2990.67,0
CLM_12823,5740.22,Auto,107,0,3860.25,PRV_114,Urban,4,0,1879.97,0
CLM_12824,5972.92,Health,119,2,3325.0,PRV_133,Suburban,16,0,2647.92,0
CLM_12825,5302.19,Auto,80,0,3314.41,PRV_149,Urban,5,0,1987.78,0
CLM_12826,8542.3,Property,47,0,4446.13,PRV_115,Rural,24,0,4096.16,0
CLM_12827,7748.14,Health,117,1,3342.85,PRV_103,Suburban,3,0,4405.29,0
CLM_12828,8866.62,Auto,15,0,3638.11,PRV_107,Suburban,22,0,5228.51,0
CLM_12829,6344.56,Auto,25,0,2989.25,PRV_133,Suburban,3,1,3355.3,1
CLM_12830,2532.22,Auto,36,1,2538.94,PRV_145,Urban,3,0,-6.72,0
CLM_12831,4060.09,Health,75,0,2719.77,PRV_124,Suburban,5,0,1340.32,0
CLM_12832,3424.72,Auto,51,1,5050.77,PRV_114,Suburban,7,1,-1626.04,0
CLM_12833,3117.09,Property,15,0,1913.28,PRV_127,Rural,5,0,1203.81,0
CLM_12834,9697.17,Auto,68,2,3314.31,PRV_108,Urban,19,0,6382.86,0
CLM_12835,3124.11,Property,21,0,1484.61,PRV_101,Urban,15,0,1639.5,0
CLM_12836,2118.35,Auto,13,0,2389.48,PRV_116,Rural,3,0,-271.13,0
CLM_12837,4420.83,Property,86,1,3773.83,PRV_109,Urban,7,0,647.0,0
CLM_12838,787.13,Auto,19,0,1190.04,PRV_108,Suburban,5,0,-402.91,0
CLM_12839,3733.07,Auto,34,1,3904.74,PRV_130,Suburban,0,0,-171.67,0
CLM_12840,8679.78,Auto,78,0,5047.54,PRV_101,Rural,13,0,3632.23,0
CLM_12841,4583.82,Auto,68,0,3365.16,PRV_123,Urban,2,0,1218.66,0
CLM_12842,4304.13,Property,112,2,4261.91,PRV_118,Urban,27,0,42.22,0
CLM_12843,2814.41,Auto,117,1,3248.04,PRV_116,Urban,5,0,-433.63,0
CLM_12844,7942.39,Auto,52,0,3711.09,PRV_142,Rural,9,0,4231.3,0
CLM_12845,6545.77,Health,110,1,3453.77,PRV_148,Suburban,17,0,3092.0,0
CLM_12846,6490.29,Auto,27,3,2489.94,PRV_109,Rural,1,0,4000.35,0
CLM_12847,2299.82,Health,29,0,2400.32,PRV_149,Suburban,7,0,-100.5,0
CLM_12848,10955.27,Health,111,1,4181.46,PRV_127,Rural,2,0,6773.81,0
CLM_12849,5752.24,Auto,28,1,2957.79,PRV_137,Suburban,7,0,2794.45,0
CLM_12850,3331.43,Property,35,2,2858.23,PRV_147,Urban,8,0,473.2,0
CLM_12851,3359.28,Auto,8,2,2837.51,PRV_127,Urban,1,0,521.77,0
CLM_12852,4880.09,Auto,16,4,3306.41,PRV_149,Urban,8,0,1573.69,0
CLM_12853,2994.47,Health,106,0,1814.48,PRV_149,Rural,6,0,1179.99,0
CLM_12854,1990.15,Health,36,1,2817.86,PRV_100,Rural,7,0,-827.71,0
CLM_12855,8624.0,Auto,30,2,3310.56,PRV_102,Rural,23,0,5313.44,0
CLM_12856,1383.36,Health,18,2,1720.91,PRV_114,Urban,6,0,-337.55,0
CLM_12857,5483.45,Auto,2,1,3209.23,PRV_109,Suburban,6,0,2274.22,0
CLM_12858,3064.04,Auto,49,1,2102.37,PRV_120,Urban,6,0,961.67,0
CLM_12859,5898.52,Property,77,1,3312.44,PRV_136,Urban,9,0,2586.08,0
CLM_12860,14024.48,Auto,4,2,5158.51,PRV_114,Suburban,4,0,8865.97,0
CLM_12861,8558.87,Auto,90,3,2879.14,PRV_122,Suburban,16,0,5679.73,1
CLM_12862,1058.06,Property,89,1,1921.37,PRV_113,Suburban,3,0,-863.31,0
CLM_12863,4800.91,Property,94,0,3237.08,PRV_114,Suburban,3,0,1563.83,0
CLM_12864,8838.48,Auto,75,1,3474.21,PRV_109,Urban,8,0,5364.27,0
CLM_12865,2716.06,Health,7,1,2063.08,PRV_108,Rural,3,0,652.98,0
CLM_12866,2720.14,Health,95,0,1281.52,PRV_143,Urban,0,0,1438.62,0
CLM_12867,6158.44,Property,108,1,2066.14,PRV_138,Suburban,2,0,4092.3,0
CLM_12868,6248.43,Property,74,0,2951.65,PRV_104,Rural,24,0,3296.78,1
CLM_12869,1979.71,Auto,39,0,2544.69,PRV_124,Rural,0,1,-564.98,0
CLM_12870,10631.37,Auto,13,3,4077.49,PRV_141,Urban,1,0,6553.88,0
CLM_12871,10258.17,Auto,31,0,3517.11,PRV_125,Urban,14,0,6741.05,1
CLM_12872,7076.47,Health,71,2,3101.99,PRV_107,Urban,39,0,3974.48,1
CLM_12873,1942.39,Health,63,1,1255.04,PRV_121,Rural,11,0,687.35,0
CLM_12874,10422.89,Health,56,1,3630.4,PRV_124,Rural,25,0,6792.48,1
CLM_12875,14546.32,Property,113,2,4979.18,PRV_147,Rural,19,0,9567.14,1
CLM_12876,10960.42,Auto,42,1,3862.31,PRV_111,Suburban,6,0,7098.12,0
CLM_12877,3582.67,Auto,61,0,2342.31,PRV_108,Suburban,4,0,1240.36,0
CLM_12878,7085.44,Auto,42,0,2863.65,PRV_109,Urban,10,0,4221.79,0
CLM_12879,7386.69,Auto,56,1,3459.08,PRV_147,Rural,7,0,3927.61,0
CLM_12880,4164.11,Auto,36,1,4386.66,PRV_109,Urban,0,0,-222.55,0
CLM_12881,4218.64,Auto,84,1,2294.25,PRV_108,Rural,31,0,1924.39,0
CLM_12882,6004.77,Health,68,0,2534.49,PRV_125,Urban,8,0,3470.29,0
CLM_12883,8101.08,Property,118,0,2956.83,PRV_134,Suburban,20,0,5144.24,0
CLM_12884,7622.33,Health,7,0,2869.32,PRV_126,Rural,13,0,4753.01,0
CLM_12885,3362.48,Health,54,2,3792.36,PRV_130,Suburban,4,0,-429.88,0
CLM_12886,5611.42,Auto,1,1,3262.3,PRV_118,Rural,23,0,2349.13,0
CLM_12887,2717.86,Health,44,0,1602.82,PRV_142,Urban,15,0,1115.04,0
CLM_12888,6436.45,Health,45,1,2343.22,PRV_137,Rural,5,0,4093.23,0
CLM_12889,1197.49,Health,106,2,2372.0,PRV_105,Suburban,18,0,-1174.51,0
CLM_12890,1842.42,Auto,47,2,785.08,PRV_114,Rural,3,0,1057.34,0
CLM_12891,8042.41,Auto,13,1,3929.64,PRV_128,Urban,11,0,4112.77,0
CLM_12892,8783.1,Auto,119,1,3132.43,PRV_146,Rural,1,0,5650.67,0
CLM_12893,4038.93,Health,22,2,2459.32,PRV_144,Suburban,20,0,1579.61,0
CLM_12894,8367.9,Property,118,1,3902.61,PRV_104,Urban,13,0,4465.29,0
CLM_12895,9679.06,Property,21,0,3301.33,PRV_113,Suburban,1,0,6377.73,1
CLM_12896,4044.34,Auto,86,1,1713.88,PRV_101,Rural,0,0,2330.46,0
CLM_12897,2412.87,Health,92,0,3609.59,PRV_122,Suburban,4,0,-1196.72,0
CLM_12898,4018.03,Property,9,3,4372.96,PRV_143,Rural,11,0,-354.94,0
CLM_12899,7303.64,Auto,26,2,2860.1,PRV_145,Urban,3,0,4443.54,0
CLM_12900,3921.32,Auto,9,0,2932.95,PRV_118,Suburban,36,0,988.37,0
CLM_12901,7038.44,Property,15,1,3107.76,PRV_123,Suburban,27,0,3930.68,1
CLM_12902,4008.95,Auto,10,0,1782.11,PRV_119,Rural,9,0,2226.85,0
CLM_12903,9374.79,Property,88,2,3141.42,PRV_146,Suburban,3,0,6233.37,0
CLM_12904,3531.07,Property,42,0,2108.5,PRV_126,Suburban,22,0,1422.57,0
CLM_12905,7018.44,Health,72,1,2993.47,PRV_123,Urban,16,0,4024.97,0
CLM_12906,1968.81,Property,24,0,3165.89,PRV_116,Rural,0,0,-1197.08,0
CLM_12907,5848.67,Health,80,1,3530.79,PRV_124,Rural,6,0,2317.88,0
CLM_12908,3448.77,Health,49,0,3567.56,PRV_145,Urban,39,0,-118.79,0
CLM_12909,5390.96,Auto,26,2,2072.31,PRV_130,Urban,6,0,3318.65,0
CLM_12910,8287.06,Auto,91,1,3187.61,PRV_127,Rural,27,1,5099.45,1
CLM_12911,4315.74,Auto,37,1,3956.09,PRV_149,Urban,37,0,359.65,0
CLM_12912,2392.68,Health,68,2,1846.62,PRV_127,Urban,4,0,546.07,0
CLM_12913,10705.88,Auto,50,0,4745.1,PRV_121,Urban,33,0,5960.77,0
CLM_12914,4756.02,Auto,24,1,2027.58,PRV_104,Rural,1,0,2728.44,1
CLM_12915,9921.6,Auto,19,0,4627.44,PRV_143,Urban,1,1,5294.16,0
CLM_12916,6118.59,Health,100,0,2045.16,PRV_141,Suburban,3,0,4073.42,0
CLM_12917,7864.92,Property,60,1,2943.78,PRV_107,Suburban,6,0,4921.14,0
CLM_12918,4330.36,Property,39,1,2807.1,PRV_137,Rural,1,0,1523.26,0
CLM_12919,2151.64,Auto,74,1,1633.2,PRV_127,Urban,4,0,518.44,1
CLM_12920,7367.26,Property,89,0,3698.19,PRV_146,Suburban,1,0,3669.07,0
CLM_12921,9539.16,Health,18,0,3749.53,PRV_111,Rural,5,0,5789.62,0
CLM_12922,6111.42,Health,19,1,3619.74,PRV_124,Suburban,17,0,2491.68,0
CLM_12923,6450.2,Health,36,1,2751.52,PRV_137,Urban,9,1,3698.68,1
CLM_12924,1259.21,Auto,74,1,2298.24,PRV_143,Rural,16,0,-1039.04,0
CLM_12925,11537.49,Property,97,0,4099.16,PRV_114,Suburban,1,0,7438.33,0
CLM_12926,7823.41,Auto,55,1,3213.44,PRV_143,Rural,5,0,4609.96,0
CLM_12927,3332.98,Auto,114,1,2243.71,PRV_140,Suburban,0,0,1089.27,0
CLM_12928,4693.32,Health,69,1,3214.54,PRV_133,Suburban,4,0,1478.79,0
CLM_12929,1003.54,Auto,47,0,1325.3,PRV_144,Urban,9,0,-321.76,0
CLM_12930,7894.97,Auto,49,1,3107.79,PRV_112,Urban,8,0,4787.19,0
CLM_12931,8852.73,Health,99,1,3655.77,PRV_107,Suburban,0,0,5196.95,0
CLM_12932,5854.49,Auto,108,1,2820.59,PRV_112,Rural,0,0,3033.9,1
CLM_12933,2796.69,Health,98,1,3710.91,PRV_135,Rural,3,0,-914.21,0
CLM_12934,4407.52,Health,33,0,3813.22,PRV_105,Urban,14,0,594.3,0
CLM_12935,5395.38,Health,119,1,3275.32,PRV_137,Suburban,0,1,2120.07,0
CLM_12936,5554.47,Health,21,1,4768.07,PRV_131,Urban,9,0,786.4,0
CLM_12937,6900.74,Health,81,1,4353.96,PRV_120,Suburban,2,0,2546.78,0
CLM_12938,3862.72,Health,22,0,3627.33,PRV_143,Suburban,28,0,235.39,0
CLM_12939,4609.95,Health,48,0,3355.13,PRV_143,Urban,5,1,1254.82,0
CLM_12940,5845.97,Health,37,0,2743.63,PRV_148,Rural,0,0,3102.34,0
CLM_12941,6425.37,Health,15,0,2352.84,PRV_106,Urban,12,0,4072.53,0
CLM_12942,5554.11,Property,35,1,3797.49,PRV_125,Suburban,6,0,1756.63,0
CLM_12943,6245.25,Auto,92,0,2800.85,PRV_114,Urban,21,0,3444.4,1
CLM_12944,1662.17,Auto,71,2,1985.91,PRV_148,Rural,10,1,-323.74,0
CLM_12945,4070.5,Property,32,0,2197.84,PRV_141,Rural,11,0,1872.66,0
CLM_12946,6533.39,Auto,11,1,2329.81,PRV_122,Suburban,14,0,4203.58,0
CLM_12947,2708.76,Auto,10,1,4753.55,PRV_137,Urban,5,0,-2044.79,0
CLM_12948,4497.7,Health,73,0,3847.83,PRV_140,Rural,15,0,649.87,0
CLM_12949,2522.19,Auto,78,0,3034.28,PRV_114,Urban,0,0,-512.08,0
CLM_12950,6257.1,Auto,77,0,3413.95,PRV_147,Rural,14,0,2843.15,0
CLM_12951,7762.91,Property,57,0,3530.03,PRV_139,Suburban,10,0,4232.88,1
CLM_12952,1373.58,Health,25,0,2131.41,PRV_115,Suburban,8,0,-757.83,0
CLM_12953,1238.2,Auto,2,0,1832.43,PRV_131,Urban,3,0,-594.24,0
CLM_12954,10834.12,Property,64,1,4051.54,PRV_136,Suburban,1,0,6782.58,0
CLM_12955,2707.42,Property,35,1,1650.28,PRV_117,Rural,10,0,1057.14,0
CLM_12956,4943.24,Auto,7,0,2982.57,PRV_119,Suburban,6,0,1960.68,0
CLM_12957,6519.16,Auto,85,0,2278.27,PRV_145,Rural,2,0,4240.89,0
CLM_12958,4188.98,Property,18,1,3220.99,PRV_101,Rural,0,0,967.98,0
CLM_12959,7533.67,Health,67,0,2746.95,PRV_122,Suburban,7,0,4786.72,0
CLM_12960,10374.49,Health,42,0,3533.98,PRV_129,Rural,1,0,6840.51,0
CLM_12961,760.64,Property,118,2,688.84,PRV_102,Rural,26,0,71.8,0
CLM_12962,7355.8,Health,39,1,4120.67,PRV_145,Urban,1,0,3235.13,1
CLM_12963,6857.76,Auto,41,0,3735.38,PRV_138,Urban,0,0,3122.37,0
CLM_12964,10692.45,Health,113,2,4011.55,PRV_146,Urban,3,0,6680.91,0
CLM_12965,4908.55,Auto,75,2,3896.39,PRV_148,Suburban,1,0,1012.17,0
CLM_12966,8268.28,Health,103,0,3313.8,PRV_100,Urban,15,0,4954.48,1
CLM_12967,6904.99,Health,24,1,2358.65,PRV_140,Rural,3,0,4546.34,0
CLM_12968,8942.82,Auto,60,1,3438.43,PRV_121,Suburban,2,0,5504.38,0
CLM_12969,9121.39,Health,46,0,3289.54,PRV_128,Suburban,52,0,5831.86,1
CLM_12970,8803.23,Auto,19,3,3876.56,PRV_113,Suburban,1,0,4926.67,0
CLM_12971,9995.35,Auto,68,2,3621.65,PRV_147,Suburban,0,0,6373.7,1
CLM_12972,2822.33,Health,90,0,3094.23,PRV_127,Rural,3,0,-271.9,0
CLM_12973,7830.63,Auto,102,1,3433.13,PRV_120,Rural,5,0,4397.51,0
CLM_12974,8204.55,Health,42,0,3521.73,PRV_144,Urban,14,0,4682.82,0
CLM_12975,6532.96,Auto,32,1,4088.33,PRV_131,Suburban,31,1,2444.63,1
CLM_12976,3312.02,Health,39,0,4735.88,PRV_105,Urban,14,0,-1423.86,0
CLM_12977,7395.99,Property,109,0,3597.08,PRV_100,Rural,12,0,3798.91,0
CLM_12978,2220.56,Health,110,0,3526.37,PRV_120,Suburban,47,0,-1305.81,1
CLM_12979,4043.33,Auto,36,2,2777.0,PRV_103,Rural,14,0,1266.33,0
CLM_12980,3942.98,Property,104,1,2656.68,PRV_102,Urban,1,0,1286.3,0
CLM_12981,6816.41,Auto,101,1,2274.18,PRV_148,Rural,6,0,4542.23,0
CLM_12982,624.75,Auto,97,1,500.0,PRV_129,Suburban,7,0,124.75,0
CLM_12983,5512.46,Auto,36,2,2160.79,PRV_130,Suburban,3,0,3351.67,1
CLM_12984,1789.46,Auto,3,0,2827.27,PRV_133,Urban,1,1,-1037.81,1
CLM_12985,4914.5,Property,73,1,2693.74,PRV_118,Suburban,12,0,2220.76,0
CLM_12986,6366.13,Auto,8,0,3456.6,PRV_119,Rural,3,0,2909.52,0
CLM_12987,4549.79,Health,97,0,2195.98,PRV_122,Rural,9,0,2353.81,0
CLM_12988,5656.02,Health,70,0,2240.0,PRV_139,Rural,3,0,3416.02,0
CLM_12989,2131.37,Auto,41,0,886.3,PRV_124,Rural,7,1,1245.08,0
CLM_12990,8340.18,Health,103,2,3471.43,PRV_114,Urban,4,0,4868.75,0
CLM_12991,3338.77,Auto,68,0,2112.16,PRV_137,Rural,5,0,1226.61,0
CLM_12992,5295.85,Auto,13,1,2283.99,PRV_122,Urban,13,0,3011.85,0
CLM_12993,6160.91,Auto,49,1,3564.75,PRV_101,Rural,21,0,2596.17,0
CLM_12994,1413.02,Property,60,1,2117.27,PRV_114,Urban,7,0,-704.25,0
CLM_12995,9212.96,Property,2,3,3380.34,PRV_143,Rural,9,0,5832.62,1
CLM_12996,4887.68,Auto,60,1,1793.37,PRV_134,Rural,19,0,3094.3,0
CLM_12997,3893.98,Auto,5,2,2978.88,PRV_109,Urban,1,1,915.1,0
CLM_12998,6656.54,Health,44,0,2390.35,PRV_113,Suburban,1,0,4266.19,1
CLM_12999,6547.12,Auto,27,0,2733.71,PRV_126,Suburban,4,0,3813.41,0
CLM_13000,6776.56,Property,32,0,4511.68,PRV_113,Suburban,3,1,2264.88,0
CLM_13001,1808.07,Health,21,1,1360.71,PRV_134,Urban,42,0,447.35,0
CLM_13002,12992.41,Auto,8,1,4422.41,PRV_132,Suburban,8,1,8570.0,1
CLM_13003,4748.45,Property,102,2,2081.22,PRV_100,Suburban,7,0,2667.23,0
CLM_13004,5598.66,Auto,72,1,3869.08,PRV_133,Urban,8,0,1729.58,0
CLM_13005,8561.54,Property,50,1,4067.32,PRV_118,Suburban,20,0,4494.22,0
CLM_13006,6616.73,Property,67,0,3430.46,PRV_123,Suburban,2,0,3186.27,0
CLM_13007,3227.02,Auto,118,2,1781.56,PRV_141,Suburban,7,0,1445.47,0
CLM_13008,6910.57,Auto,44,1,3272.43,PRV_103,Urban,3,0,3638.14,0
CLM_13009,10252.2,Property,58,0,5559.56,PRV_135,Urban,15,0,4692.64,0
CLM_13010,6434.94,Property,3,3,3011.24,PRV_112,Suburban,15,0,3423.7,1
CLM_13011,8027.61,Auto,86,1,2899.18,PRV_131,Suburban,31,1,5128.43,1
CLM_13012,8361.64,Property,70,0,2802.94,PRV_108,Urban,5,0,5558.69,0
CLM_13013,7991.64,Auto,2,0,3515.56,PRV_138,Suburban,1,1,4476.08,0
CLM_13014,8212.85,Auto,87,1,2912.82,PRV_115,Urban,22,0,5300.03,0
CLM_13015,8691.11,Property,44,0,3284.59,PRV_149,Suburban,22,0,5406.52,0
CLM_13016,3351.0,Auto,2,1,2707.68,PRV_102,Urban,2,0,643.33,0
CLM_13017,5561.88,Property,102,1,1963.76,PRV_119,Rural,3,1,3598.13,0
CLM_13018,3603.16,Auto,81,1,5322.07,PRV_109,Rural,3,0,-1718.91,0
CLM_13019,3846.37,Health,35,0,2903.35,PRV_121,Urban,6,0,943.02,0
CLM_13020,13015.78,Auto,98,2,6198.4,PRV_147,Rural,17,0,6817.38,0
CLM_13021,6224.06,Health,87,0,3424.92,PRV_102,Suburban,1,0,2799.14,0
CLM_13022,6681.68,Health,30,0,3599.98,PRV_110,Urban,12,0,3081.7,0
CLM_13023,6692.4,Auto,116,0,2690.72,PRV_124,Urban,4,1,4001.69,1
CLM_13024,2375.17,Health,8,1,2407.04,PRV_141,Suburban,2,1,-31.87,0
CLM_13025,8018.4,Auto,22,0,2713.33,PRV_147,Suburban,4,0,5305.07,0
CLM_13026,3454.53,Auto,44,0,2167.69,PRV_107,Urban,7,0,1286.84,0
CLM_13027,5965.73,Property,58,1,2075.32,PRV_108,Suburban,25,0,3890.41,0
CLM_13028,6974.94,Auto,36,1,4784.6,PRV_114,Urban,9,0,2190.34,0
CLM_13029,7616.48,Health,69,0,3799.75,PRV_131,Suburban,9,0,3816.72,1
CLM_13030,7313.05,Health,77,0,4498.19,PRV_102,Urban,1,0,2814.87,0
CLM_13031,9032.86,Health,93,0,4124.9,PRV_103,Suburban,0,0,4907.96,0
CLM_13032,2300.43,Auto,31,1,2398.63,PRV_129,Suburban,1,0,-98.2,0
CLM_13033,2192.77,Auto,47,2,1460.31,PRV_112,Rural,1,1,732.45,0
CLM_13034,1704.12,Auto,55,1,2539.86,PRV_143,Rural,8,0,-835.73,0
CLM_13035,6168.99,Health,80,0,3091.83,PRV_120,Rural,6,0,3077.16,1
CLM_13036,12046.38,Property,106,0,4144.34,PRV_140,Suburban,0,0,7902.04,1
CLM_13037,1810.73,Health,62,1,2945.4,PRV_145,Urban,4,1,-1134.67,0
CLM_13038,12822.17,Auto,30,1,5966.37,PRV_118,Suburban,1,0,6855.8,0
CLM_13039,6258.43,Auto,55,0,2567.3,PRV_138,Rural,44,0,3691.13,0
CLM_13040,3708.74,Auto,16,1,3591.06,PRV_147,Suburban,6,0,117.68,1
CLM_13041,2840.11,Auto,12,1,2401.41,PRV_121,Rural,5,0,438.7,0
CLM_13042,3419.75,Auto,17,1,3406.28,PRV_119,Rural,10,0,13.46,0
CLM_13043,3574.44,Auto,16,0,2874.43,PRV_136,Urban,4,1,700.01,0
CLM_13044,2132.86,Auto,12,0,2751.34,PRV_130,Urban,12,0,-618.48,0
CLM_13045,3395.29,Auto,8,0,2381.21,PRV_109,Rural,23,0,1014.08,0
CLM_13046,4476.82,Auto,84,1,3147.54,PRV_117,Rural,6,0,1329.28,0
CLM_13047,9660.13,Auto,3,2,3836.17,PRV_142,Suburban,4,0,5823.96,1
CLM_13048,5067.19,Auto,16,0,2024.93,PRV_138,Rural,7,1,3042.25,0
CLM_13049,7354.39,Auto,30,1,2951.43,PRV_145,Suburban,9,0,4402.96,0
CLM_13050,6698.4,Health,109,1,3493.13,PRV_119,Rural,18,0,3205.26,0
CLM_13051,4841.9,Auto,23,0,3682.89,PRV_117,Urban,5,0,1159.01,0
CLM_13052,7427.84,Auto,92,0,4863.03,PRV_110,Urban,0,0,2564.82,0
CLM_13053,4632.09,Auto,115,0,3578.68,PRV_121,Rural,9,0,1053.42,1
CLM_13054,5082.49,Auto,104,2,2599.98,PRV_143,Suburban,43,0,2482.51,0
CLM_13055,6918.91,Auto,118,1,2432.0,PRV_117,Suburban,19,0,4486.91,1
CLM_13056,2930.89,Auto,5,0,2419.74,PRV_133,Suburban,14,0,511.15,0
CLM_13057,3893.85,Health,84,1,2364.02,PRV_122,Rural,1,0,1529.83,0
CLM_13058,6874.58,Auto,104,0,3215.74,PRV_100,Rural,13,0,3658.84,0
CLM_13059,8933.58,Auto,108,2,3420.55,PRV_109,Urban,0,1,5513.03,1
CLM_13060,4334.49,Property,65,1,3824.54,PRV_100,Urban,6,0,509.94,0
CLM_13061,4400.65,Auto,30,1,3664.99,PRV_137,Rural,4,0,735.66,0
CLM_13062,11519.32,Auto,21,0,4246.11,PRV_138,Urban,23,0,7273.22,1
CLM_13063,1633.26,Property,84,1,2331.08,PRV_148,Suburban,1,1,-697.82,1
CLM_13064,9336.11,Property,70,1,4636.48,PRV_108,Suburban,15,0,4699.63,0
CLM_13065,6284.11,Auto,22,1,2370.34,PRV_130,Rural,0,1,3913.77,0
CLM_13066,9388.8,Auto,82,2,3347.93,PRV_106,Suburban,12,0,6040.86,1
CLM_13067,1491.6,Auto,72,0,2805.24,PRV_116,Rural,3,0,-1313.64,0
CLM_13068,4238.46,Auto,103,3,2976.1,PRV_134,Suburban,37,0,1262.36,1
CLM_13069,4198.02,Health,32,1,3672.29,PRV_147,Rural,11,0,525.73,0
CLM_13070,2998.36,Auto,33,2,1561.58,PRV_136,Suburban,3,0,1436.78,0
CLM_13071,4516.77,Auto,117,1,2169.28,PRV_117,Suburban,2,0,2347.49,0
CLM_13072,11245.57,Property,16,0,3749.23,PRV_132,Urban,10,0,7496.34,0
CLM_13073,5341.88,Property,76,0,2997.85,PRV_103,Urban,3,0,2344.04,0
CLM_13074,5153.9,Auto,38,1,2743.38,PRV_122,Urban,2,0,2410.52,0
CLM_13075,2885.83,Health,116,0,1879.06,PRV_110,Urban,10,0,1006.77,0
CLM_13076,2390.62,Auto,98,1,2750.39,PRV_108,Urban,12,0,-359.77,0
CLM_13077,4631.78,Property,14,0,3680.95,PRV_129,Urban,2,0,950.83,0
CLM_13078,2722.73,Auto,36,1,2436.53,PRV_107,Rural,7,0,286.2,0
CLM_13079,10923.47,Auto,97,1,4364.06,PRV_139,Rural,10,0,6559.4,0
CLM_13080,7601.52,Auto,23,1,4076.88,PRV_104,Urban,28,0,3524.63,0
CLM_13081,3287.22,Auto,114,0,2649.95,PRV_111,Rural,16,0,637.27,0
CLM_13082,4144.29,Auto,109,1,2405.65,PRV_100,Urban,5,0,1738.64,0
CLM_13083,523.58,Health,66,2,500.0,PRV_114,Rural,18,1,23.58,0
CLM_13084,1851.63,Health,105,0,1923.14,PRV_124,Suburban,5,0,-71.51,0
CLM_13085,4933.14,Auto,85,1,1861.66,PRV_117,Rural,1,1,3071.48,0
CLM_13086,4490.62,Auto,2,0,1569.03,PRV_137,Rural,4,0,2921.58,0
CLM_13087,2074.92,Auto,91,0,2964.02,PRV_141,Rural,16,0,-889.1,0
CLM_13088,7989.42,Property,73,2,3312.08,PRV_145,Suburban,31,0,4677.34,0
CLM_13089,7863.67,Property,65,2,4814.66,PRV_125,Urban,41,0,3049.02,0
CLM_13090,4515.19,Property,75,1,3066.49,PRV_139,Rural,10,0,1448.7,0
CLM_13091,2148.92,Property,67,2,966.45,PRV_102,Rural,6,0,1182.47,0
CLM_13092,2625.31,Auto,52,1,2252.26,PRV_121,Suburban,1,1,373.05,0
CLM_13093,1991.06,Auto,62,1,3610.56,PRV_125,Urban,1,1,-1619.51,1
CLM_13094,3020.76,Health,23,1,2918.59,PRV_118,Rural,7,0,102.17,0
CLM_13095,3711.47,Property,26,1,3856.83,PRV_143,Suburban,13,0,-145.35,0
CLM_13096,1454.76,Auto,68,1,2486.25,PRV_143,Urban,3,0,-1031.49,0
CLM_13097,5411.3,Auto,82,0,4152.04,PRV_146,Urban,11,0,1259.27,0
CLM_13098,5473.77,Property,55,0,3246.03,PRV_138,Rural,8,0,2227.74,0
CLM_13099,7653.86,Auto,6,1,3271.48,PRV_135,Rural,28,0,4382.38,0
CLM_13100,4139.52,Auto,35,1,3149.95,PRV_120,Rural,2,0,989.57,0
CLM_13101,2204.34,Health,22,1,2234.84,PRV_140,Rural,8,0,-30.5,0
CLM_13102,3168.08,Auto,43,1,2942.81,PRV_147,Suburban,5,0,225.27,0
CLM_13103,8985.19,Auto,15,3,3293.76,PRV_125,Suburban,3,1,5691.43,1
CLM_13104,1618.22,Health,86,1,1599.35,PRV_112,Rural,4,0,18.87,0
CLM_13105,8309.06,Health,60,0,3079.59,PRV_135,Urban,3,0,5229.46,1
CLM_13106,6818.61,Property,101,0,4214.88,PRV_123,Rural,7,0,2603.73,0
CLM_13107,9738.31,Auto,116,1,3433.82,PRV_140,Urban,8,0,6304.49,0
CLM_13108,6639.29,Auto,106,3,4367.29,PRV_125,Urban,20,0,2272.0,0
CLM_13109,3217.6,Health,12,0,3407.73,PRV_120,Urban,15,0,-190.13,0
CLM_13110,3936.84,Health,111,0,2102.37,PRV_117,Suburban,3,0,1834.47,0
CLM_13111,7465.02,Auto,49,1,3790.76,PRV_114,Urban,26,0,3674.26,0
CLM_13112,3882.88,Health,42,0,1858.97,PRV_114,Urban,20,0,2023.91,0
CLM_13113,4267.58,Auto,38,3,2791.56,PRV_105,Suburban,9,0,1476.02,0
CLM_13114,1692.98,Auto,82,3,2724.0,PRV_142,Urban,0,0,-1031.03,0
CLM_13115,4798.53,Auto,45,2,2321.72,PRV_130,Urban,2,0,2476.81,0
CLM_13116,15236.33,Auto,35,0,5378.97,PRV_127,Rural,15,0,9857.36,1
CLM_13117,8471.46,Auto,30,3,2927.35,PRV_107,Urban,6,0,5544.11,0
CLM_13118,9582.67,Health,88,0,4810.06,PRV_128,Urban,1,0,4772.61,1
CLM_13119,1838.03,Health,106,0,3343.59,PRV_120,Urban,5,0,-1505.56,0
CLM_13120,1667.2,Property,30,2,2179.08,PRV_116,Urban,2,0,-511.87,0
CLM_13121,6696.15,Auto,78,2,2590.41,PRV_148,Urban,22,0,4105.74,0
CLM_13122,7624.02,Auto,6,0,2961.52,PRV_123,Suburban,22,0,4662.5,1
CLM_13123,7615.82,Auto,67,0,2658.19,PRV_149,Urban,4,0,4957.63,1
CLM_13124,5205.21,Auto,80,1,2726.05,PRV_135,Urban,1,0,2479.17,0
CLM_13125,9504.52,Health,7,2,3573.74,PRV_130,Suburban,4,0,5930.77,0
CLM_13126,8622.81,Health,52,0,3365.37,PRV_146,Suburban,1,0,5257.44,0
CLM_13127,7282.39,Health,14,1,3689.99,PRV_133,Urban,3,0,3592.4,0
CLM_13128,11131.54,Auto,73,2,4526.68,PRV_101,Urban,14,0,6604.86,0
CLM_13129,2058.91,Auto,15,2,2528.51,PRV_141,Urban,3,0,-469.6,0
CLM_13130,8630.97,Auto,21,0,4113.89,PRV_102,Rural,7,0,4517.08,1
CLM_13131,12669.51,Auto,35,1,4393.6,PRV_129,Rural,1,0,8275.91,0
CLM_13132,3885.52,Health,66,0,4293.9,PRV_107,Urban,4,0,-408.38,0
CLM_13133,2926.7,Property,91,2,1240.07,PRV_106,Suburban,0,0,1686.63,0
CLM_13134,6246.42,Auto,2,0,4797.69,PRV_111,Urban,7,0,1448.73,1
CLM_13135,6010.07,Health,35,0,2363.6,PRV_118,Suburban,4,0,3646.47,0
CLM_13136,2600.4,Health,82,1,1159.33,PRV_125,Suburban,20,0,1441.08,0
CLM_13137,13438.38,Auto,78,1,4773.11,PRV_127,Suburban,4,0,8665.27,0
CLM_13138,8009.99,Health,20,0,3513.4,PRV_114,Urban,8,0,4496.59,1
CLM_13139,5423.69,Auto,82,1,3554.7,PRV_113,Urban,37,0,1868.98,0
CLM_13140,1406.62,Auto,10,0,2667.93,PRV_147,Suburban,10,0,-1261.31,0
CLM_13141,7898.9,Health,25,0,3182.1,PRV_113,Rural,6,0,4716.8,0
CLM_13142,4351.56,Property,66,2,2860.68,PRV_102,Rural,1,0,1490.88,0
CLM_13143,5171.13,Auto,25,0,2375.8,PRV_149,Rural,17,0,2795.33,0
CLM_13144,2305.53,Auto,54,0,3022.99,PRV_128,Suburban,10,0,-717.46,0
CLM_13145,8490.84,Property,33,0,3113.14,PRV_105,Urban,1,1,5377.7,0
CLM_13146,2667.17,Property,36,0,1678.37,PRV_148,Suburban,2,0,988.8,0
CLM_13147,8553.42,Health,95,0,3055.63,PRV_122,Rural,7,0,5497.78,0
CLM_13148,2749.34,Auto,14,1,1212.48,PRV_127,Urban,0,0,1536.87,0
CLM_13149,3954.27,Property,65,2,4920.35,PRV_113,Suburban,12,0,-966.08,0
CLM_13150,5644.15,Auto,110,0,2897.42,PRV_113,Suburban,2,0,2746.73,0
CLM_13151,5351.28,Health,80,2,1928.5,PRV_119,Rural,6,0,3422.78,0
CLM_13152,8782.79,Auto,54,0,3513.22,PRV_112,Suburban,2,0,5269.57,0
CLM_13153,3481.24,Health,110,1,2253.3,PRV_126,Urban,6,0,1227.94,0
CLM_13154,8578.5,Auto,52,0,2970.74,PRV_134,Rural,2,0,5607.76,1
CLM_13155,4047.91,Auto,3,3,3455.5,PRV_144,Rural,9,0,592.41,0
CLM_13156,2851.54,Auto,99,1,1983.31,PRV_101,Urban,24,0,868.23,0
CLM_13157,11752.02,Auto,41,1,4949.71,PRV_140,Rural,16,0,6802.31,0
CLM_13158,5459.92,Health,6,1,5044.91,PRV_144,Suburban,2,0,415.0,0
CLM_13159,4425.57,Property,25,0,2474.55,PRV_139,Suburban,6,0,1951.02,0
CLM_13160,4357.59,Property,13,0,1876.67,PRV_147,Rural,5,0,2480.91,0
CLM_13161,5211.48,Auto,117,2,2469.99,PRV_123,Urban,33,0,2741.49,0
CLM_13162,2241.89,Health,98,0,2523.45,PRV_128,Suburban,16,0,-281.55,0
CLM_13163,8525.49,Health,8,1,4110.35,PRV_102,Urban,1,0,4415.14,0
CLM_13164,4804.88,Auto,21,0,2487.29,PRV_144,Suburban,1,0,2317.59,0
CLM_13165,3482.94,Auto,98,1,1838.34,PRV_103,Suburban,12,0,1644.6,0
CLM_13166,7955.9,Health,68,1,3101.57,PRV_149,Rural,1,0,4854.33,0
CLM_13167,1448.39,Property,25,0,1509.15,PRV_101,Rural,30,0,-60.76,0
CLM_13168,9677.41,Health,79,0,4068.0,PRV_119,Urban,49,0,5609.42,0
CLM_13169,8648.32,Auto,68,0,3599.99,PRV_114,Rural,15,0,5048.32,1
CLM_13170,5536.13,Health,45,0,2400.11,PRV_148,Suburban,0,0,3136.02,1
CLM_13171,4428.68,Auto,60,0,2509.28,PRV_131,Suburban,6,0,1919.4,0
CLM_13172,4836.87,Health,12,1,3248.74,PRV_141,Urban,5,1,1588.13,0
CLM_13173,2820.19,Health,32,1,1896.95,PRV_100,Urban,16,0,923.23,1
CLM_13174,5164.21,Auto,96,2,2212.1,PRV_137,Suburban,3,0,2952.1,0
CLM_13175,4840.94,Property,92,0,2774.59,PRV_134,Rural,4,0,2066.35,0
CLM_13176,2263.06,Auto,13,2,1681.22,PRV_106,Rural,0,0,581.84,0
CLM_13177,5253.42,Property,31,1,2545.66,PRV_144,Urban,4,0,2707.75,0
CLM_13178,4995.65,Auto,78,2,1926.94,PRV_112,Urban,36,0,3068.71,0
CLM_13179,2893.72,Auto,20,0,4426.2,PRV_148,Suburban,28,0,-1532.47,0
CLM_13180,7608.82,Auto,18,0,2596.56,PRV_100,Suburban,13,0,5012.26,0
CLM_13181,1522.7,Auto,93,0,2053.18,PRV_113,Urban,23,0,-530.48,0
CLM_13182,6538.11,Auto,60,1,3674.45,PRV_128,Suburban,2,0,2863.67,0
CLM_13183,4507.12,Health,63,0,2371.51,PRV_102,Urban,9,0,2135.61,0
CLM_13184,1604.4,Health,6,0,1897.51,PRV_145,Urban,6,0,-293.12,0
CLM_13185,10842.26,Health,32,1,3887.53,PRV_123,Rural,5,0,6954.73,0
CLM_13186,4493.56,Auto,93,2,2676.86,PRV_100,Urban,3,0,1816.7,0
CLM_13187,3294.83,Health,43,0,3841.02,PRV_147,Suburban,20,0,-546.19,0
CLM_13188,6802.78,Auto,2,2,2984.95,PRV_109,Rural,6,1,3817.84,0
CLM_13189,6754.41,Health,60,0,3129.2,PRV_112,Rural,12,0,3625.21,0
CLM_13190,10358.74,Auto,23,1,3563.18,PRV_135,Suburban,12,0,6795.57,0
CLM_13191,3793.24,Property,83,1,2365.17,PRV_108,Suburban,1,0,1428.07,0
CLM_13192,2560.93,Health,31,0,2189.79,PRV_113,Suburban,0,0,371.15,0
CLM_13193,2731.13,Health,115,1,4201.84,PRV_135,Urban,18,0,-1470.71,0
CLM_13194,8348.92,Auto,5,0,3578.92,PRV_109,Rural,6,0,4770.0,1
CLM_13195,5991.67,Auto,83,1,2932.5,PRV_139,Urban,16,0,3059.17,0
CLM_13196,11127.2,Auto,34,1,3795.7,PRV_122,Urban,3,0,7331.5,0
CLM_13197,8073.02,Property,10,0,3540.16,PRV_134,Urban,19,0,4532.86,0
CLM_13198,11171.0,Property,89,0,3943.3,PRV_106,Urban,17,0,7227.69,0
CLM_13199,5532.4,Auto,2,1,1857.17,PRV_141,Rural,4,0,3675.23,1
CLM_13200,4612.4,Health,11,0,2935.82,PRV_134,Rural,5,0,1676.58,0
CLM_13201,3616.62,Health,50,1,4129.8,PRV_101,Urban,4,0,-513.18,0
CLM_13202,4628.71,Health,31,0,4677.23,PRV_114,Suburban,0,1,-48.52,0
CLM_13203,3193.27,Auto,56,2,2464.06,PRV_108,Rural,11,1,729.21,0
CLM_13204,5598.8,Auto,79,0,3159.17,PRV_146,Urban,3,0,2439.63,0
CLM_13205,2433.74,Auto,73,1,3019.34,PRV_116,Suburban,21,0,-585.6,0
CLM_13206,2202.31,Property,87,1,1755.82,PRV_138,Suburban,22,0,446.5,0
CLM_13207,3443.4,Auto,83,2,2712.44,PRV_117,Urban,12,0,730.96,0
CLM_13208,725.17,Auto,9,0,1421.31,PRV_114,Rural,2,0,-696.14,0
CLM_13209,3924.45,Property,99,2,2832.68,PRV_117,Suburban,0,0,1091.78,0
CLM_13210,1550.71,Health,21,3,1961.98,PRV_123,Rural,16,0,-411.27,0
CLM_13211,4990.33,Property,73,2,3169.91,PRV_122,Rural,22,0,1820.41,0
CLM_13212,2666.81,Auto,28,1,2690.1,PRV_111,Suburban,4,0,-23.29,1
CLM_13213,6833.31,Auto,62,0,2674.18,PRV_122,Urban,4,0,4159.12,1
CLM_13214,3193.38,Property,110,1,4553.42,PRV_120,Suburban,4,0,-1360.05,0
CLM_13215,8181.1,Auto,115,2,3070.81,PRV_125,Suburban,17,0,5110.29,0
CLM_13216,9518.96,Auto,7,0,4878.22,PRV_107,Rural,12,0,4640.73,0
CLM_13217,5674.8,Auto,80,1,3446.37,PRV_129,Urban,1,0,2228.43,0
CLM_13218,7151.7,Auto,16,1,3815.55,PRV_133,Rural,10,0,3336.15,0
CLM_13219,3068.47,Auto,97,1,2130.48,PRV_101,Suburban,0,0,937.99,0
CLM_13220,1888.95,Property,4,0,2306.32,PRV_104,Urban,12,0,-417.38,1
CLM_13221,7285.79,Property,4,0,3017.26,PRV_130,Urban,14,0,4268.52,1
CLM_13222,11879.94,Property,103,0,4213.08,PRV_132,Urban,16,0,7666.87,0
CLM_13223,7581.95,Auto,40,1,2637.05,PRV_103,Urban,9,0,4944.91,0
CLM_13224,3414.38,Auto,17,2,1568.55,PRV_105,Urban,1,0,1845.83,0
CLM_13225,5184.89,Auto,101,1,3397.99,PRV_122,Suburban,15,0,1786.9,0
CLM_13226,5196.2,Property,103,1,3063.98,PRV_144,Suburban,23,0,2132.22,0
CLM_13227,5246.75,Auto,52,0,2448.99,PRV_118,Suburban,10,0,2797.76,0
CLM_13228,6718.87,Health,93,0,2626.94,PRV_142,Rural,3,1,4091.93,0
CLM_13229,3058.03,Health,52,3,2128.93,PRV_144,Urban,1,0,929.1,0
CLM_13230,10955.36,Auto,36,1,3923.91,PRV_107,Urban,2,1,7031.46,0
CLM_13231,3962.61,Auto,38,1,3023.32,PRV_138,Suburban,0,0,939.29,0
CLM_13232,5920.84,Property,103,0,3240.48,PRV_112,Urban,0,0,2680.36,0
CLM_13233,6978.55,Property,50,3,2403.57,PRV_100,Rural,3,0,4574.97,0
CLM_13234,12338.72,Auto,63,1,4336.23,PRV_105,Urban,25,0,8002.5,1
CLM_13235,7212.53,Auto,101,0,3220.8,PRV_106,Urban,9,0,3991.74,0
CLM_13236,1126.32,Property,116,2,858.86,PRV_147,Rural,4,0,267.45,0
CLM_13237,3624.63,Auto,63,0,3459.98,PRV_126,Suburban,0,0,164.65,0
CLM_13238,1915.96,Auto,62,2,2735.68,PRV_114,Suburban,45,0,-819.72,0
CLM_13239,6442.48,Auto,99,0,2836.05,PRV_133,Urban,6,0,3606.43,0
CLM_13240,7023.41,Health,7,2,3993.69,PRV_122,Rural,47,0,3029.72,1
CLM_13241,5963.16,Auto,27,1,3088.57,PRV_147,Suburban,12,0,2874.59,0
CLM_13242,7921.36,Auto,92,2,4712.34,PRV_148,Suburban,0,0,3209.01,0
CLM_13243,5302.38,Auto,86,1,3105.59,PRV_123,Suburban,19,0,2196.79,1
CLM_13244,4884.83,Health,14,2,2533.38,PRV_114,Urban,7,0,2351.45,0
CLM_13245,3305.77,Property,71,0,1186.71,PRV_134,Rural,6,0,2119.06,0
CLM_13246,1308.61,Property,101,1,2282.13,PRV_103,Urban,14,0,-973.52,0
CLM_13247,6705.34,Property,86,1,2677.75,PRV_143,Suburban,14,1,4027.59,1
CLM_13248,6593.54,Health,5,0,4466.29,PRV_136,Rural,15,0,2127.25,0
CLM_13249,5998.96,Auto,55,0,2539.45,PRV_116,Urban,14,0,3459.51,0
CLM_13250,13328.68,Auto,2,1,4642.01,PRV_130,Suburban,10,0,8686.67,1
CLM_13251,2343.72,Property,62,1,1851.69,PRV_137,Suburban,11,0,492.03,0
CLM_13252,1612.48,Auto,91,0,2227.53,PRV_109,Urban,19,1,-615.05,0
CLM_13253,4460.21,Auto,21,0,4126.98,PRV_149,Suburban,11,0,333.24,0
CLM_13254,2537.7,Health,118,1,2404.88,PRV_126,Suburban,1,1,132.83,1
CLM_13255,9652.14,Auto,102,1,4099.23,PRV_141,Rural,10,0,5552.91,1
CLM_13256,1423.0,Auto,79,0,2173.7,PRV_105,Suburban,1,0,-750.7,0
CLM_13257,1426.5,Property,21,1,2273.91,PRV_105,Urban,0,0,-847.41,0
CLM_13258,8135.97,Property,10,2,3641.85,PRV_114,Rural,2,0,4494.12,0
CLM_13259,4138.69,Auto,87,1,2187.7,PRV_103,Urban,1,0,1950.99,0
CLM_13260,4209.46,Property,58,1,2725.6,PRV_147,Suburban,1,0,1483.87,0
CLM_13261,6580.51,Health,39,0,3394.78,PRV_139,Rural,2,0,3185.73,1
CLM_13262,6423.74,Health,5,1,2747.39,PRV_106,Rural,8,0,3676.34,0
CLM_13263,1849.22,Auto,65,2,2437.42,PRV_148,Rural,1,0,-588.2,1
CLM_13264,3376.18,Auto,13,4,1792.77,PRV_144,Rural,3,0,1583.41,0
CLM_13265,11394.92,Health,85,0,4449.33,PRV_146,Urban,18,0,6945.59,0
CLM_13266,6518.71,Property,90,1,4636.11,PRV_125,Suburban,21,0,1882.6,0
CLM_13267,8015.53,Health,114,0,3329.34,PRV_130,Suburban,4,0,4686.19,0
CLM_13268,7234.01,Auto,109,0,2767.88,PRV_101,Rural,22,0,4466.12,0
CLM_13269,7204.77,Auto,85,1,2822.83,PRV_127,Suburban,8,0,4381.94,0
CLM_13270,8146.82,Property,53,1,3832.19,PRV_141,Urban,2,0,4314.63,0
CLM_13271,9246.33,Auto,82,0,4031.78,PRV_112,Suburban,14,0,5214.55,0
CLM_13272,6073.82,Health,101,0,2459.85,PRV_117,Urban,25,0,3613.98,1
CLM_13273,9511.25,Auto,45,0,4074.61,PRV_129,Urban,10,0,5436.64,0
CLM_13274,5889.7,Auto,32,0,3615.09,PRV_110,Suburban,2,0,2274.62,0
CLM_13275,3642.59,Health,36,0,4057.22,PRV_112,Urban,0,0,-414.64,0
CLM_13276,1781.79,Health,81,0,1398.22,PRV_123,Urban,2,0,383.57,0
CLM_13277,2627.55,Auto,99,2,2580.8,PRV_128,Urban,4,0,46.75,0
CLM_13278,3968.14,Auto,113,0,2827.1,PRV_104,Urban,4,1,1141.05,0
CLM_13279,4361.82,Property,60,0,2531.05,PRV_134,Rural,6,0,1830.78,0
CLM_13280,14248.52,Auto,11,2,4917.32,PRV_118,Suburban,7,0,9331.19,0
CLM_13281,7507.91,Health,63,0,2590.13,PRV_112,Rural,6,0,4917.77,1
CLM_13282,8407.28,Property,21,1,3468.39,PRV_104,Urban,4,1,4938.89,1
CLM_13283,9301.98,Auto,52,0,3152.84,PRV_143,Suburban,1,0,6149.14,1
CLM_13284,8115.88,Property,55,0,2709.77,PRV_113,Urban,5,0,5406.1,0
CLM_13285,6216.78,Auto,117,2,2291.36,PRV_137,Suburban,42,0,3925.42,0
CLM_13286,3532.82,Health,26,0,5055.85,PRV_121,Rural,10,0,-1523.03,0
CLM_13287,4348.08,Auto,68,1,2778.13,PRV_108,Suburban,5,1,1569.95,0
CLM_13288,7112.86,Property,34,0,3875.58,PRV_148,Urban,0,0,3237.28,0
CLM_13289,2422.8,Auto,52,0,2990.35,PRV_139,Suburban,2,0,-567.55,0
CLM_13290,6408.03,Auto,112,0,2541.28,PRV_125,Suburban,8,0,3866.75,1
CLM_13291,2709.52,Property,82,2,3108.29,PRV_144,Rural,6,0,-398.77,0
CLM_13292,4824.29,Health,104,3,3308.11,PRV_104,Urban,0,0,1516.18,1
CLM_13293,1701.15,Health,99,0,2530.41,PRV_128,Suburban,0,0,-829.27,0
CLM_13294,4049.35,Auto,105,3,2235.38,PRV_121,Rural,4,0,1813.97,1
CLM_13295,6926.64,Health,93,1,3476.17,PRV_148,Suburban,1,0,3450.46,0
CLM_13296,7285.89,Auto,52,0,3116.37,PRV_102,Urban,31,0,4169.52,0
CLM_13297,3166.56,Auto,29,2,2347.94,PRV_127,Suburban,0,0,818.62,0
CLM_13298,4074.33,Health,38,1,2061.56,PRV_137,Suburban,36,0,2012.76,1
CLM_13299,7821.8,Auto,42,0,3349.28,PRV_113,Suburban,10,0,4472.52,0
CLM_13300,2602.11,Property,21,2,1081.92,PRV_146,Suburban,5,0,1520.19,0
CLM_13301,3435.49,Property,42,0,2739.4,PRV_113,Urban,7,0,696.09,0
CLM_13302,2098.19,Health,13,0,3135.09,PRV_142,Rural,5,0,-1036.9,0
CLM_13303,2814.41,Property,113,0,4737.67,PRV_110,Rural,8,0,-1923.26,0
CLM_13304,7285.82,Health,105,0,3010.48,PRV_108,Suburban,1,0,4275.34,0
CLM_13305,3949.97,Auto,64,0,2698.81,PRV_137,Urban,1,0,1251.16,0
CLM_13306,2742.14,Health,17,1,3284.56,PRV_146,Urban,7,0,-542.42,0
CLM_13307,2194.91,Auto,9,3,2283.46,PRV_143,Urban,0,0,-88.55,0
CLM_13308,6717.32,Auto,41,0,2781.06,PRV_105,Urban,3,0,3936.25,0
CLM_13309,6050.29,Property,1,0,3029.3,PRV_100,Urban,26,0,3020.99,1
CLM_13310,6364.38,Health,2,0,3629.51,PRV_124,Urban,20,0,2734.87,0
CLM_13311,4787.85,Property,60,2,2327.0,PRV_115,Suburban,17,0,2460.85,0
CLM_13312,2526.42,Auto,48,1,2994.28,PRV_114,Rural,7,0,-467.86,0
CLM_13313,1568.79,Health,29,2,1208.98,PRV_133,Rural,0,0,359.8,0
CLM_13314,5046.99,Auto,97,1,3516.68,PRV_116,Suburban,1,0,1530.31,0
CLM_13315,3562.33,Health,10,0,2769.56,PRV_102,Rural,25,0,792.77,0
CLM_13316,12997.37,Health,114,0,4884.32,PRV_102,Urban,18,0,8113.05,0
CLM_13317,6547.01,Health,58,0,3351.34,PRV_136,Urban,4,0,3195.68,0
CLM_13318,4955.63,Auto,60,0,2133.01,PRV_116,Rural,13,0,2822.62,0
CLM_13319,2081.25,Auto,104,1,1906.31,PRV_148,Urban,19,1,174.93,0
CLM_13320,4248.25,Auto,21,0,3661.7,PRV_137,Urban,9,0,586.55,0
CLM_13321,5100.24,Health,28,1,4796.43,PRV_100,Rural,19,0,303.81,0
CLM_13322,9967.93,Property,75,1,4490.16,PRV_106,Suburban,2,0,5477.77,0
CLM_13323,2453.26,Auto,119,1,1787.31,PRV_125,Rural,6,0,665.96,0
CLM_13324,4845.66,Health,34,2,3203.29,PRV_146,Rural,8,0,1642.36,0
CLM_13325,9379.91,Property,8,0,4127.02,PRV_138,Rural,9,0,5252.89,0
CLM_13326,4859.57,Health,59,1,1658.84,PRV_118,Rural,43,1,3200.73,1
CLM_13327,3652.56,Health,86,0,4037.37,PRV_129,Suburban,18,0,-384.81,0
CLM_13328,1508.56,Property,72,0,2297.21,PRV_142,Suburban,0,0,-788.65,0
CLM_13329,2748.65,Auto,49,2,2784.53,PRV_113,Urban,1,0,-35.88,0
CLM_13330,7658.81,Auto,79,1,3276.63,PRV_112,Urban,10,0,4382.17,0
CLM_13331,4013.67,Auto,17,0,4068.32,PRV_119,Rural,2,0,-54.64,0
CLM_13332,8886.53,Property,60,2,4531.91,PRV_125,Urban,1,0,4354.62,1
CLM_13333,5289.33,Property,87,1,2677.07,PRV_126,Suburban,10,0,2612.26,0
CLM_13334,3115.31,Health,88,1,2520.36,PRV_124,Urban,7,0,594.95,0
CLM_13335,1648.48,Auto,45,0,2453.77,PRV_108,Urban,16,0,-805.29,0
CLM_13336,5661.82,Auto,83,0,3779.58,PRV_140,Urban,3,0,1882.24,0
CLM_13337,3863.56,Auto,69,0,3995.56,PRV_147,Rural,4,0,-132.0,0
CLM_13338,3743.24,Auto,32,1,3894.41,PRV_111,Urban,1,0,-151.17,0
CLM_13339,5906.78,Health,44,2,3269.79,PRV_109,Suburban,10,1,2636.99,0
CLM_13340,7352.66,Property,65,2,3368.45,PRV_105,Suburban,12,0,3984.21,0
CLM_13341,1907.0,Property,87,0,2769.63,PRV_149,Suburban,1,0,-862.64,0
CLM_13342,5570.63,Health,101,1,2862.9,PRV_133,Suburban,2,0,2707.74,0
CLM_13343,4299.12,Auto,8,0,3853.97,PRV_140,Urban,1,0,445.15,0
CLM_13344,7126.75,Auto,77,2,3264.29,PRV_118,Rural,13,0,3862.46,0
CLM_13345,6381.62,Auto,72,1,2526.83,PRV_105,Suburban,2,0,3854.79,0
CLM_13346,10320.19,Health,87,1,4099.33,PRV_101,Suburban,1,0,6220.87,1
CLM_13347,3408.01,Property,43,1,2392.16,PRV_114,Rural,0,0,1015.84,0
CLM_13348,6034.0,Auto,1,2,3145.7,PRV_116,Rural,17,0,2888.3,0
CLM_13349,4372.21,Auto,109,0,1759.98,PRV_115,Suburban,1,0,2612.23,0
CLM_13350,1339.39,Auto,51,0,2054.2,PRV_127,Suburban,0,0,-714.81,0
CLM_13351,6080.66,Auto,24,0,3019.11,PRV_120,Rural,0,0,3061.56,0
CLM_13352,5969.74,Auto,99,0,2303.76,PRV_107,Suburban,4,1,3665.98,0
CLM_13353,3964.79,Auto,24,2,2770.85,PRV_109,Suburban,9,0,1193.94,1
CLM_13354,6903.53,Auto,17,1,4213.27,PRV_109,Urban,5,0,2690.26,0
CLM_13355,6460.16,Property,5,1,2875.24,PRV_149,Rural,6,1,3584.91,1
CLM_13356,2611.77,Health,20,0,3899.85,PRV_109,Urban,25,0,-1288.07,0
CLM_13357,3249.24,Auto,21,0,2219.29,PRV_108,Urban,14,0,1029.95,0
CLM_13358,4398.08,Auto,104,1,3548.9,PRV_127,Rural,4,0,849.17,0
CLM_13359,1084.87,Auto,58,0,1999.81,PRV_123,Urban,1,0,-914.94,0
CLM_13360,2722.53,Auto,31,1,2750.22,PRV_118,Suburban,13,0,-27.69,0
CLM_13361,5347.3,Auto,110,0,3589.49,PRV_132,Urban,8,0,1757.81,0
CLM_13362,2993.39,Health,100,1,3012.76,PRV_103,Rural,32,0,-19.37,1
CLM_13363,7908.24,Health,11,2,3942.3,PRV_102,Suburban,23,0,3965.94,0
CLM_13364,5947.36,Health,52,0,3667.51,PRV_141,Suburban,8,0,2279.84,0
CLM_13365,1611.47,Auto,15,1,2691.59,PRV_111,Suburban,0,0,-1080.13,0
CLM_13366,5103.06,Property,83,1,4296.95,PRV_117,Suburban,0,1,806.11,0
CLM_13367,1885.47,Auto,7,3,3436.31,PRV_122,Urban,18,0,-1550.83,0
CLM_13368,3845.99,Auto,115,0,2756.31,PRV_119,Urban,11,0,1089.67,0
CLM_13369,3610.63,Health,28,1,3145.77,PRV_105,Suburban,8,0,464.87,0
CLM_13370,6863.28,Health,51,1,3090.92,PRV_133,Rural,11,0,3772.36,0
CLM_13371,4061.28,Property,107,0,3201.59,PRV_141,Suburban,7,0,859.68,0
CLM_13372,4109.85,Health,58,0,2858.24,PRV_101,Urban,8,0,1251.61,1
CLM_13373,7801.79,Property,5,2,3372.53,PRV_129,Suburban,2,0,4429.26,0
CLM_13374,6451.39,Property,5,1,3789.82,PRV_108,Urban,6,0,2661.57,0
CLM_13375,6478.21,Health,94,0,3425.56,PRV_126,Suburban,0,1,3052.64,1
CLM_13376,8829.39,Health,118,0,3391.53,PRV_141,Rural,11,0,5437.86,0
CLM_13377,2949.25,Health,96,0,2899.32,PRV_133,Suburban,4,0,49.93,0
CLM_13378,6284.6,Property,8,1,2113.92,PRV_139,Rural,10,0,4170.68,0
CLM_13379,5144.79,Health,64,1,1870.66,PRV_123,Rural,26,0,3274.14,0
CLM_13380,2788.46,Auto,10,2,2292.42,PRV_148,Suburban,8,0,496.04,0
CLM_13381,7054.91,Health,38,0,2582.0,PRV_116,Rural,3,0,4472.91,1
CLM_13382,11141.71,Auto,111,2,4671.79,PRV_128,Rural,2,0,6469.92,0
CLM_13383,12018.98,Auto,96,1,4251.66,PRV_135,Urban,2,0,7767.32,1
CLM_13384,5361.7,Auto,112,0,2406.68,PRV_149,Urban,43,0,2955.02,0
CLM_13385,7541.72,Health,92,0,3449.7,PRV_111,Rural,9,1,4092.01,1
CLM_13386,1491.59,Property,81,0,2932.38,PRV_130,Suburban,5,0,-1440.79,0
CLM_13387,5457.59,Auto,95,2,3235.99,PRV_148,Rural,2,0,2221.6,0
CLM_13388,2453.03,Auto,8,1,2451.38,PRV_108,Suburban,14,0,1.65,0
CLM_13389,6867.77,Auto,104,0,5241.76,PRV_118,Urban,4,0,1626.01,0
CLM_13390,14335.87,Health,25,0,4864.5,PRV_145,Suburban,3,0,9471.37,0
CLM_13391,1932.41,Auto,73,0,2707.38,PRV_145,Rural,2,0,-774.97,0
CLM_13392,5543.38,Auto,66,0,2403.67,PRV_116,Rural,2,0,3139.71,1
CLM_13393,3659.96,Auto,79,0,3925.47,PRV_101,Rural,3,0,-265.51,0
CLM_13394,928.29,Auto,50,0,1790.33,PRV_139,Rural,9,0,-862.04,0
CLM_13395,6744.05,Auto,67,0,3845.95,PRV_104,Rural,2,0,2898.1,0
CLM_13396,2822.42,Health,49,1,3125.47,PRV_138,Suburban,0,0,-303.05,0
CLM_13397,4562.52,Auto,36,3,1565.9,PRV_147,Rural,4,1,2996.61,0
CLM_13398,2874.55,Health,68,1,2848.23,PRV_115,Urban,8,1,26.32,0
CLM_13399,2297.57,Auto,78,1,2344.25,PRV_116,Rural,0,0,-46.68,0
CLM_13400,1835.15,Auto,105,0,3161.78,PRV_126,Suburban,6,0,-1326.63,0
CLM_13401,4049.82,Auto,41,0,3057.51,PRV_106,Rural,0,0,992.31,0
CLM_13402,925.97,Health,89,1,1652.69,PRV_107,Rural,14,0,-726.72,0
CLM_13403,4657.83,Property,119,1,2665.86,PRV_107,Suburban,20,0,1991.97,1
CLM_13404,6305.9,Property,62,1,3574.72,PRV_122,Rural,33,0,2731.18,1
CLM_13405,2372.2,Health,114,2,3746.91,PRV_131,Suburban,11,1,-1374.71,1
CLM_13406,2901.05,Auto,10,0,2636.94,PRV_142,Rural,9,0,264.1,0
CLM_13407,8921.97,Property,21,1,3457.77,PRV_146,Urban,11,0,5464.2,1
CLM_13408,5410.31,Health,36,1,3266.38,PRV_117,Rural,19,0,2143.93,0
CLM_13409,4676.05,Auto,12,0,2947.36,PRV_137,Suburban,16,0,1728.7,0
CLM_13410,7783.14,Property,91,0,3463.88,PRV_111,Urban,5,0,4319.26,1
CLM_13411,4745.48,Auto,104,0,2074.8,PRV_114,Suburban,10,0,2670.69,0
CLM_13412,7217.05,Auto,2,2,3000.97,PRV_127,Rural,1,0,4216.08,1
CLM_13413,3596.54,Auto,118,0,1396.06,PRV_137,Urban,11,0,2200.48,0
CLM_13414,3183.39,Auto,13,0,2945.87,PRV_149,Suburban,13,0,237.52,0
CLM_13415,2946.85,Health,53,0,4425.03,PRV_130,Urban,16,0,-1478.17,0
CLM_13416,3888.46,Auto,32,2,2680.47,PRV_108,Urban,17,0,1207.99,0
CLM_13417,11408.35,Auto,95,2,4325.04,PRV_107,Suburban,5,0,7083.31,1
CLM_13418,1874.2,Auto,16,2,2696.41,PRV_145,Urban,23,0,-822.21,0
CLM_13419,3715.42,Health,32,1,1915.28,PRV_118,Suburban,39,0,1800.14,0
CLM_13420,8257.06,Health,32,2,3665.39,PRV_107,Urban,38,0,4591.67,0
CLM_13421,5900.87,Auto,98,1,3463.93,PRV_133,Urban,8,0,2436.94,0
CLM_13422,6052.7,Auto,11,2,5319.01,PRV_103,Urban,8,0,733.7,0
CLM_13423,2658.79,Auto,10,2,2020.7,PRV_130,Rural,6,0,638.09,0
CLM_13424,2279.44,Property,15,0,3356.41,PRV_137,Rural,3,0,-1076.97,0
CLM_13425,4177.16,Auto,17,0,3392.04,PRV_102,Suburban,4,0,785.12,0
CLM_13426,2479.33,Auto,40,1,4058.18,PRV_134,Urban,2,0,-1578.86,1
CLM_13427,8174.35,Auto,18,1,3529.8,PRV_118,Suburban,31,0,4644.55,1
CLM_13428,7444.2,Health,55,1,2711.92,PRV_142,Rural,9,0,4732.27,0
CLM_13429,4019.47,Health,73,0,1928.93,PRV_128,Rural,27,0,2090.54,0
CLM_13430,7167.66,Auto,25,1,3346.62,PRV_109,Rural,4,0,3821.03,1
CLM_13431,5670.23,Auto,104,3,3374.42,PRV_111,Rural,3,0,2295.81,0
CLM_13432,3232.29,Auto,59,0,3631.42,PRV_145,Suburban,1,0,-399.12,0
CLM_13433,1407.63,Property,78,0,2710.57,PRV_129,Urban,3,0,-1302.93,0
CLM_13434,4458.09,Property,89,0,3278.15,PRV_129,Suburban,22,0,1179.94,0
CLM_13435,3463.06,Health,114,1,1455.85,PRV_117,Urban,8,0,2007.21,0
CLM_13436,5717.31,Health,22,1,1970.75,PRV_123,Rural,6,0,3746.56,1
CLM_13437,6209.13,Auto,116,1,3935.53,PRV_131,Urban,8,1,2273.6,0
CLM_13438,4494.63,Health,30,1,3179.84,PRV_108,Rural,22,0,1314.79,0
CLM_13439,5613.09,Health,84,0,3475.82,PRV_146,Suburban,2,0,2137.27,0
CLM_13440,3769.24,Auto,85,1,2401.65,PRV_123,Urban,33,0,1367.59,0
CLM_13441,4696.26,Property,44,1,2274.55,PRV_125,Suburban,10,0,2421.71,0
CLM_13442,6016.96,Auto,32,0,2576.45,PRV_102,Rural,19,0,3440.51,0
CLM_13443,7972.46,Auto,51,0,3237.68,PRV_122,Suburban,7,0,4734.77,0
CLM_13444,7828.93,Health,46,0,3685.92,PRV_110,Rural,2,0,4143.02,0
CLM_13445,4385.77,Health,113,1,2750.89,PRV_109,Rural,8,0,1634.88,0
CLM_13446,3854.05,Health,21,1,1340.42,PRV_149,Rural,0,1,2513.63,1
CLM_13447,7746.03,Auto,99,0,3401.04,PRV_135,Suburban,19,0,4344.99,1
CLM_13448,5118.31,Property,32,3,3267.05,PRV_112,Suburban,10,0,1851.26,0
CLM_13449,5623.92,Health,94,1,3479.17,PRV_128,Urban,3,0,2144.75,0
CLM_13450,9814.6,Auto,119,5,3856.5,PRV_137,Urban,3,0,5958.1,1
CLM_13451,6049.2,Property,39,1,3777.56,PRV_112,Suburban,23,1,2271.64,0
CLM_13452,7808.84,Health,113,0,4360.81,PRV_125,Suburban,18,0,3448.03,0
CLM_13453,3721.56,Auto,12,2,3028.42,PRV_119,Suburban,14,0,693.15,0
CLM_13454,6670.02,Health,105,0,2568.07,PRV_104,Suburban,5,0,4101.95,1
CLM_13455,7296.6,Auto,47,2,4040.84,PRV_119,Rural,20,0,3255.76,1
CLM_13456,7352.95,Auto,18,1,3908.36,PRV_113,Rural,2,1,3444.59,1
CLM_13457,7475.97,Auto,21,1,2767.15,PRV_144,Rural,0,0,4708.82,1
CLM_13458,11501.79,Property,13,0,4105.89,PRV_113,Suburban,5,0,7395.9,1
CLM_13459,7872.28,Auto,21,0,3074.53,PRV_107,Rural,25,0,4797.75,0
CLM_13460,2837.02,Health,8,0,4276.32,PRV_147,Rural,8,0,-1439.3,0
CLM_13461,7608.23,Auto,46,0,4729.22,PRV_112,Urban,2,0,2879.02,0
CLM_13462,7662.42,Health,104,1,5641.07,PRV_123,Urban,10,0,2021.35,0
CLM_13463,3165.7,Health,110,0,3062.24,PRV_114,Rural,13,0,103.46,0
CLM_13464,12241.27,Health,7,0,4415.43,PRV_100,Rural,7,0,7825.84,0
CLM_13465,10502.4,Auto,23,2,3853.85,PRV_121,Rural,18,1,6648.55,1
CLM_13466,6564.76,Health,108,0,3946.96,PRV_133,Suburban,8,0,2617.8,0
CLM_13467,2864.2,Property,96,1,3424.43,PRV_149,Urban,1,0,-560.23,0
CLM_13468,2107.57,Health,75,2,3951.1,PRV_139,Urban,16,0,-1843.53,0
CLM_13469,2595.23,Auto,86,1,1625.92,PRV_102,Urban,1,0,969.32,0
CLM_13470,1782.36,Property,22,2,2971.16,PRV_125,Rural,21,0,-1188.8,0
CLM_13471,4749.09,Auto,107,0,2346.52,PRV_113,Suburban,7,0,2402.58,0
CLM_13472,4573.34,Health,89,1,2262.88,PRV_140,Urban,13,0,2310.45,0
CLM_13473,4298.22,Property,22,2,1564.5,PRV_107,Urban,35,1,2733.72,0
CLM_13474,2411.76,Auto,92,0,2473.29,PRV_148,Suburban,5,0,-61.53,0
CLM_13475,4036.69,Auto,29,1,2825.85,PRV_115,Rural,6,0,1210.84,0
CLM_13476,8434.8,Auto,13,0,3184.31,PRV_141,Rural,17,0,5250.49,0
CLM_13477,5036.27,Health,82,0,2987.57,PRV_120,Urban,1,0,2048.7,0
CLM_13478,2631.22,Health,2,2,4052.34,PRV_109,Urban,0,0,-1421.12,0
CLM_13479,1634.72,Auto,29,0,2104.0,PRV_124,Suburban,9,0,-469.28,0
CLM_13480,2676.39,Auto,85,0,1056.34,PRV_137,Urban,1,0,1620.05,0
CLM_13481,8331.55,Auto,79,0,3531.45,PRV_121,Suburban,2,0,4800.1,1
CLM_13482,7943.43,Auto,52,1,2953.27,PRV_148,Urban,37,1,4990.15,0
CLM_13483,2337.66,Auto,27,1,2932.51,PRV_147,Urban,10,0,-594.85,0
CLM_13484,5491.7,Property,50,0,2287.22,PRV_146,Urban,19,0,3204.48,0
CLM_13485,8356.8,Auto,95,1,3909.14,PRV_145,Rural,22,0,4447.66,0
CLM_13486,2789.3,Property,79,0,2580.94,PRV_103,Suburban,1,0,208.37,0
CLM_13487,6211.21,Health,115,1,2116.43,PRV_103,Suburban,26,0,4094.78,1
CLM_13488,9002.1,Auto,23,0,4674.26,PRV_129,Rural,20,0,4327.84,1
CLM_13489,10215.3,Health,88,1,3691.57,PRV_101,Rural,0,0,6523.73,0
CLM_13490,7836.87,Health,44,1,2959.84,PRV_128,Rural,37,0,4877.03,1
CLM_13491,744.72,Auto,77,0,558.76,PRV_142,Suburban,6,0,185.96,0
CLM_13492,5086.52,Auto,22,1,2764.58,PRV_135,Urban,36,0,2321.95,0
CLM_13493,4701.14,Auto,43,1,2978.38,PRV_120,Rural,17,1,1722.76,0
CLM_13494,10144.58,Auto,37,0,4463.68,PRV_120,Rural,5,0,5680.9,0
CLM_13495,2462.68,Auto,61,0,1250.02,PRV_147,Rural,7,0,1212.65,0
CLM_13496,11227.96,Auto,97,0,4560.26,PRV_120,Urban,3,0,6667.71,1
CLM_13497,1819.45,Auto,56,1,3436.93,PRV_103,Urban,6,0,-1617.49,0
CLM_13498,3978.24,Auto,3,1,1792.42,PRV_100,Rural,1,0,2185.82,1
CLM_13499,5089.19,Auto,63,0,3921.82,PRV_125,Urban,23,0,1167.38,0
CLM_13500,2923.03,Auto,118,0,2756.13,PRV_101,Rural,12,0,166.9,0
CLM_13501,3349.46,Auto,19,1,1338.12,PRV_108,Urban,16,0,2011.34,0
CLM_13502,1847.82,Property,23,0,2555.58,PRV_144,Suburban,7,1,-707.76,0
CLM_13503,3486.49,Auto,29,1,3254.91,PRV_117,Suburban,1,0,231.59,0
CLM_13504,3090.52,Health,30,0,3061.94,PRV_147,Urban,7,0,28.59,1
CLM_13505,5645.8,Auto,39,0,3643.48,PRV_147,Suburban,3,0,2002.32,0
CLM_13506,5350.6,Property,108,0,4097.43,PRV_141,Suburban,0,0,1253.17,0
CLM_13507,4375.52,Auto,111,1,1901.43,PRV_140,Suburban,9,0,2474.09,0
CLM_13508,6698.27,Property,25,1,2979.1,PRV_110,Rural,19,0,3719.18,0
CLM_13509,3139.74,Health,101,1,2390.04,PRV_124,Urban,12,0,749.7,0
CLM_13510,2788.49,Auto,111,1,1751.07,PRV_125,Urban,2,0,1037.42,0
CLM_13511,3006.45,Property,8,1,2948.16,PRV_135,Urban,17,0,58.29,0
CLM_13512,7471.04,Health,106,0,3431.67,PRV_141,Suburban,3,1,4039.37,0
CLM_13513,5203.05,Auto,58,1,3490.68,PRV_134,Rural,2,0,1712.38,0
CLM_13514,2167.35,Health,16,0,2604.79,PRV_137,Urban,32,0,-437.43,1
CLM_13515,1629.89,Property,72,0,1992.13,PRV_102,Suburban,0,0,-362.24,0
CLM_13516,3075.65,Auto,1,0,2355.37,PRV_140,Rural,1,0,720.28,0
CLM_13517,2660.01,Auto,108,0,1123.17,PRV_134,Rural,6,0,1536.84,0
CLM_13518,1020.8,Health,5,0,1810.7,PRV_149,Urban,1,0,-789.9,1
CLM_13519,2171.43,Health,3,1,1897.38,PRV_139,Urban,1,0,274.05,0
CLM_13520,3484.67,Property,65,0,3845.3,PRV_121,Suburban,10,1,-360.63,0
CLM_13521,11114.92,Health,4,1,3844.4,PRV_107,Urban,17,0,7270.52,0
CLM_13522,11609.06,Auto,104,3,5129.48,PRV_114,Suburban,10,0,6479.58,1
CLM_13523,3509.54,Property,99,2,3240.33,PRV_144,Rural,1,0,269.21,0
CLM_13524,2563.04,Auto,96,0,2516.11,PRV_106,Rural,22,0,46.93,0
CLM_13525,7966.9,Auto,64,1,3011.97,PRV_118,Rural,25,1,4954.92,0
CLM_13526,2761.61,Health,106,0,2830.77,PRV_139,Rural,3,0,-69.17,0
CLM_13527,7087.43,Health,98,1,2368.28,PRV_141,Urban,8,0,4719.15,0
CLM_13528,4003.02,Auto,107,1,3319.92,PRV_116,Urban,6,0,683.1,0
CLM_13529,2269.94,Health,89,0,3193.36,PRV_100,Suburban,11,0,-923.42,0
CLM_13530,6498.13,Auto,10,2,2917.42,PRV_144,Suburban,38,0,3580.71,1
CLM_13531,5476.65,Auto,21,0,2705.71,PRV_128,Suburban,42,0,2770.94,1
CLM_13532,10894.09,Property,46,1,3631.9,PRV_112,Suburban,7,0,7262.19,0
CLM_13533,6128.4,Auto,103,0,2446.26,PRV_147,Suburban,0,0,3682.14,0
CLM_13534,4082.47,Auto,91,2,2596.84,PRV_128,Rural,4,0,1485.63,0
CLM_13535,7615.74,Auto,27,0,3475.08,PRV_140,Rural,5,0,4140.66,0
CLM_13536,10207.71,Property,66,1,4011.48,PRV_141,Rural,7,0,6196.23,1
CLM_13537,6994.77,Auto,41,1,3920.14,PRV_105,Suburban,32,0,3074.63,1
CLM_13538,3239.66,Auto,112,1,2740.41,PRV_104,Rural,3,0,499.24,0
CLM_13539,1779.5,Health,13,1,1735.65,PRV_133,Rural,7,1,43.85,1
CLM_13540,3356.16,Auto,9,2,2710.51,PRV_110,Rural,3,0,645.65,0
CLM_13541,8053.11,Auto,116,0,3073.51,PRV_108,Rural,25,0,4979.61,0
CLM_13542,2736.41,Health,36,4,1885.78,PRV_137,Urban,46,0,850.64,0
CLM_13543,3275.13,Auto,86,0,2691.9,PRV_139,Suburban,20,0,583.23,0
CLM_13544,10579.67,Property,106,0,4207.1,PRV_140,Suburban,4,0,6372.57,0
CLM_13545,1824.91,Auto,90,0,3147.48,PRV_108,Urban,3,1,-1322.57,0
CLM_13546,4881.67,Auto,58,0,2459.41,PRV_107,Rural,5,0,2422.26,0
CLM_13547,8129.64,Auto,54,2,3028.84,PRV_143,Rural,13,1,5100.81,0
CLM_13548,4703.36,Auto,12,1,3083.75,PRV_139,Rural,0,0,1619.61,0
CLM_13549,3081.84,Health,81,1,2626.65,PRV_102,Suburban,53,0,455.19,0
CLM_13550,6523.47,Auto,78,1,3772.38,PRV_112,Suburban,21,0,2751.09,0
CLM_13551,2687.29,Auto,14,2,1171.6,PRV_118,Suburban,0,1,1515.69,0
CLM_13552,6219.71,Health,34,0,3471.76,PRV_133,Suburban,4,0,2747.95,0
CLM_13553,1259.77,Health,53,1,2426.85,PRV_131,Suburban,11,0,-1167.08,0
CLM_13554,2815.05,Auto,20,1,4045.7,PRV_148,Urban,2,0,-1230.66,0
CLM_13555,3974.05,Auto,75,1,1725.36,PRV_115,Suburban,1,0,2248.7,0
CLM_13556,5907.38,Auto,16,0,3938.58,PRV_135,Rural,9,0,1968.81,0
CLM_13557,5442.69,Auto,115,0,2210.73,PRV_117,Suburban,23,0,3231.96,0
CLM_13558,7054.98,Auto,95,1,3321.99,PRV_113,Urban,31,0,3733.0,1
CLM_13559,4952.86,Health,119,1,2535.0,PRV_129,Rural,0,0,2417.86,0
CLM_13560,11364.02,Property,70,0,4127.21,PRV_101,Urban,20,0,7236.81,0
CLM_13561,1554.19,Auto,56,1,2808.92,PRV_112,Rural,8,0,-1254.73,0
CLM_13562,2020.98,Auto,83,3,2276.94,PRV_126,Suburban,2,0,-255.96,0
CLM_13563,9066.28,Auto,101,4,4399.1,PRV_116,Urban,9,0,4667.18,1
CLM_13564,1807.53,Auto,58,1,2719.85,PRV_130,Rural,54,0,-912.32,0
CLM_13565,7439.5,Auto,4,0,3521.78,PRV_114,Suburban,3,0,3917.72,0
CLM_13566,11660.76,Property,111,2,3939.04,PRV_119,Rural,3,0,7721.72,1
CLM_13567,5719.05,Health,4,1,2120.51,PRV_104,Urban,12,0,3598.54,1
CLM_13568,6766.19,Property,20,0,3421.95,PRV_106,Urban,0,0,3344.24,0
CLM_13569,9728.69,Property,10,0,3557.18,PRV_117,Urban,17,0,6171.51,0
CLM_13570,1148.47,Auto,24,0,1452.52,PRV_110,Urban,10,0,-304.06,0
CLM_13571,5438.97,Health,118,0,3323.06,PRV_131,Suburban,18,0,2115.91,0
CLM_13572,4158.83,Auto,99,2,2646.09,PRV_149,Rural,2,0,1512.74,0
CLM_13573,6196.22,Auto,26,0,4620.18,PRV_126,Suburban,18,0,1576.03,0
CLM_13574,1935.01,Property,37,1,3866.12,PRV_125,Urban,5,0,-1931.11,0
CLM_13575,9380.33,Auto,102,1,3439.08,PRV_136,Rural,1,0,5941.25,1
CLM_13576,2343.25,Property,85,0,958.67,PRV_144,Urban,23,0,1384.58,0
CLM_13577,7345.21,Auto,54,1,3444.99,PRV_127,Suburban,12,0,3900.22,1
CLM_13578,1841.41,Property,104,0,2239.03,PRV_149,Suburban,1,0,-397.61,0
CLM_13579,5599.24,Property,103,1,3873.53,PRV_101,Suburban,2,1,1725.71,0
CLM_13580,7982.95,Health,21,0,2840.08,PRV_119,Rural,3,0,5142.87,1
CLM_13581,5066.83,Health,74,2,2480.91,PRV_103,Rural,33,0,2585.92,1
CLM_13582,5148.62,Auto,38,1,2563.38,PRV_112,Urban,21,0,2585.24,0
CLM_13583,7318.2,Property,46,2,2629.78,PRV_123,Rural,4,0,4688.42,1
CLM_13584,3139.58,Property,4,0,1652.77,PRV_147,Rural,6,1,1486.81,1
CLM_13585,3557.36,Health,60,1,1783.98,PRV_137,Suburban,3,0,1773.38,0
CLM_13586,3635.17,Health,57,2,2664.52,PRV_139,Urban,13,0,970.65,0
CLM_13587,6507.48,Health,45,2,4555.14,PRV_147,Suburban,1,1,1952.34,0
CLM_13588,8223.89,Property,20,1,3714.46,PRV_144,Urban,4,0,4509.42,1
CLM_13589,4949.35,Health,17,0,3804.0,PRV_128,Urban,9,0,1145.34,0
CLM_13590,7965.37,Property,119,1,4197.23,PRV_135,Rural,20,0,3768.14,0
CLM_13591,3930.75,Health,71,1,3281.12,PRV_101,Suburban,10,0,649.63,1
CLM_13592,2327.94,Auto,4,0,2543.32,PRV_140,Rural,28,0,-215.39,1
CLM_13593,4235.65,Auto,93,0,2589.02,PRV_117,Rural,26,0,1646.63,0
CLM_13594,2269.09,Auto,14,0,2174.26,PRV_148,Rural,12,0,94.83,0
CLM_13595,10465.93,Auto,3,1,3811.01,PRV_107,Urban,3,0,6654.92,1
CLM_13596,2598.34,Auto,88,1,2063.76,PRV_114,Suburban,11,0,534.58,0
CLM_13597,10147.63,Health,101,1,5090.34,PRV_140,Suburban,2,0,5057.28,1
CLM_13598,2429.7,Auto,80,2,2097.09,PRV_116,Rural,4,0,332.61,0
CLM_13599,4835.43,Auto,58,2,4222.9,PRV_122,Urban,14,0,612.52,0
CLM_13600,5820.64,Health,55,3,4228.3,PRV_101,Suburban,19,0,1592.34,0
CLM_13601,10110.81,Property,116,1,3624.35,PRV_105,Suburban,5,0,6486.46,1
CLM_13602,6832.64,Health,4,0,4620.57,PRV_128,Rural,7,0,2212.07,0
CLM_13603,7158.48,Property,24,2,2803.77,PRV_126,Urban,4,0,4354.71,0
CLM_13604,3107.14,Health,34,1,3128.27,PRV_136,Rural,6,0,-21.13,0
CLM_13605,2000.51,Auto,30,1,3224.43,PRV_148,Suburban,7,0,-1223.92,0
CLM_13606,8810.85,Health,82,0,3590.12,PRV_133,Urban,11,0,5220.73,0
CLM_13607,2190.45,Health,19,1,1181.03,PRV_117,Rural,13,0,1009.41,0
CLM_13608,5091.22,Auto,31,0,2893.86,PRV_141,Suburban,36,0,2197.35,1
CLM_13609,4554.7,Auto,60,1,3858.24,PRV_109,Rural,5,0,696.47,0
CLM_13610,1789.18,Health,60,1,2628.08,PRV_137,Rural,0,0,-838.9,0
CLM_13611,8466.74,Auto,19,0,4959.58,PRV_143,Rural,11,0,3507.16,0
CLM_13612,8345.79,Health,49,0,3128.03,PRV_116,Urban,6,0,5217.76,0
CLM_13613,2811.81,Auto,63,0,3514.52,PRV_112,Suburban,18,0,-702.71,0
CLM_13614,12847.13,Health,110,0,4551.0,PRV_147,Suburban,1,0,8296.14,0
CLM_13615,3714.08,Health,83,1,3129.43,PRV_141,Suburban,10,0,584.65,1
CLM_13616,8300.53,Auto,22,2,4534.66,PRV_126,Suburban,6,0,3765.88,1
CLM_13617,2387.35,Auto,24,0,3583.15,PRV_101,Urban,5,0,-1195.8,0
CLM_13618,5602.11,Health,109,0,3585.08,PRV_133,Rural,8,0,2017.03,0
CLM_13619,1719.79,Property,76,1,2110.84,PRV_130,Suburban,11,0,-391.04,0
CLM_13620,2545.74,Property,30,1,4106.46,PRV_122,Urban,19,0,-1560.72,0
CLM_13621,6980.71,Auto,58,2,2393.61,PRV_106,Rural,2,0,4587.1,1
CLM_13622,6542.32,Health,102,1,2813.62,PRV_137,Urban,3,0,3728.71,1
CLM_13623,9786.12,Auto,117,2,4259.2,PRV_132,Urban,7,0,5526.92,0
CLM_13624,1912.73,Auto,31,1,2633.26,PRV_111,Suburban,4,0,-720.53,1
CLM_13625,9452.07,Auto,100,0,3347.79,PRV_144,Suburban,8,0,6104.28,0
CLM_13626,4930.85,Health,64,0,2946.13,PRV_111,Rural,2,0,1984.72,0
CLM_13627,7842.15,Auto,19,1,2981.0,PRV_118,Rural,3,0,4861.15,0
CLM_13628,1515.07,Auto,48,1,2850.54,PRV_108,Suburban,3,0,-1335.47,1
CLM_13629,2445.97,Health,45,0,1963.82,PRV_109,Urban,48,0,482.15,0
CLM_13630,10600.4,Health,100,0,3545.14,PRV_116,Suburban,19,0,7055.25,1
CLM_13631,5704.1,Auto,94,0,3634.12,PRV_149,Rural,18,0,2069.98,0
CLM_13632,6579.98,Auto,55,1,2418.01,PRV_139,Urban,7,0,4161.97,1
CLM_13633,3376.17,Auto,113,0,2557.71,PRV_138,Urban,6,0,818.46,0
CLM_13634,7095.52,Auto,55,1,3912.99,PRV_140,Urban,0,0,3182.53,0
CLM_13635,7211.42,Health,97,1,2736.21,PRV_109,Suburban,2,0,4475.21,1
CLM_13636,6230.2,Auto,18,0,3092.6,PRV_111,Suburban,22,0,3137.6,1
CLM_13637,4899.83,Health,63,0,2118.4,PRV_114,Rural,7,0,2781.42,0
CLM_13638,3148.2,Property,116,0,2936.53,PRV_130,Urban,43,0,211.67,0
CLM_13639,1889.62,Auto,113,1,2123.82,PRV_114,Urban,8,1,-234.2,0
CLM_13640,2576.49,Property,92,0,2395.02,PRV_127,Suburban,4,1,181.46,1
CLM_13641,3873.83,Auto,47,0,2235.82,PRV_103,Rural,3,0,1638.01,0
CLM_13642,9667.53,Auto,75,0,3863.28,PRV_135,Rural,25,0,5804.24,0
CLM_13643,2313.5,Auto,57,0,1670.41,PRV_100,Urban,4,0,643.08,0
CLM_13644,6246.02,Auto,118,0,3266.68,PRV_143,Suburban,1,0,2979.34,0
CLM_13645,6975.6,Auto,45,1,2776.88,PRV_133,Urban,3,0,4198.72,1
CLM_13646,4822.44,Auto,33,2,4396.26,PRV_146,Suburban,10,0,426.18,0
CLM_13647,10232.69,Health,17,2,3779.47,PRV_116,Rural,1,0,6453.22,0
CLM_13648,5073.66,Property,70,0,1760.03,PRV_138,Urban,0,0,3313.63,1
CLM_13649,1457.41,Health,4,0,2439.48,PRV_137,Urban,6,0,-982.07,1
CLM_13650,1934.32,Auto,20,0,2986.09,PRV_143,Urban,0,0,-1051.77,0
CLM_13651,1774.33,Health,112,0,2439.27,PRV_132,Rural,4,0,-664.95,0
CLM_13652,9543.69,Health,47,2,3908.27,PRV_120,Urban,3,0,5635.42,0
CLM_13653,3085.44,Property,91,1,3169.94,PRV_125,Rural,4,0,-84.5,0
CLM_13654,6495.27,Property,15,1,2806.65,PRV_145,Suburban,6,0,3688.62,1
CLM_13655,6382.14,Property,70,0,3980.9,PRV_135,Rural,2,1,2401.24,0
CLM_13656,4721.8,Auto,47,1,1822.64,PRV_104,Suburban,5,0,2899.16,0
CLM_13657,6894.7,Health,78,1,2734.49,PRV_132,Rural,4,0,4160.22,0
CLM_13658,9416.46,Auto,75,3,3248.0,PRV_100,Rural,15,0,6168.46,1
CLM_13659,3223.44,Property,103,0,2858.69,PRV_105,Urban,11,0,364.75,0
CLM_13660,536.55,Auto,9,1,500.0,PRV_136,Rural,20,1,36.55,0
CLM_13661,1932.53,Auto,90,0,3339.02,PRV_101,Urban,11,0,-1406.5,0
CLM_13662,5345.3,Auto,16,0,3502.73,PRV_104,Suburban,1,0,1842.58,0
CLM_13663,3274.64,Health,69,0,1987.45,PRV_125,Suburban,7,0,1287.19,0
CLM_13664,2378.59,Auto,116,0,817.02,PRV_140,Urban,13,0,1561.57,0
CLM_13665,5984.39,Auto,61,0,2322.26,PRV_146,Suburban,18,0,3662.13,0
CLM_13666,2564.35,Property,10,1,2796.52,PRV_112,Rural,2,0,-232.17,0
CLM_13667,7212.76,Property,50,1,2889.47,PRV_111,Urban,2,0,4323.29,0
CLM_13668,976.86,Auto,3,1,1032.89,PRV_104,Urban,19,0,-56.04,0
CLM_13669,2224.36,Auto,77,0,3203.22,PRV_101,Urban,6,1,-978.86,0
CLM_13670,10445.7,Property,107,0,4028.88,PRV_103,Suburban,6,0,6416.82,0
CLM_13671,11632.61,Property,113,2,3956.81,PRV_126,Suburban,6,0,7675.81,0
CLM_13672,3040.98,Health,94,2,4221.84,PRV_149,Rural,1,0,-1180.86,0
CLM_13673,4529.78,Health,118,1,1787.03,PRV_109,Rural,9,1,2742.75,1
CLM_13674,10271.88,Auto,109,1,3879.06,PRV_112,Urban,16,0,6392.82,0
CLM_13675,1646.52,Property,70,1,2066.18,PRV_143,Rural,18,0,-419.66,0
CLM_13676,4577.91,Health,81,1,3789.24,PRV_101,Suburban,0,0,788.67,0
CLM_13677,5281.36,Health,109,0,2262.65,PRV_125,Rural,12,0,3018.72,0
CLM_13678,8444.84,Auto,51,1,3352.02,PRV_114,Suburban,0,0,5092.81,0
CLM_13679,6280.94,Property,117,0,4535.19,PRV_145,Rural,34,0,1745.75,0
CLM_13680,3538.95,Health,19,0,3932.94,PRV_109,Suburban,6,0,-393.99,0
CLM_13681,4406.56,Auto,42,0,2077.72,PRV_121,Suburban,14,0,2328.84,0
CLM_13682,4196.67,Health,35,0,1861.12,PRV_139,Rural,9,0,2335.55,0
CLM_13683,6642.66,Health,46,1,3776.34,PRV_124,Rural,30,0,2866.32,0
CLM_13684,3724.9,Health,26,1,4319.47,PRV_114,Suburban,36,0,-594.56,0
CLM_13685,8955.95,Health,115,1,3429.8,PRV_112,Urban,3,0,5526.15,0
CLM_13686,5259.3,Health,69,1,2488.83,PRV_107,Rural,6,0,2770.47,0
CLM_13687,8130.65,Property,93,1,3041.87,PRV_120,Suburban,7,0,5088.78,0
CLM_13688,9722.13,Auto,64,1,3432.44,PRV_120,Rural,1,0,6289.69,1
CLM_13689,7317.57,Auto,37,0,2910.44,PRV_121,Rural,23,0,4407.12,0
CLM_13690,6021.31,Auto,84,0,2078.72,PRV_145,Rural,4,0,3942.59,1
CLM_13691,11726.5,Health,49,1,4063.74,PRV_132,Rural,0,1,7662.77,0
CLM_13692,9992.49,Health,21,2,4878.29,PRV_144,Rural,1,0,5114.21,0
CLM_13693,10271.53,Property,74,1,4426.55,PRV_126,Urban,7,0,5844.98,1
CLM_13694,1863.65,Health,64,3,828.83,PRV_139,Urban,21,0,1034.82,0
CLM_13695,8531.57,Health,5,1,4155.98,PRV_149,Urban,9,0,4375.59,0
CLM_13696,1962.24,Property,100,0,3578.2,PRV_121,Suburban,2,0,-1615.96,0
CLM_13697,3255.83,Auto,70,0,2342.72,PRV_129,Urban,3,0,913.11,1
CLM_13698,778.57,Property,90,0,1037.82,PRV_108,Urban,37,0,-259.25,0
CLM_13699,3609.82,Auto,4,1,2886.36,PRV_144,Suburban,0,0,723.46,0
CLM_13700,2258.42,Health,103,4,3363.68,PRV_134,Urban,51,0,-1105.27,1
CLM_13701,5300.96,Health,39,0,1893.15,PRV_117,Rural,23,0,3407.81,1
CLM_13702,6891.49,Health,114,1,4232.26,PRV_141,Urban,11,0,2659.23,0
CLM_13703,4096.13,Auto,35,0,4208.02,PRV_104,Urban,28,0,-111.89,0
CLM_13704,6803.87,Auto,1,0,3467.92,PRV_126,Urban,1,0,3335.96,0
CLM_13705,1612.75,Health,24,1,1627.18,PRV_105,Rural,28,0,-14.44,0
CLM_13706,6875.2,Property,57,0,2737.92,PRV_131,Rural,2,0,4137.28,1
CLM_13707,4709.72,Auto,100,0,3723.69,PRV_107,Rural,7,0,986.03,0
CLM_13708,4708.43,Property,70,0,3657.74,PRV_138,Rural,6,0,1050.69,0
CLM_13709,6154.81,Auto,41,1,2300.97,PRV_120,Suburban,7,0,3853.84,0
CLM_13710,4645.58,Health,54,1,2447.61,PRV_117,Rural,3,0,2197.97,0
CLM_13711,6184.53,Health,46,0,2275.18,PRV_113,Rural,15,0,3909.35,0
CLM_13712,4163.21,Health,60,0,2717.11,PRV_114,Rural,13,0,1446.1,0
CLM_13713,3417.65,Property,108,1,2513.31,PRV_141,Rural,30,0,904.34,0
CLM_13714,4115.52,Health,60,0,2331.07,PRV_125,Suburban,7,0,1784.45,0
CLM_13715,1871.22,Health,57,0,2862.38,PRV_143,Urban,7,0,-991.16,0
CLM_13716,2691.92,Auto,31,0,3039.99,PRV_131,Urban,23,0,-348.07,0
CLM_13717,4286.52,Auto,84,0,4087.05,PRV_138,Rural,25,0,199.46,0
CLM_13718,3097.63,Auto,24,2,1218.73,PRV_127,Rural,10,0,1878.9,0
CLM_13719,9849.86,Health,89,1,4219.26,PRV_138,Rural,17,0,5630.59,0
CLM_13720,2214.99,Auto,36,3,2252.68,PRV_142,Urban,7,0,-37.69,1
CLM_13721,5793.09,Auto,85,2,4860.51,PRV_131,Urban,4,0,932.58,0
CLM_13722,10507.75,Auto,30,0,3673.2,PRV_112,Rural,19,0,6834.55,0
CLM_13723,2534.6,Auto,24,1,3547.34,PRV_114,Urban,15,0,-1012.74,0
CLM_13724,5411.55,Auto,108,0,2895.99,PRV_117,Suburban,2,0,2515.56,0
CLM_13725,9138.85,Property,106,0,5063.02,PRV_138,Rural,0,0,4075.82,1
CLM_13726,6871.98,Health,30,3,2969.39,PRV_105,Rural,8,0,3902.59,1
CLM_13727,5204.64,Health,86,1,4511.7,PRV_110,Suburban,18,0,692.94,0
CLM_13728,6880.88,Health,92,1,2425.47,PRV_131,Suburban,2,0,4455.42,0
CLM_13729,5673.22,Auto,7,0,3716.59,PRV_139,Urban,14,1,1956.63,1
CLM_13730,5947.86,Property,35,0,4898.18,PRV_119,Suburban,5,0,1049.68,0
CLM_13731,2888.39,Auto,55,1,2152.03,PRV_132,Rural,4,0,736.37,0
CLM_13732,4789.33,Auto,92,1,3491.26,PRV_139,Urban,1,0,1298.07,0
CLM_13733,2287.48,Health,14,0,2293.63,PRV_107,Suburban,27,0,-6.14,0
CLM_13734,9672.11,Auto,10,0,3429.66,PRV_134,Urban,2,0,6242.45,0
CLM_13735,4586.59,Health,80,0,4893.99,PRV_104,Urban,3,0,-307.4,0
CLM_13736,5594.4,Auto,16,0,2066.58,PRV_134,Urban,4,0,3527.82,1
CLM_13737,4772.9,Health,54,1,3156.01,PRV_146,Urban,3,1,1616.9,0
CLM_13738,2540.58,Auto,95,0,2165.53,PRV_113,Suburban,1,0,375.05,0
CLM_13739,2860.02,Auto,106,1,2870.72,PRV_120,Rural,4,0,-10.7,0
CLM_13740,6376.46,Health,89,2,3621.23,PRV_146,Rural,6,0,2755.23,0
CLM_13741,5871.48,Auto,77,2,2701.83,PRV_123,Suburban,8,0,3169.64,0
CLM_13742,12557.92,Auto,70,1,4573.91,PRV_116,Rural,1,0,7984.01,0
CLM_13743,7423.41,Auto,44,0,3483.34,PRV_117,Urban,15,1,3940.07,0
CLM_13744,2865.55,Health,73,3,1676.59,PRV_133,Urban,3,0,1188.96,0
CLM_13745,1937.73,Health,45,0,3319.79,PRV_111,Urban,25,0,-1382.06,0
CLM_13746,12440.13,Auto,100,1,4461.12,PRV_115,Suburban,3,0,7979.01,1
CLM_13747,9762.62,Property,56,3,3542.41,PRV_103,Urban,19,0,6220.21,1
CLM_13748,4717.64,Property,107,0,3260.76,PRV_124,Urban,4,0,1456.88,0
CLM_13749,1547.4,Health,84,1,2702.47,PRV_133,Suburban,7,0,-1155.07,0
CLM_13750,6773.87,Health,82,1,2902.97,PRV_127,Urban,4,0,3870.89,1
CLM_13751,7464.49,Auto,107,0,3010.84,PRV_145,Urban,4,0,4453.64,0
CLM_13752,1028.43,Health,57,0,554.06,PRV_110,Rural,9,0,474.37,1
CLM_13753,5220.44,Auto,21,1,3463.7,PRV_112,Suburban,11,0,1756.74,1
CLM_13754,10502.65,Auto,68,2,3996.7,PRV_130,Urban,20,0,6505.95,0
CLM_13755,2209.94,Property,50,0,2252.07,PRV_124,Urban,8,0,-42.13,0
CLM_13756,5168.4,Health,33,0,3232.48,PRV_138,Urban,2,0,1935.92,0
CLM_13757,1882.1,Auto,91,0,3353.61,PRV_109,Urban,45,0,-1471.51,0
CLM_13758,3467.47,Auto,7,0,3810.3,PRV_123,Rural,11,0,-342.83,0
CLM_13759,8591.44,Health,70,1,3012.34,PRV_100,Rural,4,0,5579.1,1
CLM_13760,6885.33,Auto,15,0,3539.64,PRV_124,Rural,34,0,3345.69,1
CLM_13761,4621.71,Auto,82,2,1838.4,PRV_127,Rural,31,0,2783.31,0
CLM_13762,3408.03,Auto,32,1,1985.74,PRV_135,Suburban,0,0,1422.29,0
CLM_13763,8876.61,Auto,75,0,3431.15,PRV_117,Urban,0,0,5445.46,0
CLM_13764,5117.98,Health,20,1,2770.41,PRV_105,Rural,0,0,2347.58,0
CLM_13765,725.75,Auto,88,0,1419.29,PRV_101,Urban,11,0,-693.54,0
CLM_13766,9203.1,Health,15,0,3347.5,PRV_102,Suburban,12,0,5855.6,1
CLM_13767,1503.41,Auto,48,1,1725.25,PRV_145,Urban,12,1,-221.84,1
CLM_13768,9274.65,Health,71,2,5702.61,PRV_107,Urban,9,0,3572.04,1
CLM_13769,1393.73,Property,21,0,823.87,PRV_130,Rural,3,0,569.86,0
CLM_13770,1886.83,Health,42,0,3052.68,PRV_147,Rural,1,0,-1165.85,0
CLM_13771,1191.87,Property,26,0,1883.85,PRV_118,Suburban,26,0,-691.98,0
CLM_13772,9423.07,Property,108,0,3915.87,PRV_149,Urban,24,0,5507.2,0
CLM_13773,3249.32,Auto,14,0,2597.12,PRV_105,Rural,2,0,652.21,0
CLM_13774,6115.84,Health,57,0,4012.83,PRV_113,Rural,1,0,2103.01,0
CLM_13775,7196.67,Property,37,0,3767.34,PRV_102,Rural,4,0,3429.34,0
CLM_13776,2769.81,Auto,58,1,1932.25,PRV_147,Suburban,0,1,837.56,0
CLM_13777,5539.84,Auto,21,1,2272.67,PRV_100,Urban,1,0,3267.17,0
CLM_13778,7199.44,Property,82,2,2655.48,PRV_143,Rural,4,0,4543.96,0
CLM_13779,1904.04,Health,69,1,2932.47,PRV_129,Urban,2,0,-1028.43,0
CLM_13780,5855.23,Auto,3,2,2803.55,PRV_145,Suburban,13,0,3051.68,0
CLM_13781,4824.73,Auto,87,1,3728.11,PRV_118,Urban,23,0,1096.62,0
CLM_13782,6332.69,Health,90,0,3233.95,PRV_118,Rural,23,0,3098.73,1
CLM_13783,4081.82,Health,37,2,2387.35,PRV_108,Urban,9,0,1694.47,0
CLM_13784,2785.2,Health,88,1,2087.55,PRV_106,Urban,12,1,697.65,0
CLM_13785,1609.77,Health,49,1,2184.11,PRV_145,Suburban,6,0,-574.33,0
CLM_13786,6322.32,Health,19,2,3329.99,PRV_136,Suburban,1,0,2992.33,0
CLM_13787,2194.97,Health,115,1,2806.93,PRV_149,Urban,10,0,-611.96,0
CLM_13788,4523.0,Health,89,0,5080.31,PRV_140,Urban,4,0,-557.31,0
CLM_13789,8865.6,Health,85,1,2999.76,PRV_106,Urban,0,0,5865.84,0
CLM_13790,4119.08,Health,12,1,3188.73,PRV_108,Suburban,8,0,930.35,0
CLM_13791,2351.28,Auto,61,1,1198.96,PRV_103,Suburban,2,1,1152.31,0
CLM_13792,1962.05,Auto,41,4,1661.94,PRV_124,Urban,21,0,300.11,0
CLM_13793,5004.16,Property,33,1,1878.6,PRV_148,Suburban,27,1,3125.56,0
CLM_13794,2980.96,Auto,50,2,2466.97,PRV_111,Rural,1,0,513.99,0
CLM_13795,2150.99,Auto,117,3,1517.76,PRV_105,Suburban,0,0,633.23,0
CLM_13796,3728.83,Auto,68,2,1845.07,PRV_117,Suburban,0,1,1883.76,0
CLM_13797,9803.59,Property,106,2,3664.94,PRV_139,Suburban,24,0,6138.65,0
CLM_13798,5437.1,Auto,71,0,2140.14,PRV_120,Rural,1,1,3296.96,1
CLM_13799,3431.39,Auto,86,2,2958.99,PRV_114,Rural,5,0,472.4,0
CLM_13800,9245.76,Auto,119,0,3592.14,PRV_102,Rural,0,0,5653.62,0
CLM_13801,8891.69,Health,33,0,3946.62,PRV_101,Urban,4,0,4945.07,0
CLM_13802,9793.85,Auto,81,0,3292.52,PRV_140,Urban,15,0,6501.32,1
CLM_13803,9517.16,Auto,24,1,3352.74,PRV_139,Rural,5,1,6164.41,1
CLM_13804,7289.72,Auto,61,0,3977.28,PRV_103,Urban,14,0,3312.44,0
CLM_13805,8108.27,Property,61,1,3414.27,PRV_131,Urban,11,0,4694.01,0
CLM_13806,7770.01,Auto,98,3,4035.43,PRV_101,Urban,7,0,3734.58,1
CLM_13807,1702.5,Auto,28,0,856.61,PRV_145,Rural,13,0,845.89,0
CLM_13808,2198.18,Health,58,0,2916.32,PRV_128,Suburban,21,0,-718.14,0
CLM_13809,1545.0,Property,43,1,3055.69,PRV_101,Rural,15,0,-1510.69,0
CLM_13810,1788.25,Health,41,0,2882.12,PRV_133,Rural,11,0,-1093.86,0
CLM_13811,9109.05,Property,39,1,3123.2,PRV_126,Urban,12,0,5985.85,0
CLM_13812,2113.95,Property,86,2,2591.67,PRV_138,Urban,1,0,-477.72,0
CLM_13813,2314.97,Auto,49,1,3788.98,PRV_143,Suburban,30,0,-1474.01,0
CLM_13814,3139.96,Health,17,0,2464.43,PRV_137,Suburban,2,0,675.53,0
CLM_13815,5482.3,Auto,98,0,2782.26,PRV_117,Suburban,4,1,2700.04,0
CLM_13816,12759.51,Health,70,1,4444.04,PRV_135,Suburban,7,0,8315.47,0
CLM_13817,9683.78,Auto,110,1,4304.44,PRV_118,Rural,1,0,5379.34,0
CLM_13818,3760.37,Auto,70,0,3157.63,PRV_126,Suburban,9,0,602.74,0
CLM_13819,6729.3,Property,98,1,2363.11,PRV_144,Rural,2,0,4366.19,0
CLM_13820,805.92,Auto,65,0,1365.73,PRV_119,Urban,25,0,-559.81,1
CLM_13821,8455.73,Property,74,1,2868.65,PRV_120,Suburban,21,0,5587.08,0
CLM_13822,2268.39,Auto,85,2,3508.18,PRV_122,Urban,7,0,-1239.78,0
CLM_13823,5434.18,Auto,5,0,2278.84,PRV_129,Urban,5,0,3155.34,1
CLM_13824,1843.37,Property,2,0,3005.93,PRV_124,Rural,1,0,-1162.56,1
CLM_13825,7501.01,Health,22,1,2651.56,PRV_130,Suburban,17,0,4849.45,0
CLM_13826,986.04,Health,112,0,1277.81,PRV_126,Rural,4,0,-291.77,0
CLM_13827,1951.96,Auto,57,1,3117.17,PRV_133,Urban,2,0,-1165.2,0
CLM_13828,9354.31,Health,66,0,3435.09,PRV_107,Suburban,53,0,5919.22,1
CLM_13829,2336.34,Health,74,1,3159.42,PRV_118,Urban,11,0,-823.08,0
CLM_13830,11507.39,Health,98,0,4612.5,PRV_140,Urban,0,0,6894.89,0
CLM_13831,6340.71,Auto,16,0,2678.13,PRV_125,Suburban,16,0,3662.58,0
CLM_13832,5190.08,Property,112,1,2598.68,PRV_127,Suburban,13,0,2591.39,0
CLM_13833,7465.05,Health,51,0,5166.46,PRV_103,Suburban,5,0,2298.59,0
CLM_13834,4884.17,Property,39,0,1751.26,PRV_130,Rural,1,0,3132.91,0
CLM_13835,6373.41,Health,86,1,2380.18,PRV_115,Rural,6,0,3993.23,0
CLM_13836,5262.02,Health,76,0,3360.98,PRV_109,Urban,14,0,1901.03,0
CLM_13837,4452.46,Auto,88,1,4125.27,PRV_137,Suburban,0,0,327.19,0
CLM_13838,4648.73,Auto,111,2,3934.84,PRV_147,Urban,1,0,713.89,0
CLM_13839,2059.71,Property,40,1,1960.12,PRV_109,Urban,9,0,99.59,0
CLM_13840,8575.63,Auto,38,0,4627.65,PRV_144,Urban,8,0,3947.98,0
CLM_13841,9253.71,Auto,60,1,3464.06,PRV_108,Urban,23,0,5789.65,1
CLM_13842,5307.72,Auto,59,0,2180.63,PRV_138,Urban,16,0,3127.09,0
CLM_13843,5636.58,Auto,10,0,2264.8,PRV_135,Suburban,25,0,3371.78,0
CLM_13844,4978.12,Property,99,2,3071.55,PRV_135,Rural,6,0,1906.57,0
CLM_13845,6729.51,Property,64,0,5152.32,PRV_118,Suburban,15,0,1577.19,0
CLM_13846,7688.64,Auto,115,2,3212.45,PRV_118,Suburban,0,0,4476.19,0
CLM_13847,12771.73,Auto,63,1,5143.16,PRV_111,Suburban,3,0,7628.57,1
CLM_13848,8680.65,Health,49,2,3878.09,PRV_112,Rural,10,0,4802.56,1
CLM_13849,1008.33,Health,64,1,1737.7,PRV_124,Rural,14,0,-729.37,0
CLM_13850,8701.36,Property,32,1,4407.51,PRV_135,Rural,8,0,4293.85,1
CLM_13851,2811.61,Health,7,1,2055.85,PRV_124,Suburban,6,0,755.76,0
CLM_13852,2362.19,Auto,21,0,2384.89,PRV_127,Rural,2,0,-22.7,0
CLM_13853,7324.55,Health,20,0,3275.75,PRV_141,Urban,1,0,4048.79,1
CLM_13854,3480.64,Property,26,1,2971.56,PRV_138,Rural,20,0,509.07,0
CLM_13855,10831.88,Health,68,1,3893.41,PRV_129,Suburban,1,0,6938.47,0
CLM_13856,4360.34,Health,110,1,3501.72,PRV_104,Suburban,5,1,858.61,1
CLM_13857,5441.21,Auto,116,0,2882.07,PRV_116,Urban,21,0,2559.14,1
CLM_13858,12073.45,Health,86,1,4698.93,PRV_117,Rural,1,0,7374.52,0
CLM_13859,3801.57,Health,15,0,2525.46,PRV_142,Rural,1,0,1276.11,0
CLM_13860,5143.23,Auto,104,1,1999.98,PRV_146,Urban,11,0,3143.25,1
CLM_13861,7997.59,Auto,85,1,3463.3,PRV_120,Suburban,4,0,4534.29,1
CLM_13862,8355.54,Auto,79,0,2981.82,PRV_121,Suburban,5,0,5373.73,1
CLM_13863,4266.33,Auto,86,1,3245.38,PRV_138,Rural,9,0,1020.95,0
CLM_13864,2850.61,Auto,116,1,3738.16,PRV_149,Rural,4,0,-887.55,0
CLM_13865,4435.94,Auto,92,0,2814.91,PRV_105,Rural,16,0,1621.03,0
CLM_13866,11974.21,Health,14,1,4858.61,PRV_149,Rural,34,0,7115.6,1
CLM_13867,5309.15,Auto,27,0,3264.99,PRV_115,Rural,27,0,2044.17,0
CLM_13868,2944.72,Auto,105,0,2549.61,PRV_101,Suburban,7,0,395.11,0
CLM_13869,2042.5,Property,40,0,3589.58,PRV_100,Suburban,4,0,-1547.08,0
CLM_13870,3738.04,Health,58,0,2914.52,PRV_129,Suburban,5,0,823.52,0
CLM_13871,7109.07,Health,28,1,3113.3,PRV_142,Suburban,4,0,3995.77,1
CLM_13872,1645.84,Auto,26,1,1893.87,PRV_136,Urban,5,0,-248.03,0
CLM_13873,2714.14,Health,113,1,2007.21,PRV_147,Suburban,0,0,706.94,0
CLM_13874,2236.22,Auto,63,0,4061.59,PRV_122,Urban,0,0,-1825.37,1
CLM_13875,4068.72,Property,66,0,1765.64,PRV_100,Suburban,14,0,2303.08,0
CLM_13876,7774.5,Auto,25,0,2877.62,PRV_118,Rural,4,0,4896.87,1
CLM_13877,6390.03,Health,3,1,3325.85,PRV_145,Rural,15,0,3064.18,0
CLM_13878,2491.95,Auto,72,2,4413.03,PRV_102,Rural,6,0,-1921.08,0
CLM_13879,2629.71,Health,44,0,2518.72,PRV_101,Urban,16,0,110.98,0
CLM_13880,5999.85,Health,97,1,3758.9,PRV_136,Suburban,10,0,2240.95,0
CLM_13881,5669.55,Auto,42,3,2879.48,PRV_116,Suburban,2,0,2790.08,0
CLM_13882,1427.16,Auto,116,2,819.88,PRV_127,Urban,5,0,607.28,0
CLM_13883,8497.53,Health,99,0,3046.08,PRV_117,Urban,12,0,5451.46,0
CLM_13884,8349.31,Property,6,2,2933.09,PRV_132,Urban,4,0,5416.22,0
CLM_13885,2630.09,Property,39,1,3425.12,PRV_114,Urban,2,0,-795.04,0
CLM_13886,1994.26,Auto,52,1,2357.35,PRV_121,Urban,7,0,-363.09,0
CLM_13887,3437.58,Auto,23,2,2463.98,PRV_140,Rural,3,0,973.61,1
CLM_13888,6524.63,Property,89,3,4201.07,PRV_126,Suburban,9,0,2323.56,0
CLM_13889,5234.92,Health,50,0,2663.85,PRV_136,Urban,3,0,2571.06,0
CLM_13890,2643.51,Health,43,1,1086.57,PRV_131,Rural,23,0,1556.94,0
CLM_13891,2929.95,Property,19,0,3490.44,PRV_144,Urban,4,1,-560.5,0
CLM_13892,9681.9,Property,69,2,3862.56,PRV_118,Rural,23,0,5819.34,0
CLM_13893,7804.14,Health,51,0,3853.76,PRV_127,Urban,3,0,3950.38,1
CLM_13894,7040.04,Auto,11,2,2384.67,PRV_127,Suburban,9,0,4655.37,0
CLM_13895,6384.24,Auto,12,0,3000.23,PRV_109,Urban,1,0,3384.02,0
CLM_13896,8087.43,Health,74,1,3531.28,PRV_119,Urban,15,1,4556.16,1
CLM_13897,3916.43,Auto,8,0,3963.91,PRV_124,Suburban,2,0,-47.48,0
CLM_13898,8482.58,Auto,24,1,3502.08,PRV_120,Suburban,19,0,4980.5,0
CLM_13899,2636.01,Auto,92,1,3775.62,PRV_113,Urban,6,0,-1139.61,0
CLM_13900,4856.21,Auto,41,1,2267.85,PRV_121,Suburban,0,1,2588.36,0
CLM_13901,453.58,Health,36,2,709.9,PRV_125,Suburban,4,0,-256.32,0
CLM_13902,3194.57,Health,101,2,4053.7,PRV_143,Rural,15,0,-859.12,0
CLM_13903,1580.88,Auto,85,1,2053.98,PRV_110,Suburban,0,1,-473.1,1
CLM_13904,1785.43,Auto,72,0,2828.58,PRV_106,Suburban,9,0,-1043.15,0
CLM_13905,4961.04,Property,55,1,3807.84,PRV_116,Urban,7,0,1153.19,0
CLM_13906,9037.32,Auto,9,0,3026.69,PRV_117,Urban,3,0,6010.64,0
CLM_13907,5074.74,Health,47,1,3702.67,PRV_106,Rural,14,0,1372.07,0
CLM_13908,13102.24,Property,15,2,5454.86,PRV_119,Urban,0,0,7647.38,0
CLM_13909,2950.57,Auto,48,2,3551.52,PRV_137,Suburban,6,0,-600.94,0
CLM_13910,3716.47,Health,110,0,2271.36,PRV_110,Suburban,7,0,1445.1,0
CLM_13911,1495.01,Property,104,0,1552.79,PRV_143,Suburban,0,0,-57.78,0
CLM_13912,3604.04,Auto,82,1,3676.68,PRV_115,Urban,1,0,-72.64,0
CLM_13913,2308.74,Health,42,0,3081.51,PRV_126,Suburban,5,0,-772.76,1
CLM_13914,2561.42,Auto,60,0,1621.04,PRV_110,Suburban,7,0,940.38,0
CLM_13915,2878.7,Auto,84,1,4179.07,PRV_115,Rural,0,0,-1300.37,0
CLM_13916,10332.76,Property,70,1,3724.15,PRV_122,Rural,0,0,6608.61,1
CLM_13917,4840.49,Property,12,1,2988.41,PRV_111,Rural,2,0,1852.07,0
CLM_13918,13467.1,Health,2,0,5186.81,PRV_139,Urban,6,0,8280.3,1
CLM_13919,11862.96,Auto,7,2,4023.17,PRV_102,Suburban,0,0,7839.79,0
CLM_13920,4409.43,Auto,80,0,2009.36,PRV_101,Suburban,13,0,2400.07,0
CLM_13921,11490.5,Health,3,0,4172.63,PRV_137,Suburban,1,1,7317.87,1
CLM_13922,2728.99,Auto,109,1,3254.92,PRV_147,Rural,14,0,-525.93,0
CLM_13923,12600.19,Health,3,0,4893.31,PRV_123,Suburban,2,0,7706.88,0
CLM_13924,4645.01,Health,27,1,3942.98,PRV_128,Suburban,4,0,702.02,0
CLM_13925,5858.84,Health,114,0,3484.31,PRV_146,Suburban,6,0,2374.54,0
CLM_13926,7253.9,Health,107,1,3427.38,PRV_145,Suburban,4,1,3826.52,0
CLM_13927,4997.71,Auto,40,2,1811.51,PRV_133,Suburban,0,0,3186.2,0
CLM_13928,6910.32,Auto,102,1,2487.98,PRV_119,Urban,23,0,4422.34,1
CLM_13929,2342.92,Auto,33,1,3208.35,PRV_117,Suburban,3,1,-865.43,0
CLM_13930,2298.09,Health,92,0,1628.25,PRV_113,Urban,1,0,669.84,0
CLM_13931,8608.82,Health,1,1,3467.19,PRV_117,Suburban,1,0,5141.63,0
CLM_13932,5095.43,Health,119,1,2256.72,PRV_101,Urban,36,0,2838.71,0
CLM_13933,1475.15,Health,8,0,2606.82,PRV_100,Suburban,1,0,-1131.67,0
CLM_13934,6028.86,Property,101,2,3710.7,PRV_119,Suburban,4,0,2318.16,0
CLM_13935,6288.87,Auto,32,1,2444.05,PRV_133,Suburban,0,0,3844.82,0
CLM_13936,8133.21,Auto,48,2,3469.49,PRV_140,Suburban,13,0,4663.72,1
CLM_13937,4810.62,Auto,107,0,3144.97,PRV_140,Rural,9,0,1665.65,0
CLM_13938,4538.75,Health,101,0,1941.38,PRV_147,Suburban,7,1,2597.37,0
CLM_13939,7289.36,Auto,4,1,3881.39,PRV_110,Urban,19,0,3407.97,1
CLM_13940,10939.24,Property,94,2,3932.75,PRV_126,Rural,8,0,7006.48,1
CLM_13941,7845.9,Health,70,0,3987.1,PRV_122,Rural,31,1,3858.79,0
CLM_13942,7370.53,Property,110,2,4907.68,PRV_137,Suburban,9,0,2462.85,0
CLM_13943,6879.39,Property,118,2,2588.86,PRV_143,Urban,4,0,4290.53,0
CLM_13944,656.13,Auto,19,0,1050.35,PRV_102,Urban,0,1,-394.23,0
CLM_13945,6446.22,Auto,32,1,2342.99,PRV_111,Rural,12,0,4103.23,0
CLM_13946,8872.7,Health,9,1,3959.49,PRV_129,Urban,4,0,4913.2,0
CLM_13947,8322.52,Auto,12,0,2918.63,PRV_130,Suburban,9,0,5403.89,0
CLM_13948,1796.64,Auto,11,1,1595.23,PRV_122,Suburban,20,0,201.42,0
CLM_13949,2945.58,Health,46,0,1316.58,PRV_100,Suburban,0,1,1629.01,1
CLM_13950,11155.47,Auto,119,0,4420.36,PRV_140,Suburban,14,0,6735.11,0
CLM_13951,8138.28,Health,16,1,3608.58,PRV_119,Suburban,5,0,4529.7,0
CLM_13952,2568.01,Health,1,0,2503.33,PRV_105,Rural,1,0,64.67,1
CLM_13953,5805.18,Auto,63,2,4882.52,PRV_110,Suburban,8,0,922.67,0
CLM_13954,10828.13,Auto,109,0,5648.9,PRV_134,Suburban,7,0,5179.23,0
CLM_13955,6523.85,Auto,119,1,4034.85,PRV_103,Rural,18,0,2489.0,1
CLM_13956,8779.21,Health,117,1,3755.34,PRV_128,Rural,7,0,5023.87,0
CLM_13957,5104.3,Auto,21,0,3528.25,PRV_109,Rural,17,0,1576.04,0
CLM_13958,10212.57,Property,30,1,3855.69,PRV_128,Urban,7,0,6356.88,0
CLM_13959,7833.24,Auto,13,2,4958.37,PRV_137,Urban,5,0,2874.87,0
CLM_13960,1216.58,Auto,34,0,2027.28,PRV_100,Suburban,4,0,-810.7,0
CLM_13961,1445.97,Auto,4,1,2660.92,PRV_139,Suburban,1,0,-1214.95,0
CLM_13962,6249.41,Auto,28,1,2952.21,PRV_107,Suburban,8,0,3297.2,1
CLM_13963,6617.41,Auto,102,1,3574.31,PRV_137,Urban,7,0,3043.1,0
CLM_13964,8477.36,Health,95,0,4565.43,PRV_116,Suburban,37,0,3911.94,0
CLM_13965,8446.83,Health,59,0,3412.83,PRV_118,Suburban,5,0,5034.0,0
CLM_13966,5217.8,Auto,119,0,3625.23,PRV_132,Urban,5,0,1592.57,0
CLM_13967,10988.3,Auto,27,1,3676.72,PRV_114,Rural,1,0,7311.58,0
CLM_13968,8657.59,Health,69,1,3023.09,PRV_144,Urban,9,0,5634.5,0
CLM_13969,1375.66,Health,25,0,2583.87,PRV_130,Suburban,18,0,-1208.21,0
CLM_13970,8422.64,Auto,3,0,3074.68,PRV_120,Urban,2,0,5347.96,0
CLM_13971,5163.77,Property,97,0,2345.7,PRV_102,Rural,0,0,2818.07,0
CLM_13972,4147.43,Auto,68,3,2362.9,PRV_101,Rural,11,0,1784.53,0
CLM_13973,6590.8,Health,25,1,3368.04,PRV_134,Rural,0,0,3222.77,0
CLM_13974,6568.33,Auto,20,0,2521.78,PRV_140,Rural,5,0,4046.55,1
CLM_13975,13946.85,Auto,34,1,4846.7,PRV_115,Rural,9,0,9100.14,0
CLM_13976,5981.06,Property,26,1,3146.54,PRV_144,Rural,4,0,2834.51,0
CLM_13977,4155.36,Auto,5,1,4359.25,PRV_149,Suburban,3,0,-203.89,0
CLM_13978,3684.22,Health,99,0,1754.91,PRV_120,Suburban,16,0,1929.32,0
CLM_13979,1232.98,Auto,61,1,1785.51,PRV_111,Urban,3,0,-552.53,0
CLM_13980,6031.65,Health,92,1,2888.93,PRV_127,Suburban,1,0,3142.71,0
CLM_13981,9926.67,Property,93,1,3936.77,PRV_111,Rural,4,0,5989.91,0
CLM_13982,3472.07,Auto,9,0,2509.94,PRV_132,Suburban,1,1,962.13,0
CLM_13983,1965.83,Property,116,1,2899.62,PRV_119,Urban,11,1,-933.79,0
CLM_13984,8922.09,Health,102,0,3999.93,PRV_139,Rural,12,0,4922.17,0
CLM_13985,3521.78,Health,50,2,2611.97,PRV_148,Suburban,0,0,909.81,0
CLM_13986,2517.73,Health,6,0,2242.48,PRV_120,Suburban,11,0,275.25,0
CLM_13987,8243.59,Property,83,3,3708.39,PRV_138,Urban,3,0,4535.19,1
CLM_13988,4958.94,Auto,60,1,1695.96,PRV_140,Rural,10,1,3262.98,0
CLM_13989,6206.84,Auto,44,0,2626.34,PRV_148,Urban,12,0,3580.5,0
CLM_13990,5382.64,Property,11,0,3114.28,PRV_141,Rural,3,0,2268.36,0
CLM_13991,7062.54,Health,66,0,3529.02,PRV_135,Rural,2,0,3533.53,0
CLM_13992,3271.03,Auto,47,1,3822.65,PRV_121,Suburban,17,0,-551.62,0
CLM_13993,10078.06,Health,108,2,3978.65,PRV_125,Urban,13,0,6099.41,1
CLM_13994,5424.02,Health,108,2,2697.53,PRV_106,Urban,18,0,2726.49,1
CLM_13995,11534.47,Auto,73,0,3957.51,PRV_106,Urban,5,1,7576.96,1
CLM_13996,10338.61,Auto,85,0,3506.15,PRV_107,Rural,6,0,6832.46,0
CLM_13997,5159.33,Health,88,0,3721.21,PRV_125,Urban,4,0,1438.12,0
CLM_13998,7030.9,Auto,98,1,2366.22,PRV_123,Rural,6,0,4664.68,0
CLM_13999,10599.8,Health,86,1,3665.11,PRV_123,Urban,10,0,6934.69,0
CLM_14000,5978.03,Property,3,1,2847.25,PRV_139,Urban,16,1,3130.78,1
CLM_14001,4064.82,Auto,76,0,3047.87,PRV_147,Suburban,2,0,1016.96,0
CLM_14002,7543.64,Auto,92,0,3165.14,PRV_111,Urban,5,1,4378.5,0
CLM_14003,6023.81,Auto,30,1,5113.19,PRV_146,Suburban,6,0,910.62,0
CLM_14004,4325.86,Auto,90,1,2085.14,PRV_107,Suburban,6,0,2240.72,0
CLM_14005,2352.11,Health,112,2,4189.32,PRV_108,Rural,7,0,-1837.21,0
CLM_14006,9177.33,Auto,21,0,4430.37,PRV_102,Urban,16,0,4746.95,0
CLM_14007,11013.95,Health,28,0,3825.59,PRV_120,Urban,21,0,7188.36,0
CLM_14008,2681.08,Auto,90,0,2464.55,PRV_130,Urban,1,0,216.53,0
CLM_14009,11485.06,Auto,62,0,4696.51,PRV_147,Suburban,12,0,6788.56,0
CLM_14010,3291.12,Auto,33,1,2667.99,PRV_146,Urban,6,0,623.13,0
CLM_14011,8368.37,Auto,85,0,3687.12,PRV_123,Rural,5,0,4681.26,0
CLM_14012,7021.84,Auto,35,0,3120.91,PRV_103,Rural,1,0,3900.93,0
CLM_14013,2530.47,Auto,52,0,2630.85,PRV_119,Urban,0,1,-100.38,0
CLM_14014,7067.9,Property,34,1,3546.68,PRV_115,Suburban,38,0,3521.22,1
CLM_14015,12920.3,Health,41,0,4879.41,PRV_109,Rural,10,0,8040.89,0
CLM_14016,4742.32,Auto,51,0,3256.35,PRV_142,Rural,6,0,1485.98,1
CLM_14017,11329.39,Auto,47,1,4978.44,PRV_125,Suburban,14,0,6350.95,0
CLM_14018,6157.56,Auto,82,1,2816.72,PRV_128,Rural,0,0,3340.84,1
CLM_14019,3519.9,Auto,58,0,3077.41,PRV_104,Suburban,9,1,442.49,0
CLM_14020,4961.77,Auto,75,0,1774.21,PRV_110,Rural,10,0,3187.56,0
CLM_14021,4661.55,Auto,57,1,2442.16,PRV_128,Suburban,6,0,2219.39,0
CLM_14022,3861.55,Auto,23,1,2781.63,PRV_144,Rural,2,0,1079.92,0
CLM_14023,2432.96,Auto,48,0,2670.96,PRV_114,Urban,30,0,-237.99,0
CLM_14024,3434.23,Auto,22,1,2039.76,PRV_105,Rural,3,0,1394.47,0
CLM_14025,5204.34,Auto,17,0,2238.15,PRV_147,Rural,1,0,2966.19,0
CLM_14026,5587.18,Health,69,0,2713.41,PRV_114,Urban,9,0,2873.77,0
CLM_14027,9702.85,Auto,108,0,4186.54,PRV_142,Urban,8,0,5516.31,1
CLM_14028,3730.06,Auto,11,0,1504.42,PRV_119,Urban,14,0,2225.64,0
CLM_14029,1470.82,Health,94,0,917.82,PRV_133,Urban,14,0,553.0,0
CLM_14030,2231.03,Property,15,0,1239.17,PRV_101,Suburban,9,0,991.85,0
CLM_14031,6384.73,Property,91,1,2152.6,PRV_143,Suburban,2,1,4232.13,0
CLM_14032,10620.42,Health,35,0,3636.97,PRV_115,Rural,21,0,6983.45,0
CLM_14033,4063.47,Auto,33,1,2643.69,PRV_118,Rural,2,0,1419.78,0
CLM_14034,5820.15,Health,84,1,2630.04,PRV_133,Rural,0,0,3190.11,0
CLM_14035,3048.21,Health,16,1,2607.59,PRV_148,Suburban,3,0,440.62,0
CLM_14036,989.47,Auto,34,0,1122.17,PRV_113,Rural,6,0,-132.7,0
CLM_14037,9348.52,Health,66,0,3861.42,PRV_123,Rural,2,0,5487.1,1
CLM_14038,6855.67,Property,99,1,4310.52,PRV_127,Suburban,4,0,2545.15,0
CLM_14039,2511.67,Auto,40,0,2664.53,PRV_147,Rural,7,1,-152.86,0
CLM_14040,7396.22,Auto,28,0,3085.46,PRV_131,Suburban,3,0,4310.76,0
CLM_14041,8694.76,Auto,47,0,3118.72,PRV_136,Suburban,0,0,5576.04,1
CLM_14042,5474.21,Auto,39,1,1932.18,PRV_109,Urban,2,1,3542.04,0
CLM_14043,5093.57,Auto,70,0,2558.51,PRV_148,Urban,15,0,2535.06,0
CLM_14044,8131.49,Health,73,1,4785.76,PRV_144,Suburban,30,0,3345.74,0
CLM_14045,2560.59,Health,20,0,2996.01,PRV_147,Suburban,1,0,-435.42,0
CLM_14046,8000.69,Auto,1,1,3223.52,PRV_108,Urban,11,0,4777.17,0
CLM_14047,6603.82,Property,72,1,2306.36,PRV_123,Rural,23,1,4297.46,0
CLM_14048,6999.9,Auto,119,0,2570.04,PRV_135,Rural,3,0,4429.85,0
CLM_14049,8676.2,Auto,87,0,3646.29,PRV_128,Rural,17,0,5029.91,0
CLM_14050,1104.88,Health,63,2,2160.4,PRV_128,Suburban,23,0,-1055.52,0
CLM_14051,7019.5,Health,67,1,4619.98,PRV_147,Urban,3,1,2399.51,0
CLM_14052,2112.66,Health,4,2,1383.73,PRV_122,Rural,0,0,728.93,0
CLM_14053,6475.48,Property,58,3,2366.84,PRV_126,Urban,24,0,4108.64,0
CLM_14054,1009.55,Health,25,1,1520.12,PRV_130,Urban,4,0,-510.57,0
CLM_14055,7905.18,Property,47,1,4324.36,PRV_142,Suburban,0,0,3580.82,0
CLM_14056,2490.53,Auto,38,1,2963.73,PRV_106,Rural,6,1,-473.2,1
CLM_14057,5849.82,Health,15,1,2713.61,PRV_148,Urban,1,0,3136.21,0
CLM_14058,8428.23,Property,63,3,3397.6,PRV_144,Suburban,23,0,5030.62,0
CLM_14059,9259.48,Health,21,0,4399.01,PRV_103,Suburban,1,1,4860.46,1
CLM_14060,7996.64,Auto,99,0,3216.07,PRV_113,Suburban,3,0,4780.57,0
CLM_14061,8362.94,Health,57,1,4142.65,PRV_141,Rural,15,0,4220.29,1
CLM_14062,2637.62,Health,117,1,2706.36,PRV_141,Rural,16,1,-68.75,0
CLM_14063,2969.63,Auto,53,0,2038.66,PRV_109,Suburban,23,0,930.97,0
CLM_14064,9348.12,Property,46,1,3232.21,PRV_143,Rural,6,1,6115.9,0
CLM_14065,2810.23,Auto,116,0,2302.64,PRV_133,Rural,43,0,507.59,1
CLM_14066,2424.08,Auto,14,0,3688.75,PRV_125,Urban,7,0,-1264.67,0
CLM_14067,3787.76,Property,100,0,2590.67,PRV_122,Suburban,15,0,1197.08,0
CLM_14068,4127.61,Auto,76,0,2915.46,PRV_108,Suburban,4,1,1212.15,0
CLM_14069,1272.92,Auto,17,1,759.6,PRV_136,Rural,28,0,513.32,0
CLM_14070,5465.21,Health,39,1,2875.28,PRV_107,Suburban,11,0,2589.93,1
CLM_14071,8220.01,Health,9,1,2757.41,PRV_113,Suburban,0,0,5462.6,1
CLM_14072,9951.92,Auto,99,0,4162.96,PRV_106,Suburban,1,0,5788.95,0
CLM_14073,2282.31,Property,77,0,3870.11,PRV_106,Rural,22,0,-1587.8,0
CLM_14074,6900.6,Health,79,3,3024.22,PRV_108,Rural,16,0,3876.39,0
CLM_14075,3506.87,Health,82,1,1369.56,PRV_102,Rural,4,0,2137.31,0
CLM_14076,7011.4,Health,115,0,2559.77,PRV_113,Urban,7,0,4451.63,0
CLM_14077,6495.94,Health,97,0,4164.02,PRV_116,Suburban,19,0,2331.92,0
CLM_14078,3597.37,Auto,6,1,2801.55,PRV_149,Urban,1,0,795.82,0
CLM_14079,5023.16,Auto,91,1,1933.24,PRV_143,Rural,1,0,3089.92,0
CLM_14080,10147.22,Health,23,0,4151.82,PRV_121,Urban,12,1,5995.39,1
CLM_14081,2532.88,Property,59,1,1376.49,PRV_145,Suburban,0,0,1156.39,0
CLM_14082,2294.37,Auto,91,4,2887.06,PRV_125,Suburban,4,0,-592.69,0
CLM_14083,7576.6,Health,98,0,3558.08,PRV_127,Rural,2,0,4018.51,0
CLM_14084,2076.23,Property,46,1,3126.05,PRV_144,Rural,14,1,-1049.83,1
CLM_14085,1320.47,Auto,38,0,1758.48,PRV_113,Urban,0,0,-438.01,0
CLM_14086,2749.72,Auto,14,0,2070.81,PRV_108,Rural,1,0,678.92,0
CLM_14087,3287.15,Auto,100,0,2302.02,PRV_125,Urban,1,0,985.13,0
CLM_14088,6263.05,Health,117,1,3784.47,PRV_101,Suburban,3,0,2478.58,0
CLM_14089,4273.42,Auto,72,0,3170.53,PRV_110,Suburban,2,0,1102.89,0
CLM_14090,1526.9,Auto,62,0,2612.46,PRV_116,Suburban,2,0,-1085.55,0
CLM_14091,3046.0,Health,35,1,3408.91,PRV_133,Suburban,4,0,-362.92,0
CLM_14092,1772.36,Health,19,1,2249.81,PRV_118,Suburban,2,0,-477.46,0
CLM_14093,5899.01,Auto,30,0,3738.38,PRV_138,Urban,1,0,2160.63,0
CLM_14094,3555.19,Auto,78,0,3450.56,PRV_117,Suburban,8,0,104.63,0
CLM_14095,3424.59,Health,84,0,2775.5,PRV_112,Urban,30,0,649.09,0
CLM_14096,4764.32,Property,113,1,2837.73,PRV_104,Suburban,9,0,1926.59,0
CLM_14097,2894.5,Property,25,0,2658.18,PRV_149,Urban,14,0,236.32,0
CLM_14098,4454.77,Health,40,2,3995.94,PRV_122,Urban,35,0,458.83,0
CLM_14099,8306.72,Auto,88,1,3216.09,PRV_123,Urban,1,0,5090.62,1
CLM_14100,5205.77,Auto,14,0,2783.51,PRV_128,Rural,6,0,2422.26,0
CLM_14101,5362.23,Auto,26,1,2029.69,PRV_147,Urban,8,0,3332.54,0
CLM_14102,6411.96,Auto,102,0,3589.49,PRV_146,Urban,3,0,2822.47,0
CLM_14103,9824.63,Health,87,2,3542.76,PRV_107,Suburban,9,0,6281.87,0
CLM_14104,2812.99,Auto,22,0,2474.36,PRV_125,Urban,9,0,338.63,0
CLM_14105,5267.2,Auto,48,1,2579.84,PRV_114,Urban,18,0,2687.36,0
CLM_14106,5068.52,Property,83,0,2882.99,PRV_100,Rural,17,0,2185.53,0
CLM_14107,5163.81,Auto,110,1,1846.37,PRV_127,Suburban,1,0,3317.43,0
CLM_14108,4752.56,Auto,51,0,3073.71,PRV_148,Rural,1,0,1678.86,0
CLM_14109,3572.06,Auto,3,1,1354.56,PRV_146,Rural,2,0,2217.5,1
CLM_14110,3285.8,Health,42,2,1720.53,PRV_145,Rural,3,0,1565.27,0
CLM_14111,5656.6,Health,19,2,2490.41,PRV_113,Urban,8,0,3166.2,1
CLM_14112,6444.47,Auto,73,0,2371.7,PRV_141,Rural,3,0,4072.77,1
CLM_14113,10327.48,Health,28,3,3451.39,PRV_133,Rural,30,1,6876.09,1
CLM_14114,7642.32,Health,84,2,3283.0,PRV_130,Suburban,1,0,4359.32,0
CLM_14115,5629.67,Property,45,4,4376.62,PRV_105,Suburban,2,1,1253.05,1
CLM_14116,3858.42,Property,71,0,3092.85,PRV_148,Suburban,20,0,765.57,0
CLM_14117,4080.63,Property,78,2,3206.13,PRV_104,Suburban,8,1,874.5,0
CLM_14118,1368.1,Health,63,0,1836.95,PRV_130,Rural,7,0,-468.84,1
CLM_14119,1165.94,Auto,73,0,1839.02,PRV_136,Suburban,9,0,-673.09,0
CLM_14120,5982.09,Auto,119,3,3064.43,PRV_114,Urban,2,0,2917.66,0
CLM_14121,7785.86,Auto,19,2,3081.71,PRV_114,Rural,14,0,4704.14,0
CLM_14122,1941.96,Health,47,1,3289.59,PRV_142,Suburban,6,0,-1347.63,0
CLM_14123,8183.12,Property,116,2,4269.63,PRV_104,Rural,0,0,3913.49,0
CLM_14124,2691.84,Health,14,0,1883.19,PRV_127,Suburban,1,0,808.65,0
CLM_14125,12809.15,Auto,38,0,4689.91,PRV_132,Rural,16,0,8119.24,0
CLM_14126,1303.83,Health,53,1,1509.99,PRV_110,Suburban,4,0,-206.16,0
CLM_14127,6437.53,Property,61,0,3372.94,PRV_142,Urban,14,0,3064.59,1
CLM_14128,5133.45,Health,36,0,1753.65,PRV_105,Suburban,10,0,3379.81,0
CLM_14129,5074.44,Property,40,0,3724.14,PRV_122,Rural,3,0,1350.31,0
CLM_14130,3569.72,Property,81,2,1516.17,PRV_139,Rural,1,0,2053.56,0
CLM_14131,1353.06,Property,30,1,500.0,PRV_101,Urban,16,0,853.06,0
CLM_14132,3037.42,Health,9,0,3145.87,PRV_114,Rural,10,0,-108.45,0
CLM_14133,8571.35,Health,64,1,2875.02,PRV_122,Urban,3,0,5696.33,0
CLM_14134,10361.53,Auto,33,0,4106.07,PRV_121,Rural,7,0,6255.46,1
CLM_14135,2597.44,Auto,52,1,3077.87,PRV_108,Rural,9,0,-480.42,0
CLM_14136,2880.3,Health,89,0,2255.15,PRV_146,Urban,0,0,625.15,0
CLM_14137,5073.96,Auto,14,0,2460.19,PRV_139,Rural,11,0,2613.77,0
CLM_14138,16859.68,Property,75,2,6216.02,PRV_129,Rural,10,0,10643.66,1
CLM_14139,2097.98,Auto,53,2,2125.43,PRV_115,Urban,0,0,-27.44,0
CLM_14140,8205.2,Property,99,0,3524.55,PRV_145,Suburban,15,0,4680.65,0
CLM_14141,4003.1,Auto,105,0,3402.2,PRV_146,Urban,17,0,600.9,0
CLM_14142,8917.69,Auto,59,0,3547.86,PRV_129,Rural,3,0,5369.83,0
CLM_14143,7655.5,Property,78,1,3466.21,PRV_144,Suburban,1,0,4189.28,0
CLM_14144,4938.16,Auto,94,0,2732.38,PRV_108,Suburban,11,0,2205.78,0
CLM_14145,2630.23,Auto,41,1,1237.95,PRV_100,Suburban,1,0,1392.28,0
CLM_14146,8492.16,Auto,68,2,3155.63,PRV_137,Urban,19,1,5336.53,0
CLM_14147,4379.4,Health,68,1,2987.18,PRV_107,Suburban,6,0,1392.22,0
CLM_14148,7569.68,Auto,92,0,3123.93,PRV_117,Suburban,24,0,4445.75,0
CLM_14149,3198.95,Health,8,1,3565.23,PRV_126,Suburban,10,0,-366.28,0
CLM_14150,5827.03,Health,2,0,2586.38,PRV_117,Rural,3,0,3240.64,0
CLM_14151,5655.72,Health,105,2,2379.71,PRV_131,Urban,6,0,3276.01,0
CLM_14152,6270.58,Health,110,1,3900.84,PRV_148,Urban,7,1,2369.74,1
CLM_14153,6635.29,Health,86,2,2671.15,PRV_131,Rural,16,0,3964.14,1
CLM_14154,4743.79,Auto,41,1,2506.28,PRV_147,Suburban,19,0,2237.5,0
CLM_14155,6873.77,Property,55,0,2419.76,PRV_144,Rural,11,0,4454.01,0
CLM_14156,2807.96,Auto,16,0,3594.57,PRV_135,Rural,3,0,-786.61,0
CLM_14157,2307.67,Health,93,0,2790.23,PRV_135,Suburban,7,1,-482.56,0
CLM_14158,13584.93,Auto,62,1,5212.81,PRV_120,Suburban,1,0,8372.13,0
CLM_14159,7967.41,Property,113,1,3057.45,PRV_145,Urban,2,0,4909.97,1
CLM_14160,3009.43,Auto,48,0,1793.4,PRV_131,Suburban,3,0,1216.03,0
CLM_14161,7458.45,Auto,30,2,2563.13,PRV_130,Rural,0,0,4895.33,0
CLM_14162,8036.13,Health,12,2,3655.32,PRV_136,Rural,21,1,4380.8,1
CLM_14163,7096.61,Health,35,0,2399.83,PRV_115,Suburban,1,0,4696.78,0
CLM_14164,5461.44,Auto,11,0,2982.78,PRV_145,Urban,11,0,2478.66,0
CLM_14165,3994.5,Health,64,0,3978.46,PRV_145,Rural,7,0,16.05,0
CLM_14166,6651.53,Health,110,0,4128.87,PRV_113,Suburban,17,0,2522.67,0
CLM_14167,7305.98,Property,50,0,2475.58,PRV_123,Urban,13,1,4830.4,1
CLM_14168,3911.87,Health,85,1,2743.18,PRV_124,Urban,14,0,1168.69,0
CLM_14169,8957.69,Auto,21,0,3096.82,PRV_145,Rural,5,0,5860.87,0
CLM_14170,10823.48,Auto,69,1,4342.33,PRV_134,Rural,17,0,6481.15,1
CLM_14171,3050.32,Property,48,0,1900.2,PRV_116,Urban,0,0,1150.12,0
CLM_14172,6231.21,Property,20,1,3359.72,PRV_145,Urban,5,0,2871.48,0
CLM_14173,6167.71,Auto,101,0,3055.44,PRV_141,Urban,52,0,3112.27,0
CLM_14174,4551.72,Auto,67,0,2102.98,PRV_144,Suburban,29,0,2448.74,0
CLM_14175,2931.17,Health,44,2,4237.34,PRV_103,Rural,0,0,-1306.17,0
CLM_14176,11308.51,Auto,33,1,3990.34,PRV_110,Urban,8,0,7318.17,0
CLM_14177,9042.51,Auto,117,1,4538.28,PRV_146,Rural,3,0,4504.24,0
CLM_14178,11821.08,Auto,73,0,4180.2,PRV_114,Rural,13,0,7640.88,0
CLM_14179,6260.45,Auto,61,1,3010.2,PRV_129,Rural,13,0,3250.25,1
CLM_14180,5709.78,Auto,9,4,3619.42,PRV_123,Urban,0,0,2090.36,0
CLM_14181,6388.19,Health,68,1,3331.83,PRV_101,Suburban,18,0,3056.36,0
CLM_14182,5386.66,Auto,35,3,2092.92,PRV_142,Urban,2,0,3293.75,0
CLM_14183,2230.24,Auto,81,0,1695.59,PRV_133,Rural,33,0,534.65,1
CLM_14184,9740.31,Auto,98,3,3369.01,PRV_122,Urban,23,0,6371.3,0
CLM_14185,5155.28,Auto,88,1,3096.47,PRV_130,Urban,2,0,2058.81,0
CLM_14186,7699.34,Auto,96,0,2663.59,PRV_136,Rural,10,0,5035.76,0
CLM_14187,7856.1,Auto,65,2,2907.63,PRV_112,Rural,3,0,4948.47,1
CLM_14188,11538.07,Health,8,1,4769.46,PRV_132,Urban,1,1,6768.61,0
CLM_14189,1368.9,Auto,45,2,820.39,PRV_106,Urban,20,0,548.51,0
CLM_14190,7161.0,Auto,87,0,3639.9,PRV_131,Urban,1,0,3521.1,1
CLM_14191,9971.62,Auto,47,1,3842.52,PRV_106,Urban,5,0,6129.1,1
CLM_14192,7380.52,Health,40,1,3967.72,PRV_141,Suburban,25,0,3412.8,0
CLM_14193,3803.53,Property,76,2,1621.65,PRV_137,Urban,0,0,2181.88,0
CLM_14194,6703.81,Auto,54,1,2706.81,PRV_143,Suburban,7,1,3997.0,1
CLM_14195,4736.48,Property,76,1,2656.86,PRV_112,Rural,8,0,2079.62,0
CLM_14196,6059.29,Auto,46,3,3291.99,PRV_123,Suburban,14,0,2767.31,1
CLM_14197,1860.47,Property,47,1,1870.59,PRV_127,Rural,17,1,-10.13,0
CLM_14198,3756.35,Auto,15,0,3378.48,PRV_131,Suburban,5,0,377.88,0
CLM_14199,5843.03,Health,105,1,2115.23,PRV_142,Rural,13,0,3727.8,0
CLM_14200,7028.52,Health,19,0,2702.42,PRV_117,Urban,24,0,4326.1,0
CLM_14201,2282.48,Auto,26,2,4345.05,PRV_133,Suburban,21,0,-2062.57,0
CLM_14202,10271.88,Property,52,0,3842.15,PRV_147,Suburban,6,0,6429.73,0
CLM_14203,1758.99,Health,93,1,3123.83,PRV_133,Rural,9,1,-1364.84,0
CLM_14204,2645.86,Auto,22,0,1607.74,PRV_137,Rural,11,0,1038.12,0
CLM_14205,2227.97,Auto,104,0,3332.38,PRV_100,Suburban,17,0,-1104.41,0
CLM_14206,9933.81,Auto,21,2,3399.59,PRV_142,Rural,7,1,6534.22,0
CLM_14207,2639.43,Property,51,0,900.59,PRV_149,Urban,1,0,1738.85,0
CLM_14208,6792.77,Health,38,0,3350.85,PRV_141,Suburban,4,0,3441.92,1
CLM_14209,2848.41,Auto,20,0,1923.93,PRV_130,Urban,12,0,924.47,0
CLM_14210,2706.33,Health,29,2,1520.42,PRV_149,Suburban,9,0,1185.9,0
CLM_14211,4518.04,Property,51,0,1878.02,PRV_100,Urban,14,0,2640.02,0
CLM_14212,887.14,Health,4,1,838.52,PRV_115,Suburban,6,0,48.62,0
CLM_14213,4159.02,Health,55,2,2592.41,PRV_138,Rural,1,0,1566.61,0
CLM_14214,4673.97,Health,71,0,1994.72,PRV_114,Suburban,1,0,2679.25,0
CLM_14215,6163.18,Auto,92,1,4140.58,PRV_132,Urban,6,0,2022.6,0
CLM_14216,1531.72,Auto,28,1,2640.94,PRV_122,Suburban,2,0,-1109.22,0
CLM_14217,4032.45,Property,4,0,2280.17,PRV_140,Urban,40,0,1752.28,0
CLM_14218,3297.35,Auto,22,1,1407.0,PRV_133,Urban,2,1,1890.35,1
CLM_14219,7567.14,Property,76,1,2572.07,PRV_116,Urban,8,0,4995.07,1
CLM_14220,2579.92,Auto,45,1,4353.45,PRV_124,Rural,0,0,-1773.53,0
CLM_14221,8411.64,Auto,67,0,4547.32,PRV_141,Suburban,2,0,3864.32,0
CLM_14222,4281.89,Property,86,0,2635.26,PRV_105,Urban,2,0,1646.63,0
CLM_14223,3241.48,Health,108,1,2930.49,PRV_130,Rural,13,0,310.99,0
CLM_14224,7755.38,Auto,66,2,3702.9,PRV_104,Urban,6,0,4052.48,0
CLM_14225,1794.89,Health,88,1,1974.46,PRV_139,Suburban,0,0,-179.56,0
CLM_14226,4075.43,Health,34,2,3369.06,PRV_139,Rural,4,0,706.36,0
CLM_14227,13172.07,Health,91,0,5366.73,PRV_129,Urban,10,0,7805.34,1
CLM_14228,6216.31,Auto,55,1,3765.11,PRV_104,Urban,10,0,2451.2,0
CLM_14229,11140.58,Property,105,2,3733.22,PRV_111,Urban,0,0,7407.36,0
CLM_14230,6368.69,Property,1,1,4343.81,PRV_106,Suburban,26,0,2024.88,0
CLM_14231,6473.07,Auto,72,0,3903.78,PRV_144,Rural,2,0,2569.29,0
CLM_14232,3435.75,Property,87,0,2747.18,PRV_112,Rural,22,0,688.57,0
CLM_14233,1985.36,Property,38,1,1820.2,PRV_148,Rural,2,0,165.15,0
CLM_14234,8042.57,Health,6,1,2866.51,PRV_103,Urban,8,0,5176.06,1
CLM_14235,4816.05,Health,86,0,2030.32,PRV_149,Rural,5,0,2785.73,0
CLM_14236,3624.63,Auto,25,1,2718.12,PRV_141,Urban,8,0,906.51,0
CLM_14237,4790.52,Auto,82,0,2128.75,PRV_102,Suburban,6,0,2661.77,0
CLM_14238,7607.11,Health,17,1,2610.13,PRV_111,Rural,0,1,4996.99,0
CLM_14239,1037.73,Property,61,1,1514.67,PRV_100,Urban,4,1,-476.94,0
CLM_14240,2678.66,Health,12,1,2306.69,PRV_126,Rural,0,0,371.98,0
CLM_14241,3410.44,Health,6,1,3405.51,PRV_142,Rural,11,0,4.93,0
CLM_14242,9783.0,Auto,90,0,3657.94,PRV_149,Suburban,19,0,6125.06,1
CLM_14243,3261.93,Auto,27,0,3440.94,PRV_112,Rural,4,0,-179.01,0
CLM_14244,3333.0,Auto,8,3,2624.02,PRV_116,Suburban,7,0,708.98,0
CLM_14245,5811.08,Auto,83,2,3124.82,PRV_107,Rural,0,0,2686.26,0
CLM_14246,10148.66,Health,106,1,4943.97,PRV_131,Rural,4,0,5204.69,0
CLM_14247,5744.76,Auto,65,0,2279.25,PRV_119,Rural,1,1,3465.51,1
CLM_14248,6991.69,Health,57,0,4604.92,PRV_116,Rural,0,0,2386.77,1
CLM_14249,2856.47,Auto,93,1,1556.14,PRV_133,Rural,1,0,1300.33,0
CLM_14250,3762.0,Health,109,0,1291.16,PRV_134,Rural,20,1,2470.84,0
CLM_14251,3547.08,Health,113,0,2852.72,PRV_134,Suburban,40,0,694.36,0
CLM_14252,3318.76,Auto,99,1,2962.55,PRV_137,Suburban,21,0,356.2,0
CLM_14253,4255.61,Auto,40,0,1869.37,PRV_141,Urban,34,0,2386.25,0
CLM_14254,6484.49,Auto,14,2,2670.89,PRV_123,Rural,13,0,3813.6,1
CLM_14255,5229.65,Property,35,2,3402.62,PRV_117,Suburban,1,0,1827.03,0
CLM_14256,2090.84,Auto,48,0,2025.13,PRV_149,Rural,8,0,65.71,0
CLM_14257,9828.17,Health,109,0,4015.91,PRV_145,Rural,13,0,5812.26,1
CLM_14258,8977.31,Property,84,0,4125.16,PRV_147,Suburban,7,0,4852.15,0
CLM_14259,11421.61,Health,56,1,4245.05,PRV_138,Rural,8,0,7176.55,0
CLM_14260,5462.09,Auto,49,1,2092.1,PRV_132,Suburban,8,0,3369.99,0
CLM_14261,2250.99,Property,13,1,2222.13,PRV_148,Suburban,6,0,28.86,0
CLM_14262,7296.38,Auto,61,1,2827.13,PRV_122,Urban,3,0,4469.26,1
CLM_14263,2558.46,Auto,102,0,2727.76,PRV_124,Urban,10,0,-169.3,0
CLM_14264,7111.68,Property,49,0,2674.31,PRV_136,Urban,0,0,4437.37,0
CLM_14265,9110.73,Health,46,0,3755.76,PRV_126,Urban,1,0,5354.97,0
CLM_14266,6951.21,Auto,113,0,3611.67,PRV_100,Rural,25,0,3339.54,0
CLM_14267,4475.22,Auto,62,1,2125.44,PRV_120,Rural,6,0,2349.78,1
CLM_14268,1413.08,Auto,8,2,1858.84,PRV_148,Urban,17,0,-445.75,0
CLM_14269,1056.05,Health,43,2,1760.93,PRV_109,Suburban,12,0,-704.88,0
CLM_14270,2813.68,Auto,20,0,2120.94,PRV_130,Suburban,3,0,692.74,0
CLM_14271,9820.54,Property,97,1,3845.89,PRV_143,Suburban,16,0,5974.65,0
CLM_14272,5231.96,Property,90,0,3143.33,PRV_124,Suburban,0,0,2088.63,0
CLM_14273,4155.45,Property,39,1,3925.85,PRV_119,Rural,20,0,229.6,0
CLM_14274,3362.23,Auto,85,0,1299.98,PRV_101,Suburban,11,0,2062.25,0
CLM_14275,3507.66,Health,117,1,3273.39,PRV_147,Suburban,26,1,234.27,1
CLM_14276,8277.77,Property,49,0,3260.59,PRV_114,Urban,22,0,5017.18,0
CLM_14277,6856.8,Property,64,0,4200.32,PRV_127,Suburban,4,0,2656.49,0
CLM_14278,4297.63,Auto,62,0,2590.91,PRV_112,Rural,19,0,1706.73,0
CLM_14279,2978.34,Auto,106,0,2520.17,PRV_149,Suburban,8,0,458.17,0
CLM_14280,12394.83,Auto,107,0,4506.5,PRV_113,Suburban,1,0,7888.33,0
CLM_14281,2042.42,Health,54,0,2828.99,PRV_149,Rural,17,0,-786.56,0
CLM_14282,2735.68,Health,105,0,3177.27,PRV_101,Urban,23,0,-441.59,0
CLM_14283,7264.46,Property,9,0,3476.3,PRV_133,Rural,0,0,3788.16,1
CLM_14284,3497.52,Auto,88,0,1332.24,PRV_134,Urban,26,1,2165.28,0
CLM_14285,2246.24,Auto,37,0,3041.1,PRV_136,Suburban,9,0,-794.86,0
CLM_14286,4096.52,Auto,49,1,1754.86,PRV_124,Urban,0,0,2341.65,0
CLM_14287,6862.36,Auto,41,1,2912.37,PRV_147,Urban,7,0,3949.99,0
CLM_14288,5285.9,Auto,17,0,2705.44,PRV_114,Urban,15,0,2580.46,0
CLM_14289,4281.12,Health,88,1,2493.63,PRV_111,Suburban,7,0,1787.48,0
CLM_14290,4724.54,Health,21,0,3626.67,PRV_108,Urban,12,0,1097.86,0
CLM_14291,4270.24,Health,51,0,3097.4,PRV_130,Urban,21,1,1172.84,0
CLM_14292,4239.03,Auto,59,3,1939.1,PRV_113,Suburban,20,0,2299.93,0
CLM_14293,1263.53,Auto,39,1,1905.16,PRV_128,Rural,1,0,-641.62,0
CLM_14294,7535.67,Auto,55,3,3840.15,PRV_147,Rural,5,0,3695.52,0
CLM_14295,3545.28,Property,41,1,2962.22,PRV_142,Rural,1,0,583.06,0
CLM_14296,2626.26,Auto,39,0,1575.9,PRV_137,Suburban,9,0,1050.36,0
CLM_14297,4902.07,Property,13,1,2583.5,PRV_141,Suburban,30,0,2318.56,0
CLM_14298,7715.11,Auto,64,0,2842.55,PRV_107,Rural,2,0,4872.55,0
CLM_14299,3439.77,Property,11,1,1766.08,PRV_147,Urban,5,0,1673.69,0
CLM_14300,2523.53,Property,110,0,2363.08,PRV_102,Rural,30,0,160.45,0
CLM_14301,2737.2,Auto,19,0,3917.85,PRV_101,Suburban,13,0,-1180.65,0
CLM_14302,11349.65,Health,11,1,5489.63,PRV_115,Urban,0,0,5860.02,0
CLM_14303,6151.61,Auto,77,2,3302.66,PRV_118,Urban,5,0,2848.95,0
CLM_14304,3585.55,Property,46,0,1645.13,PRV_129,Suburban,44,0,1940.42,0
CLM_14305,4586.67,Auto,45,0,2782.34,PRV_140,Urban,6,0,1804.32,0
CLM_14306,8001.18,Auto,1,2,3122.03,PRV_115,Rural,9,0,4879.15,0
CLM_14307,10603.46,Health,40,0,3786.34,PRV_130,Suburban,12,0,6817.12,0
CLM_14308,2286.04,Property,108,0,3809.99,PRV_127,Suburban,10,0,-1523.95,0
CLM_14309,10300.58,Auto,19,0,4364.25,PRV_103,Suburban,7,0,5936.33,1
CLM_14310,1762.79,Health,76,1,2998.45,PRV_109,Suburban,1,0,-1235.66,0
CLM_14311,4866.74,Auto,72,0,3017.68,PRV_144,Urban,12,0,1849.06,0
CLM_14312,1839.36,Auto,72,2,1112.06,PRV_117,Suburban,27,0,727.3,0
CLM_14313,4452.46,Health,61,0,1987.22,PRV_146,Suburban,28,0,2465.24,0
CLM_14314,2261.74,Auto,117,1,1637.75,PRV_131,Urban,8,1,624.0,0
CLM_14315,5511.23,Auto,109,2,2159.36,PRV_129,Suburban,6,0,3351.87,0
CLM_14316,2508.21,Property,12,0,1848.13,PRV_135,Urban,4,0,660.08,0
CLM_14317,2598.4,Auto,61,1,1915.81,PRV_108,Urban,1,0,682.59,0
CLM_14318,4321.96,Health,112,1,4089.28,PRV_135,Suburban,21,0,232.69,1
CLM_14319,2378.51,Auto,33,0,1076.41,PRV_128,Rural,1,0,1302.1,0
CLM_14320,1937.25,Auto,45,0,2801.65,PRV_115,Suburban,3,0,-864.4,0
CLM_14321,5439.33,Auto,90,0,3864.16,PRV_127,Rural,13,0,1575.18,0
CLM_14322,3149.77,Health,103,0,2698.51,PRV_120,Urban,12,0,451.26,0
CLM_14323,4644.45,Health,92,0,4327.11,PRV_146,Rural,11,1,317.35,0
CLM_14324,1566.18,Auto,69,0,2400.43,PRV_101,Suburban,13,0,-834.25,0
CLM_14325,4636.52,Auto,8,0,4750.74,PRV_145,Suburban,7,0,-114.22,0
CLM_14326,2312.56,Property,25,1,1431.38,PRV_134,Rural,1,0,881.18,1
CLM_14327,7616.2,Auto,91,2,4328.98,PRV_127,Suburban,64,0,3287.22,1
CLM_14328,2471.66,Property,46,0,2105.76,PRV_135,Rural,22,0,365.9,0
CLM_14329,9448.12,Auto,87,0,4444.9,PRV_130,Urban,5,0,5003.22,0
CLM_14330,3391.48,Health,30,1,2531.93,PRV_132,Rural,7,0,859.55,0
CLM_14331,5820.78,Auto,109,0,4104.59,PRV_122,Rural,5,0,1716.19,0
CLM_14332,10498.85,Property,47,0,4273.8,PRV_140,Rural,10,0,6225.05,0
CLM_14333,4553.25,Health,87,1,2422.05,PRV_116,Rural,13,0,2131.2,0
CLM_14334,11594.88,Auto,49,1,4021.9,PRV_145,Urban,2,1,7572.98,0
CLM_14335,4155.66,Auto,47,0,2972.03,PRV_148,Urban,5,0,1183.62,0
CLM_14336,3950.5,Health,84,0,1537.4,PRV_100,Urban,10,0,2413.1,0
CLM_14337,8229.95,Health,82,1,3508.31,PRV_141,Rural,44,0,4721.64,0
CLM_14338,5405.78,Auto,18,0,1983.43,PRV_122,Urban,3,1,3422.35,0
CLM_14339,6787.43,Auto,66,0,2346.99,PRV_147,Suburban,13,0,4440.45,1
CLM_14340,1094.05,Property,68,0,2107.22,PRV_126,Urban,4,0,-1013.17,0
CLM_14341,2434.83,Auto,94,1,3378.22,PRV_124,Rural,0,0,-943.39,0
CLM_14342,4403.22,Health,33,1,2014.42,PRV_131,Suburban,14,1,2388.8,0
CLM_14343,2617.01,Auto,36,1,1773.65,PRV_118,Rural,10,0,843.37,0
CLM_14344,4985.12,Property,82,1,1956.63,PRV_123,Suburban,7,0,3028.49,0
CLM_14345,1213.7,Property,101,0,2290.22,PRV_102,Rural,11,0,-1076.52,0
CLM_14346,8802.67,Property,19,1,3496.67,PRV_111,Rural,21,0,5306.0,0
CLM_14347,3276.21,Auto,111,0,3909.07,PRV_134,Suburban,14,0,-632.86,0
CLM_14348,4773.49,Property,28,0,3894.75,PRV_114,Urban,19,0,878.74,0
CLM_14349,8666.51,Auto,40,0,2965.24,PRV_116,Suburban,3,0,5701.26,0
CLM_14350,1848.9,Health,84,1,2939.44,PRV_149,Suburban,16,0,-1090.55,0
CLM_14351,3865.62,Health,113,1,2816.28,PRV_131,Suburban,4,1,1049.35,0
CLM_14352,2449.9,Auto,97,1,3444.15,PRV_106,Suburban,0,0,-994.25,0
CLM_14353,10851.05,Property,76,1,4119.59,PRV_118,Suburban,0,0,6731.46,0
CLM_14354,6431.51,Auto,115,5,2848.9,PRV_106,Rural,13,0,3582.61,1
CLM_14355,8834.57,Health,15,2,3532.64,PRV_104,Rural,3,0,5301.93,0
CLM_14356,3199.25,Health,41,2,1759.57,PRV_139,Urban,3,0,1439.68,0
CLM_14357,5371.78,Health,39,1,3852.67,PRV_120,Urban,9,1,1519.11,0
CLM_14358,1626.31,Auto,2,0,3216.07,PRV_147,Suburban,13,0,-1589.75,1
CLM_14359,2350.71,Auto,63,0,1967.42,PRV_147,Urban,8,0,383.29,0
CLM_14360,7269.3,Property,29,0,4069.28,PRV_146,Urban,12,0,3200.02,1
CLM_14361,3800.56,Auto,105,1,1758.78,PRV_106,Suburban,28,1,2041.78,0
CLM_14362,777.54,Auto,74,1,725.08,PRV_136,Rural,19,1,52.46,0
CLM_14363,3259.2,Auto,66,2,3846.78,PRV_122,Rural,2,1,-587.59,0
CLM_14364,3399.04,Auto,51,0,3385.37,PRV_110,Urban,23,0,13.67,0
CLM_14365,2478.08,Property,75,0,1788.98,PRV_109,Rural,3,0,689.1,0
CLM_14366,2922.33,Auto,77,0,3355.35,PRV_120,Rural,10,0,-433.02,0
CLM_14367,3719.71,Health,10,0,4169.88,PRV_140,Urban,20,0,-450.17,0
CLM_14368,1987.29,Auto,14,2,3261.18,PRV_132,Suburban,9,0,-1273.88,0
CLM_14369,14367.63,Auto,82,1,5438.55,PRV_119,Urban,16,0,8929.08,1
CLM_14370,2255.14,Auto,51,0,2148.99,PRV_132,Urban,26,0,106.15,0
CLM_14371,1952.71,Auto,118,1,764.34,PRV_139,Urban,34,0,1188.37,0
CLM_14372,2535.74,Auto,73,0,1589.03,PRV_134,Suburban,5,0,946.7,0
CLM_14373,1468.46,Health,39,0,705.62,PRV_133,Suburban,49,1,762.84,1
CLM_14374,3542.01,Auto,28,2,5138.9,PRV_135,Suburban,3,0,-1596.89,0
CLM_14375,5867.18,Auto,3,1,2995.06,PRV_126,Suburban,6,0,2872.12,0
CLM_14376,6050.34,Auto,84,0,4939.1,PRV_118,Urban,14,0,1111.24,0
CLM_14377,1952.41,Auto,70,1,2645.45,PRV_142,Rural,35,0,-693.04,0
CLM_14378,5804.12,Property,27,0,2094.91,PRV_104,Urban,0,1,3709.21,1
CLM_14379,2551.37,Health,117,0,1269.93,PRV_128,Suburban,29,0,1281.44,0
CLM_14380,2874.68,Auto,2,1,2603.25,PRV_109,Rural,66,0,271.44,0
CLM_14381,5955.14,Auto,93,1,3844.21,PRV_139,Urban,24,0,2110.93,0
CLM_14382,3864.03,Property,38,1,2775.39,PRV_112,Rural,1,0,1088.65,0
CLM_14383,3157.64,Auto,3,2,1402.49,PRV_128,Suburban,18,0,1755.15,1
CLM_14384,7374.14,Property,16,0,3653.12,PRV_104,Rural,10,0,3721.01,0
CLM_14385,2109.25,Auto,94,0,3838.8,PRV_111,Rural,0,1,-1729.55,0
CLM_14386,2456.73,Property,40,3,2470.15,PRV_112,Suburban,41,1,-13.42,1
CLM_14387,3975.43,Property,2,3,2344.95,PRV_121,Rural,1,0,1630.49,1
CLM_14388,2082.75,Health,81,2,1290.65,PRV_139,Urban,5,0,792.09,0
CLM_14389,6500.36,Auto,41,0,3628.07,PRV_114,Rural,0,0,2872.3,0
CLM_14390,5803.72,Auto,12,0,2537.67,PRV_112,Urban,3,0,3266.05,0
CLM_14391,1102.51,Auto,35,1,500.0,PRV_100,Rural,8,0,602.51,0
CLM_14392,2169.41,Auto,107,0,1514.91,PRV_137,Rural,26,0,654.49,0
CLM_14393,9596.45,Auto,65,3,3562.22,PRV_142,Suburban,46,0,6034.23,0
CLM_14394,1747.24,Auto,55,1,2658.09,PRV_144,Suburban,5,0,-910.84,0
CLM_14395,3656.88,Health,45,0,1864.54,PRV_100,Urban,5,0,1792.34,0
CLM_14396,8777.25,Health,79,0,3053.79,PRV_110,Suburban,1,0,5723.46,0
CLM_14397,4044.95,Auto,90,1,2159.95,PRV_142,Suburban,6,0,1885.0,0
CLM_14398,3860.58,Auto,101,0,2357.23,PRV_139,Suburban,28,0,1503.36,0
CLM_14399,2279.38,Property,85,0,2730.47,PRV_121,Suburban,1,0,-451.09,0
CLM_14400,11833.08,Auto,62,1,4685.49,PRV_134,Suburban,3,0,7147.59,0
CLM_14401,6714.49,Health,49,0,4680.76,PRV_143,Urban,22,0,2033.73,0
CLM_14402,2318.05,Auto,95,1,1028.82,PRV_105,Urban,9,0,1289.23,0
CLM_14403,2917.39,Auto,25,1,2935.39,PRV_127,Suburban,4,0,-18.0,0
CLM_14404,935.89,Auto,23,0,1547.79,PRV_130,Suburban,16,0,-611.91,0
CLM_14405,2447.42,Auto,24,2,1936.76,PRV_107,Urban,1,0,510.66,0
CLM_14406,1373.37,Property,38,1,1141.11,PRV_104,Rural,19,0,232.26,0
CLM_14407,5722.34,Health,28,4,2132.27,PRV_141,Urban,7,0,3590.07,0
CLM_14408,4809.1,Auto,21,1,1806.79,PRV_147,Rural,14,0,3002.31,0
CLM_14409,7385.8,Property,54,1,4025.54,PRV_143,Suburban,7,0,3360.26,0
CLM_14410,1181.54,Auto,107,1,2158.07,PRV_116,Suburban,2,0,-976.53,0
CLM_14411,1128.82,Property,18,0,1054.17,PRV_137,Urban,10,0,74.65,0
CLM_14412,6286.67,Property,36,0,2997.18,PRV_108,Suburban,1,0,3289.5,0
CLM_14413,2127.24,Auto,99,0,2823.07,PRV_109,Rural,2,0,-695.83,0
CLM_14414,6161.27,Auto,45,0,2736.45,PRV_119,Rural,7,0,3424.82,0
CLM_14415,1912.96,Auto,119,0,3610.0,PRV_113,Urban,4,0,-1697.04,0
CLM_14416,9337.0,Health,73,0,4231.89,PRV_113,Rural,13,0,5105.11,0
CLM_14417,7107.66,Health,53,1,2721.84,PRV_125,Urban,8,0,4385.83,1
CLM_14418,5463.63,Property,102,2,3265.68,PRV_128,Urban,4,0,2197.95,0
CLM_14419,7067.94,Health,30,0,2747.28,PRV_148,Rural,3,0,4320.66,0
CLM_14420,8604.3,Auto,60,0,3506.49,PRV_126,Rural,24,0,5097.81,1
CLM_14421,3333.85,Auto,108,0,1530.31,PRV_124,Rural,0,1,1803.54,0
CLM_14422,5834.32,Health,98,1,3617.34,PRV_115,Rural,11,0,2216.97,0
CLM_14423,3873.18,Auto,32,1,3283.02,PRV_135,Rural,4,1,590.16,0
CLM_14424,5411.69,Health,67,0,2040.48,PRV_133,Rural,4,0,3371.2,1
CLM_14425,11049.38,Auto,67,1,5208.35,PRV_115,Rural,10,0,5841.04,0
CLM_14426,4093.29,Auto,28,0,1640.57,PRV_132,Suburban,19,0,2452.72,0
CLM_14427,6259.7,Auto,44,1,3329.77,PRV_102,Urban,12,0,2929.93,0
CLM_14428,1899.11,Health,79,1,2042.79,PRV_122,Urban,11,0,-143.68,0
CLM_14429,10550.08,Auto,41,2,3578.0,PRV_110,Rural,6,0,6972.08,0
CLM_14430,4783.89,Health,63,1,4999.64,PRV_147,Urban,6,0,-215.75,0
CLM_14431,10488.88,Auto,23,0,3775.55,PRV_117,Rural,6,0,6713.33,0
CLM_14432,2942.63,Health,104,1,2883.95,PRV_146,Suburban,1,0,58.68,0
CLM_14433,5635.09,Health,75,1,3928.61,PRV_140,Urban,8,1,1706.48,0
CLM_14434,3855.78,Auto,48,2,2409.55,PRV_143,Urban,3,0,1446.23,0
CLM_14435,9781.14,Health,32,1,3488.98,PRV_128,Suburban,9,0,6292.16,0
CLM_14436,8400.21,Auto,57,3,3087.75,PRV_149,Suburban,7,1,5312.46,0
CLM_14437,4562.08,Auto,118,2,1783.42,PRV_104,Suburban,28,0,2778.66,0
CLM_14438,6788.34,Auto,100,2,4708.61,PRV_123,Urban,5,0,2079.74,0
CLM_14439,2169.58,Health,33,1,4243.82,PRV_128,Urban,10,0,-2074.24,0
CLM_14440,4724.97,Property,24,1,2143.86,PRV_128,Suburban,8,0,2581.11,0
CLM_14441,6148.74,Health,39,0,4025.67,PRV_125,Suburban,11,1,2123.08,0
CLM_14442,4360.65,Health,34,1,1822.52,PRV_139,Suburban,3,0,2538.13,0
CLM_14443,8612.74,Health,56,2,3462.92,PRV_102,Suburban,2,0,5149.82,0
CLM_14444,4873.92,Auto,28,0,3047.52,PRV_101,Suburban,8,0,1826.4,0
CLM_14445,11089.0,Property,37,0,4678.39,PRV_124,Rural,18,0,6410.6,0
CLM_14446,8662.42,Auto,7,0,3331.9,PRV_118,Suburban,12,0,5330.52,0
CLM_14447,4104.38,Property,68,0,1454.84,PRV_139,Rural,6,0,2649.54,0
CLM_14448,7862.24,Health,37,3,4019.27,PRV_101,Urban,2,0,3842.98,0
CLM_14449,6260.84,Health,56,1,2559.42,PRV_118,Urban,14,0,3701.42,0
CLM_14450,4362.33,Health,65,0,2512.27,PRV_100,Rural,26,0,1850.06,0
CLM_14451,1830.11,Auto,65,1,3029.2,PRV_126,Suburban,2,0,-1199.09,0
CLM_14452,2153.81,Health,47,1,2425.32,PRV_144,Urban,16,0,-271.51,0
CLM_14453,3934.44,Auto,20,1,4794.82,PRV_148,Suburban,1,0,-860.38,0
CLM_14454,3536.59,Health,19,0,3805.19,PRV_134,Suburban,23,0,-268.59,0
CLM_14455,975.45,Health,29,1,1856.12,PRV_140,Rural,10,0,-880.67,0
CLM_14456,6014.64,Property,74,0,2272.45,PRV_104,Urban,1,0,3742.19,0
CLM_14457,3212.36,Health,60,0,1690.38,PRV_137,Urban,0,0,1521.98,0
CLM_14458,5784.45,Auto,18,0,3967.73,PRV_103,Rural,11,0,1816.72,0
CLM_14459,4471.37,Auto,92,2,2933.11,PRV_116,Suburban,9,0,1538.26,0
CLM_14460,3355.5,Health,35,0,2023.36,PRV_120,Suburban,9,0,1332.14,0
CLM_14461,3130.37,Auto,43,0,4571.82,PRV_147,Urban,6,0,-1441.46,0
CLM_14462,4159.11,Auto,111,1,3504.88,PRV_130,Rural,9,0,654.23,0
CLM_14463,8374.96,Property,95,0,3185.53,PRV_147,Rural,20,1,5189.43,0
CLM_14464,7403.98,Health,91,1,3138.36,PRV_121,Suburban,30,0,4265.62,0
CLM_14465,3133.81,Health,11,0,1642.01,PRV_110,Suburban,4,0,1491.79,0
CLM_14466,6057.17,Auto,49,0,3559.35,PRV_133,Rural,6,0,2497.81,0
CLM_14467,2961.67,Health,113,1,2581.13,PRV_148,Urban,3,0,380.54,0
CLM_14468,6495.48,Auto,38,3,3870.65,PRV_114,Suburban,5,1,2624.83,0
CLM_14469,7258.95,Health,64,0,3639.23,PRV_149,Rural,15,1,3619.72,1
CLM_14470,6705.43,Auto,69,1,2938.92,PRV_109,Rural,5,0,3766.51,1
CLM_14471,2628.98,Property,8,0,2868.18,PRV_137,Rural,4,0,-239.21,0
CLM_14472,11800.03,Auto,34,0,4658.93,PRV_131,Urban,18,0,7141.1,1
CLM_14473,2269.4,Auto,48,0,1663.14,PRV_147,Suburban,0,0,606.26,0
CLM_14474,4266.32,Health,116,3,2426.6,PRV_130,Suburban,19,0,1839.72,0
CLM_14475,8354.81,Health,56,0,4136.53,PRV_136,Suburban,2,1,4218.27,1
CLM_14476,7715.57,Auto,76,1,4485.18,PRV_143,Urban,3,0,3230.39,0
CLM_14477,5523.57,Health,102,0,2862.12,PRV_127,Suburban,4,1,2661.46,0
CLM_14478,1791.79,Auto,65,0,2300.68,PRV_130,Suburban,21,0,-508.89,0
CLM_14479,3668.0,Property,31,1,2320.95,PRV_105,Suburban,23,0,1347.05,0
CLM_14480,1880.52,Property,4,2,1565.57,PRV_113,Suburban,10,0,314.94,0
CLM_14481,3576.58,Auto,113,0,5001.75,PRV_122,Urban,5,0,-1425.17,0
CLM_14482,2792.4,Property,109,3,2851.94,PRV_115,Rural,7,0,-59.54,1
CLM_14483,6950.93,Auto,50,0,3464.88,PRV_124,Rural,8,0,3486.05,0
CLM_14484,3446.24,Auto,69,0,3475.03,PRV_138,Suburban,30,0,-28.79,0
CLM_14485,4271.57,Property,30,0,4483.83,PRV_101,Suburban,34,0,-212.26,0
CLM_14486,4857.16,Health,88,0,2580.74,PRV_137,Suburban,18,0,2276.41,0
CLM_14487,7322.08,Auto,59,1,2651.24,PRV_140,Urban,8,0,4670.84,0
CLM_14488,9469.0,Auto,67,1,3830.92,PRV_138,Suburban,4,0,5638.08,0
CLM_14489,3329.32,Auto,75,0,1205.09,PRV_133,Urban,2,0,2124.23,0
CLM_14490,8789.56,Property,45,0,4490.31,PRV_139,Suburban,7,0,4299.25,0
CLM_14491,7224.82,Auto,4,0,4738.13,PRV_142,Suburban,4,0,2486.69,0
CLM_14492,7543.54,Auto,26,1,3245.78,PRV_124,Rural,0,1,4297.75,0
CLM_14493,2378.63,Auto,27,3,2062.26,PRV_135,Suburban,6,0,316.37,0
CLM_14494,2678.44,Auto,46,1,3853.12,PRV_115,Urban,8,0,-1174.68,0
CLM_14495,3824.51,Auto,118,2,2808.97,PRV_117,Rural,9,0,1015.54,0
CLM_14496,3921.77,Auto,107,3,3142.21,PRV_112,Urban,0,0,779.56,0
CLM_14497,7044.75,Auto,64,0,3218.48,PRV_136,Rural,6,0,3826.28,0
CLM_14498,4398.6,Auto,91,0,2341.66,PRV_126,Urban,10,0,2056.93,1
CLM_14499,2830.64,Property,106,1,3347.26,PRV_133,Rural,32,1,-516.63,0
CLM_14500,4258.66,Auto,51,0,1536.72,PRV_110,Urban,0,0,2721.94,0
CLM_14501,1595.12,Health,50,0,804.25,PRV_100,Urban,11,0,790.86,1
CLM_14502,5531.75,Health,6,0,3364.38,PRV_112,Suburban,0,0,2167.37,0
CLM_14503,11496.0,Property,59,0,4043.63,PRV_129,Rural,1,0,7452.37,0
CLM_14504,1848.08,Property,15,2,2486.46,PRV_104,Rural,1,0,-638.39,0
CLM_14505,6012.52,Auto,117,2,2430.3,PRV_117,Suburban,3,0,3582.22,1
CLM_14506,5149.08,Auto,30,1,3647.53,PRV_113,Urban,17,0,1501.55,0
CLM_14507,6669.07,Auto,42,2,2979.29,PRV_112,Urban,19,0,3689.78,0
CLM_14508,6880.2,Auto,101,0,2433.91,PRV_131,Rural,4,0,4446.29,1
CLM_14509,5930.62,Health,37,1,3305.28,PRV_106,Urban,5,0,2625.33,0
CLM_14510,1673.33,Health,42,2,3006.37,PRV_107,Rural,2,0,-1333.03,0
CLM_14511,1001.62,Property,101,0,1750.71,PRV_149,Rural,5,0,-749.09,0
CLM_14512,3834.86,Auto,35,0,2891.17,PRV_106,Urban,3,0,943.69,0
CLM_14513,7811.39,Property,87,2,3182.94,PRV_148,Urban,1,0,4628.45,0
CLM_14514,3010.4,Auto,6,0,2466.22,PRV_115,Urban,1,0,544.18,0
CLM_14515,5245.48,Auto,68,0,3925.75,PRV_142,Suburban,14,0,1319.73,0
CLM_14516,8573.0,Auto,18,1,3483.33,PRV_130,Rural,1,0,5089.67,1
CLM_14517,2152.4,Health,73,1,2722.93,PRV_126,Urban,9,0,-570.53,0
CLM_14518,8200.86,Auto,113,0,3133.65,PRV_132,Suburban,1,0,5067.21,0
CLM_14519,3055.07,Property,29,1,2623.55,PRV_128,Urban,18,0,431.52,1
CLM_14520,1743.3,Property,77,0,2775.7,PRV_107,Rural,3,0,-1032.4,0
CLM_14521,2231.31,Property,59,2,2812.49,PRV_132,Suburban,0,0,-581.18,0
CLM_14522,3543.72,Auto,47,1,1229.86,PRV_140,Rural,6,0,2313.85,0
CLM_14523,4929.55,Property,116,0,3027.4,PRV_118,Urban,85,0,1902.15,0
CLM_14524,3786.54,Health,17,1,3318.34,PRV_120,Urban,16,0,468.2,0
CLM_14525,9848.04,Auto,109,0,5461.49,PRV_140,Urban,8,0,4386.55,0
CLM_14526,7587.92,Auto,96,1,3439.88,PRV_120,Suburban,2,1,4148.04,1
CLM_14527,3044.16,Auto,112,1,2347.08,PRV_124,Suburban,1,0,697.07,0
CLM_14528,3144.04,Auto,22,1,1359.19,PRV_141,Suburban,18,1,1784.85,0
CLM_14529,2197.6,Health,68,1,1943.7,PRV_122,Suburban,15,1,253.91,0
CLM_14530,1952.66,Property,69,1,2500.71,PRV_110,Urban,6,0,-548.05,0
CLM_14531,4720.43,Auto,37,3,2518.54,PRV_132,Urban,5,0,2201.89,0
CLM_14532,2424.98,Health,105,1,2762.57,PRV_119,Urban,13,0,-337.6,0
CLM_14533,7406.57,Property,49,1,2597.69,PRV_124,Suburban,7,1,4808.88,0
CLM_14534,1387.66,Auto,13,0,2769.1,PRV_125,Suburban,5,0,-1381.44,0
CLM_14535,6158.72,Property,34,1,2577.69,PRV_139,Urban,2,0,3581.03,0
CLM_14536,3618.12,Health,109,2,3018.42,PRV_111,Urban,1,0,599.71,0
CLM_14537,5483.06,Health,86,0,2096.6,PRV_131,Suburban,9,1,3386.46,1
CLM_14538,1132.46,Auto,53,1,1741.23,PRV_132,Rural,17,0,-608.77,0
CLM_14539,7961.29,Health,87,0,2761.94,PRV_109,Urban,13,0,5199.35,0
CLM_14540,2587.45,Auto,51,1,3433.96,PRV_103,Urban,11,0,-846.52,1
CLM_14541,4645.42,Health,3,3,1880.96,PRV_114,Urban,26,0,2764.46,1
CLM_14542,4349.61,Auto,42,2,2425.4,PRV_105,Suburban,5,0,1924.21,0
CLM_14543,4497.64,Property,98,2,2853.85,PRV_126,Urban,1,0,1643.78,0
CLM_14544,3396.75,Auto,32,0,2829.71,PRV_104,Urban,1,0,567.04,0
CLM_14545,9770.25,Auto,109,0,3752.85,PRV_104,Urban,31,0,6017.4,0
CLM_14546,3937.38,Health,51,1,3939.83,PRV_117,Urban,8,0,-2.45,0
CLM_14547,7420.64,Auto,113,1,3222.02,PRV_127,Urban,16,0,4198.62,0
CLM_14548,6796.02,Health,85,0,4209.42,PRV_134,Rural,7,0,2586.6,0
CLM_14549,7883.03,Property,46,0,2630.98,PRV_121,Rural,5,0,5252.06,0
CLM_14550,7789.83,Health,108,3,3840.2,PRV_133,Urban,2,0,3949.63,0
CLM_14551,1815.24,Auto,21,2,2386.99,PRV_103,Urban,19,0,-571.75,0
CLM_14552,5104.88,Health,44,0,3296.01,PRV_117,Urban,0,1,1808.86,0
CLM_14553,2426.07,Health,11,0,3644.12,PRV_140,Urban,23,0,-1218.06,0
CLM_14554,3710.59,Property,103,0,3056.15,PRV_125,Suburban,2,0,654.44,1
CLM_14555,2764.13,Auto,68,0,2035.01,PRV_141,Suburban,0,0,729.13,0
CLM_14556,3495.08,Auto,115,0,1327.44,PRV_121,Suburban,1,0,2167.64,1
CLM_14557,9230.07,Health,1,1,3556.91,PRV_146,Rural,21,0,5673.16,1
CLM_14558,1442.28,Auto,92,1,2726.98,PRV_132,Urban,0,0,-1284.7,0
CLM_14559,5120.62,Auto,63,1,2797.09,PRV_142,Suburban,4,0,2323.53,0
CLM_14560,4764.98,Auto,24,1,4500.11,PRV_113,Urban,2,0,264.87,0
CLM_14561,2670.38,Property,99,0,2053.77,PRV_130,Urban,0,0,616.61,0
CLM_14562,2072.63,Property,13,0,3740.35,PRV_109,Rural,7,0,-1667.72,0
CLM_14563,5371.5,Health,111,2,2262.29,PRV_123,Rural,63,0,3109.21,1
CLM_14564,8119.4,Auto,98,1,2822.69,PRV_120,Suburban,19,0,5296.71,0
CLM_14565,2006.3,Auto,11,0,1914.1,PRV_147,Suburban,1,0,92.2,0
CLM_14566,3054.66,Property,100,1,2255.31,PRV_107,Rural,21,1,799.35,0
CLM_14567,3468.15,Property,51,0,3413.24,PRV_131,Rural,6,0,54.9,0
CLM_14568,12131.06,Property,17,1,4294.0,PRV_130,Urban,3,0,7837.06,1
CLM_14569,1791.83,Health,99,0,3423.5,PRV_133,Urban,10,1,-1631.68,1
CLM_14570,6478.3,Auto,82,0,3305.84,PRV_122,Suburban,2,0,3172.46,0
CLM_14571,14854.36,Property,104,1,5549.07,PRV_124,Suburban,21,1,9305.29,0
CLM_14572,3438.68,Auto,86,0,3560.57,PRV_106,Rural,9,0,-121.89,0
CLM_14573,4081.07,Auto,24,2,2066.38,PRV_118,Suburban,1,1,2014.7,0
CLM_14574,825.08,Health,19,1,1316.72,PRV_106,Urban,8,0,-491.64,0
CLM_14575,8571.09,Auto,37,0,3379.15,PRV_146,Rural,7,0,5191.94,0
CLM_14576,1889.98,Auto,103,0,1593.48,PRV_107,Urban,6,0,296.5,0
CLM_14577,5939.44,Auto,85,2,1998.54,PRV_113,Rural,4,1,3940.89,0
CLM_14578,9265.84,Auto,8,0,3303.3,PRV_100,Rural,6,0,5962.54,0
CLM_14579,9418.23,Property,28,0,4039.92,PRV_112,Urban,8,0,5378.31,0
CLM_14580,4728.61,Auto,5,1,2714.31,PRV_102,Suburban,13,1,2014.3,0
CLM_14581,4334.82,Auto,17,1,1793.86,PRV_127,Suburban,24,0,2540.96,0
CLM_14582,2358.52,Auto,101,3,2853.55,PRV_137,Suburban,0,0,-495.03,0
CLM_14583,3479.45,Auto,36,0,2727.91,PRV_114,Suburban,8,0,751.54,0
CLM_14584,1768.48,Auto,118,0,3117.69,PRV_135,Urban,13,1,-1349.21,0
CLM_14585,3797.34,Health,19,2,1797.5,PRV_102,Rural,1,0,1999.83,0
CLM_14586,5437.07,Auto,64,4,2162.85,PRV_103,Urban,24,0,3274.22,1
CLM_14587,11530.37,Health,91,0,4023.56,PRV_104,Suburban,2,1,7506.81,0
CLM_14588,8335.94,Property,117,0,3761.25,PRV_149,Suburban,17,0,4574.69,0
CLM_14589,9703.27,Health,98,1,4164.09,PRV_125,Urban,10,0,5539.19,0
CLM_14590,3148.08,Auto,11,0,1149.51,PRV_124,Rural,8,0,1998.58,0
CLM_14591,6005.39,Auto,54,1,2113.87,PRV_109,Urban,20,0,3891.52,0
CLM_14592,6897.26,Property,45,2,3990.91,PRV_107,Urban,34,0,2906.36,1
CLM_14593,2782.15,Health,47,1,3592.33,PRV_111,Urban,58,0,-810.18,0
CLM_14594,5676.72,Property,12,0,3407.31,PRV_102,Rural,11,0,2269.41,0
CLM_14595,4985.57,Property,118,1,2637.61,PRV_126,Urban,4,0,2347.96,0
CLM_14596,4947.34,Property,21,1,2379.83,PRV_149,Urban,20,0,2567.51,0
CLM_14597,9015.46,Property,118,2,3032.23,PRV_122,Suburban,10,1,5983.23,1
CLM_14598,7128.62,Health,11,0,2551.49,PRV_139,Urban,3,0,4577.13,0
CLM_14599,5260.1,Auto,103,1,3528.11,PRV_132,Suburban,26,0,1731.99,0
CLM_14600,2380.0,Property,92,1,3037.13,PRV_113,Suburban,13,0,-657.13,0
CLM_14601,2103.87,Health,5,1,2028.84,PRV_122,Suburban,6,1,75.02,1
CLM_14602,3396.85,Auto,81,1,3634.94,PRV_130,Rural,6,0,-238.09,0
CLM_14603,5913.58,Health,56,0,4254.28,PRV_112,Suburban,55,0,1659.3,0
CLM_14604,11628.87,Health,20,0,4321.03,PRV_111,Urban,4,0,7307.83,0
CLM_14605,5858.82,Property,41,2,3673.42,PRV_134,Urban,0,1,2185.4,0
CLM_14606,7072.53,Health,46,0,3687.08,PRV_117,Suburban,7,0,3385.45,0
CLM_14607,1743.02,Auto,12,0,1838.79,PRV_120,Suburban,21,1,-95.77,0
CLM_14608,4033.53,Property,70,1,2328.66,PRV_144,Urban,8,0,1704.86,0
CLM_14609,7600.36,Property,17,0,2831.65,PRV_146,Suburban,15,0,4768.7,0
CLM_14610,8743.1,Health,115,0,3592.57,PRV_141,Rural,0,1,5150.52,1
CLM_14611,1686.9,Auto,19,1,2399.66,PRV_100,Suburban,11,0,-712.75,0
CLM_14612,7150.5,Auto,26,1,2693.04,PRV_137,Rural,0,0,4457.46,0
CLM_14613,4216.61,Health,48,2,3559.61,PRV_140,Rural,8,0,657.0,0
CLM_14614,6789.62,Auto,108,2,3137.11,PRV_141,Rural,6,0,3652.51,0
CLM_14615,2886.99,Auto,108,2,3333.87,PRV_146,Suburban,29,0,-446.88,0
CLM_14616,4858.57,Health,52,0,2221.96,PRV_108,Rural,1,0,2636.61,0
CLM_14617,1578.92,Auto,96,0,2679.53,PRV_122,Rural,0,0,-1100.61,0
CLM_14618,5065.0,Auto,70,0,2530.46,PRV_113,Suburban,1,0,2534.54,0
CLM_14619,6342.57,Auto,55,1,2999.06,PRV_110,Rural,1,0,3343.51,0
CLM_14620,2852.42,Auto,100,1,2566.87,PRV_106,Suburban,2,0,285.54,0
CLM_14621,6910.47,Health,102,1,2431.17,PRV_130,Urban,16,1,4479.29,1
CLM_14622,1921.68,Auto,75,0,3125.03,PRV_123,Rural,4,0,-1203.35,0
CLM_14623,13910.37,Auto,33,1,5096.73,PRV_125,Suburban,18,0,8813.64,1
CLM_14624,5213.17,Health,62,0,3583.57,PRV_129,Urban,3,0,1629.61,0
CLM_14625,2786.95,Property,88,0,1219.79,PRV_133,Rural,19,0,1567.16,0
CLM_14626,7134.48,Health,23,0,3351.3,PRV_145,Rural,0,0,3783.18,0
CLM_14627,2287.82,Auto,15,0,2485.1,PRV_137,Suburban,27,0,-197.28,0
CLM_14628,2671.45,Auto,27,0,2058.93,PRV_104,Urban,13,0,612.53,0
CLM_14629,6756.51,Property,75,0,3703.85,PRV_104,Suburban,5,0,3052.66,0
CLM_14630,8050.76,Auto,64,0,3077.18,PRV_118,Rural,8,0,4973.57,0
CLM_14631,15839.98,Health,115,1,5486.37,PRV_137,Rural,27,0,10353.61,0
CLM_14632,1591.38,Auto,114,1,2885.73,PRV_127,Rural,8,0,-1294.34,0
CLM_14633,3831.68,Auto,81,2,2773.77,PRV_125,Rural,2,0,1057.91,0
CLM_14634,9109.32,Property,51,0,4197.15,PRV_141,Urban,8,1,4912.17,1
CLM_14635,5497.94,Health,53,0,3021.97,PRV_122,Urban,20,0,2475.97,0
CLM_14636,5551.54,Health,78,1,1942.76,PRV_145,Suburban,43,0,3608.78,1
CLM_14637,1149.52,Auto,91,0,2119.24,PRV_148,Suburban,8,0,-969.71,0
CLM_14638,4259.4,Auto,82,1,2671.56,PRV_129,Suburban,1,0,1587.84,0
CLM_14639,7944.43,Health,92,2,3657.64,PRV_102,Rural,14,0,4286.79,0
CLM_14640,4459.93,Health,51,4,4272.13,PRV_127,Suburban,57,0,187.8,1
CLM_14641,8800.29,Auto,47,0,3801.95,PRV_132,Urban,6,0,4998.34,0
CLM_14642,2508.58,Auto,111,0,3568.03,PRV_141,Suburban,4,0,-1059.45,0
CLM_14643,6668.06,Auto,4,1,4096.88,PRV_102,Suburban,8,0,2571.18,0
CLM_14644,7932.5,Property,7,0,3621.17,PRV_104,Urban,1,0,4311.32,1
CLM_14645,2446.71,Health,109,0,2096.77,PRV_118,Urban,35,0,349.94,1
CLM_14646,1902.71,Property,35,1,2779.24,PRV_141,Rural,18,0,-876.53,0
CLM_14647,7187.29,Auto,48,0,2484.75,PRV_147,Urban,1,0,4702.53,0
CLM_14648,11868.55,Property,73,1,4262.28,PRV_100,Urban,29,0,7606.28,0
CLM_14649,5759.68,Auto,72,0,2045.39,PRV_137,Suburban,28,0,3714.28,0
CLM_14650,6083.49,Health,116,2,2064.82,PRV_108,Urban,3,0,4018.67,0
CLM_14651,3048.66,Property,45,1,3169.93,PRV_104,Rural,9,0,-121.27,0
CLM_14652,4408.71,Auto,81,2,4929.02,PRV_145,Suburban,1,0,-520.31,0
CLM_14653,2186.91,Auto,81,1,3734.89,PRV_141,Rural,0,0,-1547.98,0
CLM_14654,11031.99,Auto,113,1,4041.68,PRV_133,Urban,6,1,6990.31,0
CLM_14655,4509.42,Auto,97,1,1893.2,PRV_136,Rural,0,0,2616.22,0
CLM_14656,7642.69,Health,96,2,3668.8,PRV_132,Rural,20,0,3973.88,0
CLM_14657,5324.92,Health,72,0,1888.81,PRV_124,Urban,26,0,3436.11,1
CLM_14658,7229.4,Health,19,0,3730.94,PRV_141,Urban,0,0,3498.47,0
CLM_14659,1178.09,Health,63,3,1429.16,PRV_128,Suburban,0,1,-251.06,1
CLM_14660,2506.98,Health,38,1,2660.88,PRV_124,Suburban,2,0,-153.9,1
CLM_14661,786.35,Auto,67,1,946.88,PRV_108,Suburban,26,0,-160.53,0
CLM_14662,2684.61,Auto,59,0,2115.29,PRV_102,Urban,14,0,569.32,0
CLM_14663,2282.34,Property,69,2,1575.39,PRV_114,Rural,11,0,706.95,0
CLM_14664,9099.1,Auto,13,2,3651.18,PRV_103,Rural,14,0,5447.92,1
CLM_14665,3026.73,Health,47,1,3094.39,PRV_144,Suburban,2,0,-67.66,0
CLM_14666,5858.64,Auto,110,0,2532.47,PRV_137,Suburban,2,0,3326.17,0
CLM_14667,5386.61,Health,61,1,3117.12,PRV_119,Urban,3,1,2269.49,0
CLM_14668,6505.34,Health,31,1,2169.06,PRV_148,Rural,9,0,4336.28,0
CLM_14669,8110.18,Auto,119,0,3321.86,PRV_122,Suburban,9,0,4788.32,0
CLM_14670,8540.01,Auto,80,1,2922.28,PRV_136,Urban,2,0,5617.73,0
CLM_14671,7160.25,Health,114,0,5280.89,PRV_146,Suburban,5,0,1879.36,0
CLM_14672,3742.14,Auto,96,1,4633.51,PRV_107,Urban,11,0,-891.37,0
CLM_14673,6954.06,Auto,22,0,3940.56,PRV_136,Rural,3,0,3013.5,1
CLM_14674,2668.75,Health,93,0,3292.32,PRV_144,Urban,0,0,-623.57,0
CLM_14675,5921.08,Auto,86,1,3420.36,PRV_132,Suburban,2,0,2500.72,0
CLM_14676,4982.42,Property,43,1,4240.89,PRV_132,Suburban,1,0,741.53,0
CLM_14677,5680.65,Health,67,0,3288.14,PRV_106,Rural,9,0,2392.51,0
CLM_14678,9627.24,Auto,54,0,3349.67,PRV_121,Rural,0,0,6277.58,0
CLM_14679,2962.96,Health,10,2,2423.52,PRV_104,Suburban,21,1,539.44,1
CLM_14680,6900.09,Health,42,0,2312.68,PRV_145,Suburban,0,0,4587.4,0
CLM_14681,3104.88,Auto,64,0,2892.77,PRV_114,Suburban,9,1,212.11,1
CLM_14682,510.14,Auto,21,1,500.0,PRV_120,Rural,26,1,10.14,1
CLM_14683,5531.79,Auto,80,0,2970.93,PRV_124,Suburban,0,0,2560.86,0
CLM_14684,7184.49,Auto,76,1,2757.84,PRV_116,Rural,4,0,4426.65,0
CLM_14685,9207.88,Auto,66,0,3879.03,PRV_149,Suburban,3,0,5328.85,0
CLM_14686,9754.02,Auto,41,0,4224.64,PRV_106,Urban,4,0,5529.38,1
CLM_14687,6722.39,Auto,24,0,5571.43,PRV_149,Urban,9,0,1150.96,0
CLM_14688,1991.27,Health,35,0,3579.54,PRV_118,Suburban,3,0,-1588.27,0
CLM_14689,2850.6,Health,56,0,3152.03,PRV_106,Urban,0,0,-301.43,0
CLM_14690,3343.34,Health,30,1,2433.85,PRV_139,Rural,32,0,909.49,0
CLM_14691,5715.06,Health,57,1,1951.06,PRV_144,Urban,13,1,3764.0,0
CLM_14692,10957.61,Property,94,1,3914.21,PRV_149,Urban,1,0,7043.4,0
CLM_14693,2977.34,Health,47,0,2972.55,PRV_123,Rural,6,0,4.79,0
CLM_14694,7925.45,Health,35,0,3424.92,PRV_110,Urban,0,1,4500.53,0
CLM_14695,5878.79,Auto,19,2,3018.57,PRV_140,Urban,0,0,2860.22,0
CLM_14696,1901.72,Property,114,0,3044.67,PRV_100,Suburban,0,0,-1142.95,0
CLM_14697,4601.11,Auto,8,1,3219.22,PRV_131,Rural,14,0,1381.89,0
CLM_14698,5869.5,Auto,26,2,3422.08,PRV_139,Rural,5,0,2447.42,0
CLM_14699,8547.17,Health,113,0,3940.72,PRV_143,Suburban,18,0,4606.45,0
CLM_14700,2187.1,Auto,104,0,1767.69,PRV_101,Suburban,3,0,419.41,1
CLM_14701,10164.91,Auto,71,0,3586.08,PRV_114,Urban,14,0,6578.83,0
CLM_14702,2789.81,Health,30,1,1711.86,PRV_120,Urban,0,0,1077.95,0
CLM_14703,4150.49,Health,7,0,3701.42,PRV_123,Urban,10,0,449.07,0
CLM_14704,4286.65,Health,67,2,3320.23,PRV_149,Suburban,4,0,966.42,0
CLM_14705,6956.84,Property,65,0,2923.39,PRV_116,Rural,3,0,4033.45,0
CLM_14706,6223.33,Auto,36,0,2962.48,PRV_146,Urban,16,1,3260.85,1
CLM_14707,7388.83,Auto,25,1,3136.92,PRV_108,Suburban,0,0,4251.92,0
CLM_14708,5035.41,Health,37,0,4090.98,PRV_134,Rural,29,0,944.42,0
CLM_14709,5271.72,Auto,1,1,4002.45,PRV_119,Suburban,15,0,1269.26,1
CLM_14710,5796.23,Health,15,0,3885.4,PRV_118,Urban,4,0,1910.83,0
CLM_14711,1606.44,Auto,37,1,1653.6,PRV_117,Suburban,47,0,-47.16,0
CLM_14712,7966.4,Auto,13,0,3576.21,PRV_119,Suburban,2,0,4390.19,0
CLM_14713,796.98,Health,104,0,602.24,PRV_129,Suburban,5,0,194.75,0
CLM_14714,1143.64,Health,8,2,869.3,PRV_139,Suburban,21,1,274.34,0
CLM_14715,4839.08,Health,5,0,4123.94,PRV_100,Rural,57,1,715.14,0
CLM_14716,2534.72,Auto,60,0,1553.07,PRV_123,Urban,2,0,981.65,0
CLM_14717,6854.56,Auto,73,1,2820.88,PRV_123,Rural,13,0,4033.68,0
CLM_14718,11402.94,Auto,1,1,4404.34,PRV_146,Suburban,3,1,6998.59,1
CLM_14719,8999.81,Auto,36,1,3583.77,PRV_118,Suburban,14,0,5416.04,0
CLM_14720,6918.56,Auto,35,0,3370.0,PRV_129,Urban,1,0,3548.56,0
CLM_14721,3537.84,Auto,66,1,2945.58,PRV_125,Urban,4,0,592.26,0
CLM_14722,7305.64,Health,63,0,3125.89,PRV_141,Rural,0,0,4179.75,1
CLM_14723,1421.1,Auto,104,1,2374.82,PRV_143,Rural,6,0,-953.72,0
CLM_14724,6289.4,Health,23,0,2520.42,PRV_137,Urban,12,1,3768.99,1
CLM_14725,7563.59,Property,9,1,3086.46,PRV_128,Rural,4,0,4477.13,1
CLM_14726,7030.49,Auto,34,0,3232.41,PRV_112,Suburban,9,0,3798.09,0
CLM_14727,2116.88,Auto,46,0,2842.16,PRV_103,Suburban,8,0,-725.28,0
CLM_14728,2285.93,Auto,78,1,763.67,PRV_144,Urban,3,0,1522.26,0
CLM_14729,10914.72,Health,4,1,4564.87,PRV_116,Rural,6,0,6349.85,0
CLM_14730,9201.51,Auto,30,0,3937.29,PRV_132,Suburban,0,0,5264.22,0
CLM_14731,1845.38,Auto,95,1,2795.95,PRV_104,Urban,6,0,-950.57,0
CLM_14732,5939.8,Health,102,0,3968.43,PRV_127,Rural,6,0,1971.37,0
CLM_14733,1889.8,Auto,75,1,2641.47,PRV_123,Suburban,0,0,-751.68,0
CLM_14734,4653.16,Health,99,1,3317.54,PRV_116,Rural,7,0,1335.62,0
CLM_14735,2074.12,Health,72,2,1076.79,PRV_149,Rural,13,0,997.33,0
CLM_14736,8784.0,Health,3,0,3256.73,PRV_138,Rural,6,0,5527.26,1
CLM_14737,3282.36,Auto,14,0,2718.66,PRV_147,Urban,10,0,563.7,0
CLM_14738,6624.49,Property,60,2,3218.06,PRV_139,Suburban,7,0,3406.43,1
CLM_14739,4293.67,Health,77,0,4709.89,PRV_143,Urban,15,0,-416.21,0
CLM_14740,4129.68,Auto,45,0,2981.91,PRV_145,Suburban,7,0,1147.77,1
CLM_14741,7292.09,Auto,96,2,2542.49,PRV_110,Suburban,4,1,4749.6,1
CLM_14742,6049.72,Auto,34,1,2553.59,PRV_111,Urban,17,0,3496.13,0
CLM_14743,2953.13,Property,45,1,1583.86,PRV_112,Urban,0,0,1369.27,0
CLM_14744,3844.22,Property,61,2,3404.25,PRV_107,Suburban,3,0,439.97,0
CLM_14745,5122.32,Health,83,1,3534.43,PRV_100,Suburban,8,0,1587.89,0
CLM_14746,2733.53,Property,102,2,3065.42,PRV_108,Suburban,19,0,-331.88,0
CLM_14747,5423.85,Auto,16,0,3919.91,PRV_127,Rural,0,0,1503.94,1
CLM_14748,3444.45,Auto,66,1,3929.41,PRV_101,Suburban,1,0,-484.96,0
CLM_14749,7638.57,Property,40,1,3069.83,PRV_113,Urban,3,0,4568.73,0
CLM_14750,2516.65,Health,17,0,3585.5,PRV_112,Urban,4,0,-1068.84,0
CLM_14751,5035.68,Auto,119,1,5172.68,PRV_147,Urban,18,0,-137.01,0
CLM_14752,4852.28,Health,34,0,2177.95,PRV_101,Suburban,31,0,2674.34,0
CLM_14753,10399.94,Property,106,1,3773.16,PRV_103,Suburban,0,0,6626.78,0
CLM_14754,8987.22,Health,16,2,3086.82,PRV_111,Rural,0,0,5900.4,0
CLM_14755,10478.72,Property,102,3,4045.75,PRV_147,Rural,20,0,6432.97,0
CLM_14756,2269.79,Health,60,1,2206.51,PRV_109,Urban,1,0,63.28,1
CLM_14757,3886.03,Auto,66,2,3200.28,PRV_102,Rural,4,0,685.75,0
CLM_14758,6211.43,Property,66,1,2320.4,PRV_103,Rural,3,0,3891.03,0
CLM_14759,3357.9,Auto,90,0,1233.01,PRV_105,Urban,3,0,2124.89,0
CLM_14760,9256.41,Property,13,1,4404.39,PRV_122,Suburban,3,0,4852.02,0
CLM_14761,3294.41,Auto,56,1,2565.54,PRV_104,Rural,4,0,728.88,0
CLM_14762,2287.27,Health,111,0,2157.52,PRV_149,Suburban,9,0,129.76,0
CLM_14763,6374.48,Auto,31,0,2423.1,PRV_102,Urban,9,0,3951.37,0
CLM_14764,4887.82,Auto,34,1,4824.44,PRV_109,Urban,7,0,63.38,0
CLM_14765,9287.08,Auto,39,1,4310.53,PRV_142,Rural,19,0,4976.55,0
CLM_14766,8122.54,Property,67,1,2781.8,PRV_118,Urban,18,1,5340.74,0
CLM_14767,8739.17,Property,8,1,3861.37,PRV_113,Urban,2,0,4877.8,0
CLM_14768,2202.1,Auto,87,0,1924.61,PRV_120,Urban,7,0,277.48,0
CLM_14769,4250.33,Property,78,1,3523.54,PRV_142,Rural,15,0,726.78,0
CLM_14770,1881.44,Property,55,0,2569.44,PRV_127,Rural,20,0,-688.0,0
CLM_14771,7613.0,Health,27,0,3436.1,PRV_120,Rural,2,0,4176.9,0
CLM_14772,2920.84,Auto,118,0,1626.22,PRV_135,Urban,6,0,1294.62,0
CLM_14773,2443.77,Property,93,0,2404.86,PRV_123,Suburban,7,0,38.91,0
CLM_14774,3402.0,Health,103,0,3181.91,PRV_137,Urban,12,0,220.1,0
CLM_14775,1657.22,Property,53,1,3171.33,PRV_116,Rural,4,0,-1514.12,0
CLM_14776,4528.61,Property,39,1,1537.18,PRV_121,Suburban,3,0,2991.43,0
CLM_14777,5212.45,Property,65,1,2028.15,PRV_118,Suburban,12,0,3184.29,1
CLM_14778,5085.23,Health,17,0,3423.42,PRV_144,Rural,5,0,1661.81,0
CLM_14779,9472.49,Auto,105,3,3306.02,PRV_109,Suburban,0,0,6166.47,1
CLM_14780,8015.74,Auto,30,0,3655.48,PRV_110,Suburban,27,0,4360.26,1
CLM_14781,7588.39,Auto,53,0,3190.2,PRV_137,Rural,1,1,4398.19,0
CLM_14782,4282.76,Auto,13,1,1946.81,PRV_101,Suburban,1,1,2335.95,0
CLM_14783,6329.93,Health,21,0,2646.16,PRV_132,Suburban,17,0,3683.77,0
CLM_14784,3274.48,Health,19,1,3531.02,PRV_142,Rural,4,0,-256.54,0
CLM_14785,3808.79,Property,53,1,1998.32,PRV_130,Suburban,3,0,1810.47,0
CLM_14786,4916.25,Auto,19,2,1873.97,PRV_147,Suburban,9,0,3042.28,0
CLM_14787,1480.28,Health,57,0,2697.03,PRV_134,Suburban,0,0,-1216.75,0
CLM_14788,2645.32,Auto,25,1,3271.45,PRV_136,Suburban,2,0,-626.13,0
CLM_14789,1289.2,Auto,86,2,1157.17,PRV_146,Rural,0,0,132.03,0
CLM_14790,3410.53,Auto,31,1,2757.51,PRV_146,Urban,3,0,653.02,0
CLM_14791,3366.42,Health,81,0,3518.56,PRV_135,Urban,20,0,-152.14,0
CLM_14792,7656.71,Auto,55,1,3715.36,PRV_122,Suburban,24,0,3941.35,1
CLM_14793,2465.44,Health,23,1,1996.23,PRV_135,Rural,3,0,469.21,0
CLM_14794,3018.73,Auto,32,1,3371.94,PRV_139,Rural,2,0,-353.21,0
CLM_14795,11040.83,Property,62,1,3993.69,PRV_138,Suburban,1,0,7047.13,0
CLM_14796,8070.31,Property,74,1,3606.71,PRV_125,Urban,5,1,4463.61,0
CLM_14797,2886.12,Property,10,0,2588.1,PRV_124,Suburban,17,0,298.01,0
CLM_14798,862.18,Property,100,0,614.8,PRV_116,Rural,19,1,247.38,0
CLM_14799,7548.24,Property,72,1,3209.34,PRV_114,Rural,0,0,4338.91,0
CLM_14800,11342.36,Property,54,1,4578.56,PRV_136,Urban,2,0,6763.8,0
CLM_14801,3598.79,Health,52,2,3824.06,PRV_144,Rural,2,1,-225.27,0
CLM_14802,10668.42,Auto,20,0,3754.58,PRV_103,Rural,17,0,6913.84,0
CLM_14803,7804.53,Auto,32,0,3168.48,PRV_121,Rural,6,0,4636.05,0
CLM_14804,10295.44,Auto,114,1,3896.78,PRV_116,Urban,4,0,6398.66,1
CLM_14805,2839.63,Health,14,1,3303.25,PRV_121,Rural,31,0,-463.62,0
CLM_14806,1076.21,Health,50,1,1253.72,PRV_116,Suburban,25,0,-177.5,0
CLM_14807,4916.71,Property,28,0,3891.58,PRV_113,Urban,5,0,1025.13,0
CLM_14808,1415.11,Property,110,2,2138.87,PRV_113,Suburban,1,0,-723.76,0
CLM_14809,2231.93,Auto,116,1,3067.23,PRV_116,Suburban,1,0,-835.3,0
CLM_14810,3208.3,Health,53,1,3739.2,PRV_107,Urban,1,0,-530.9,0
CLM_14811,5134.3,Property,24,1,2250.83,PRV_133,Suburban,11,0,2883.47,0
CLM_14812,1159.52,Auto,79,2,2014.54,PRV_125,Urban,8,0,-855.02,0
CLM_14813,2462.23,Health,22,0,3477.17,PRV_144,Suburban,8,0,-1014.94,0
CLM_14814,5396.14,Auto,30,1,1886.46,PRV_129,Urban,1,0,3509.68,0
CLM_14815,1990.71,Health,63,3,2807.2,PRV_121,Rural,15,0,-816.5,0
CLM_14816,7611.3,Auto,4,0,4128.37,PRV_115,Rural,7,1,3482.93,0
CLM_14817,9745.4,Property,77,1,4626.49,PRV_129,Suburban,0,0,5118.9,0
CLM_14818,3528.99,Health,59,0,1218.37,PRV_115,Rural,13,0,2310.62,0
CLM_14819,7647.18,Auto,87,0,2781.29,PRV_137,Urban,39,0,4865.89,1
CLM_14820,6839.37,Auto,8,1,4270.05,PRV_123,Suburban,5,0,2569.32,0
CLM_14821,7429.44,Auto,82,1,2601.88,PRV_135,Rural,1,1,4827.56,0
CLM_14822,5993.7,Property,12,0,3791.89,PRV_134,Rural,1,0,2201.81,1
CLM_14823,8410.59,Health,119,1,3867.3,PRV_105,Suburban,0,1,4543.29,0
CLM_14824,2745.03,Auto,31,0,2389.02,PRV_103,Rural,14,1,356.01,0
CLM_14825,7171.34,Auto,78,1,3428.62,PRV_117,Rural,11,0,3742.72,0
CLM_14826,6439.7,Health,34,0,3489.46,PRV_105,Suburban,8,1,2950.24,0
CLM_14827,7887.15,Health,82,0,3910.19,PRV_125,Rural,14,0,3976.96,0
CLM_14828,3033.78,Health,98,2,1374.85,PRV_136,Rural,72,0,1658.93,0
CLM_14829,4007.95,Auto,75,0,4292.83,PRV_126,Rural,5,0,-284.88,0
CLM_14830,4620.21,Health,105,0,3686.86,PRV_140,Rural,12,0,933.35,0
CLM_14831,4376.03,Health,76,0,1869.61,PRV_110,Suburban,4,1,2506.41,0
CLM_14832,2612.44,Property,49,1,2872.2,PRV_137,Urban,4,0,-259.76,0
CLM_14833,5221.76,Property,79,3,3837.84,PRV_115,Urban,19,0,1383.93,0
CLM_14834,4165.36,Health,57,1,1922.89,PRV_118,Rural,8,0,2242.47,0
CLM_14835,5902.84,Health,95,0,2075.45,PRV_142,Rural,1,0,3827.39,0
CLM_14836,2077.56,Auto,113,2,3018.61,PRV_114,Urban,5,0,-941.05,0
CLM_14837,4592.73,Property,93,1,2563.76,PRV_125,Rural,15,0,2028.97,0
CLM_14838,2291.09,Auto,26,0,3250.87,PRV_140,Urban,28,0,-959.77,0
CLM_14839,5534.99,Auto,18,3,3822.96,PRV_130,Suburban,9,1,1712.03,0
CLM_14840,3070.89,Auto,96,4,3272.24,PRV_118,Suburban,5,0,-201.35,0
CLM_14841,6348.92,Property,86,0,2989.7,PRV_123,Suburban,2,0,3359.22,0
CLM_14842,9165.36,Auto,38,0,3827.54,PRV_108,Suburban,5,0,5337.82,0
CLM_14843,3237.76,Auto,81,0,2895.1,PRV_122,Suburban,8,0,342.66,0
CLM_14844,5144.72,Auto,87,1,2254.26,PRV_103,Suburban,0,0,2890.46,0
CLM_14845,6719.29,Auto,88,1,4155.28,PRV_109,Urban,3,0,2564.01,0
CLM_14846,702.81,Auto,50,1,581.34,PRV_108,Rural,11,0,121.47,0
CLM_14847,5541.31,Property,8,0,3064.03,PRV_118,Urban,11,0,2477.28,0
CLM_14848,3820.73,Property,41,0,2636.58,PRV_114,Suburban,10,0,1184.15,0
CLM_14849,2232.75,Auto,6,0,2076.99,PRV_133,Rural,29,1,155.76,0
CLM_14850,7890.57,Property,69,1,3298.58,PRV_141,Rural,8,0,4591.99,1
CLM_14851,8627.87,Health,44,1,3459.71,PRV_118,Suburban,3,0,5168.15,1
CLM_14852,5429.15,Auto,64,0,2170.98,PRV_148,Suburban,16,0,3258.17,0
CLM_14853,2334.43,Health,29,3,1604.03,PRV_120,Suburban,4,0,730.4,1
CLM_14854,1564.99,Property,28,0,1694.04,PRV_133,Suburban,2,0,-129.05,0
CLM_14855,12519.37,Auto,11,1,4813.24,PRV_116,Suburban,8,0,7706.13,0
CLM_14856,6514.84,Auto,65,0,4923.7,PRV_117,Suburban,3,0,1591.14,1
CLM_14857,7180.54,Property,107,0,3029.55,PRV_116,Rural,5,0,4150.99,0
CLM_14858,4142.11,Health,19,1,1628.43,PRV_101,Suburban,11,0,2513.68,0
CLM_14859,6909.34,Auto,9,2,2854.65,PRV_100,Suburban,55,0,4054.69,1
CLM_14860,1178.62,Health,27,2,799.33,PRV_142,Rural,10,1,379.29,0
CLM_14861,9430.4,Health,34,0,3314.68,PRV_109,Urban,3,0,6115.72,0
CLM_14862,4313.58,Property,44,0,2005.94,PRV_136,Suburban,0,0,2307.64,0
CLM_14863,3471.08,Health,68,1,1789.8,PRV_147,Rural,4,1,1681.28,0
CLM_14864,8928.88,Auto,100,2,3977.63,PRV_104,Rural,0,0,4951.25,0
CLM_14865,1741.08,Health,82,0,2845.75,PRV_111,Urban,6,0,-1104.67,0
CLM_14866,5706.85,Health,15,0,3865.68,PRV_135,Suburban,10,0,1841.17,0
CLM_14867,11371.46,Auto,51,0,4206.91,PRV_130,Suburban,7,0,7164.55,1
CLM_14868,2627.39,Health,13,0,2910.59,PRV_137,Suburban,20,0,-283.2,0
CLM_14869,4600.08,Property,83,3,2994.84,PRV_108,Rural,6,0,1605.24,0
CLM_14870,6140.65,Auto,49,0,4058.27,PRV_143,Suburban,6,1,2082.38,0
CLM_14871,3421.36,Health,70,2,2461.22,PRV_125,Suburban,3,0,960.13,1
CLM_14872,7918.23,Auto,112,1,4154.63,PRV_114,Suburban,18,0,3763.59,0
CLM_14873,2920.99,Auto,56,0,976.76,PRV_115,Suburban,23,1,1944.23,0
CLM_14874,3014.52,Auto,76,2,2645.19,PRV_112,Urban,38,0,369.33,0
CLM_14875,7210.8,Auto,51,1,3187.24,PRV_124,Urban,39,0,4023.55,1
CLM_14876,4299.0,Property,37,1,1795.0,PRV_129,Urban,39,0,2504.0,0
CLM_14877,6608.5,Auto,17,0,3369.54,PRV_106,Suburban,12,1,3238.96,1
CLM_14878,2359.14,Health,58,0,3172.21,PRV_103,Suburban,8,0,-813.07,0
CLM_14879,4378.99,Auto,87,1,2267.81,PRV_142,Rural,1,1,2111.18,0
CLM_14880,6429.27,Property,90,0,2229.55,PRV_139,Rural,14,0,4199.72,0
CLM_14881,2883.7,Health,29,1,2127.96,PRV_137,Rural,13,0,755.75,0
CLM_14882,3009.17,Health,33,1,1433.47,PRV_129,Suburban,18,0,1575.7,0
CLM_14883,13362.31,Auto,60,1,4610.09,PRV_109,Urban,6,0,8752.22,0
CLM_14884,6960.01,Auto,91,1,2789.61,PRV_129,Urban,22,0,4170.4,1
CLM_14885,3657.75,Auto,89,1,1647.06,PRV_138,Urban,12,0,2010.69,0
CLM_14886,8425.51,Property,55,0,2877.69,PRV_106,Suburban,1,0,5547.82,1
CLM_14887,3001.62,Auto,10,0,3239.89,PRV_135,Urban,2,0,-238.27,0
CLM_14888,5306.17,Health,47,0,2181.93,PRV_134,Rural,16,0,3124.24,0
CLM_14889,3998.03,Health,23,1,2635.33,PRV_123,Rural,5,0,1362.7,0
CLM_14890,6030.23,Auto,85,0,4303.99,PRV_138,Urban,2,0,1726.24,0
CLM_14891,3301.02,Health,21,1,1832.19,PRV_135,Rural,5,0,1468.83,0
CLM_14892,1413.25,Health,107,0,2418.38,PRV_144,Urban,1,0,-1005.13,0
CLM_14893,1274.38,Health,13,2,994.58,PRV_119,Urban,22,0,279.8,0
CLM_14894,4415.9,Auto,101,1,4823.28,PRV_148,Rural,0,0,-407.38,0
CLM_14895,3097.46,Auto,33,2,3658.16,PRV_131,Rural,4,0,-560.7,0
CLM_14896,3963.47,Auto,24,1,2950.43,PRV_138,Rural,8,0,1013.04,0
CLM_14897,5717.74,Property,108,1,2281.93,PRV_148,Rural,20,0,3435.81,0
CLM_14898,2238.19,Health,11,2,2231.99,PRV_125,Urban,15,0,6.2,0
CLM_14899,4993.59,Auto,17,0,2730.92,PRV_125,Rural,0,0,2262.67,0
CLM_14900,8291.61,Property,68,0,3496.15,PRV_135,Rural,17,0,4795.46,0
CLM_14901,2134.76,Auto,47,0,1936.42,PRV_142,Suburban,10,0,198.34,1
CLM_14902,7129.93,Property,25,1,2536.88,PRV_134,Rural,1,0,4593.05,1
CLM_14903,10284.4,Property,94,1,3857.26,PRV_142,Rural,9,0,6427.14,1
CLM_14904,5198.85,Property,73,0,4609.13,PRV_134,Urban,17,0,589.72,0
CLM_14905,10538.78,Property,21,2,3543.53,PRV_111,Urban,9,0,6995.26,0
CLM_14906,5079.81,Auto,84,0,2337.77,PRV_132,Suburban,70,0,2742.04,0
CLM_14907,3457.37,Auto,83,0,2844.99,PRV_135,Rural,7,0,612.38,0
CLM_14908,7515.88,Health,83,0,3412.29,PRV_113,Rural,11,0,4103.59,1
CLM_14909,5865.64,Auto,12,1,2708.53,PRV_132,Rural,0,0,3157.11,1
CLM_14910,7481.14,Auto,37,2,3711.83,PRV_145,Rural,16,1,3769.31,0
CLM_14911,5173.77,Health,42,0,2269.95,PRV_144,Rural,9,0,2903.82,0
CLM_14912,5401.18,Auto,17,2,4613.28,PRV_144,Rural,8,0,787.9,0
CLM_14913,8584.45,Property,101,2,2912.49,PRV_123,Suburban,12,0,5671.97,0
CLM_14914,6265.09,Property,118,1,2368.89,PRV_114,Rural,8,0,3896.2,1
CLM_14915,8491.82,Property,48,0,3591.61,PRV_130,Rural,14,1,4900.22,0
CLM_14916,1143.32,Health,103,1,2020.85,PRV_116,Rural,8,0,-877.53,0
CLM_14917,6220.17,Property,28,0,3147.92,PRV_111,Suburban,7,0,3072.25,1
CLM_14918,9974.5,Property,41,0,4401.4,PRV_121,Rural,1,0,5573.1,0
CLM_14919,4699.86,Health,99,0,1783.46,PRV_122,Suburban,6,0,2916.4,0
CLM_14920,12009.95,Auto,47,0,4191.38,PRV_125,Urban,7,0,7818.57,0
CLM_14921,4767.35,Property,112,1,1708.95,PRV_113,Rural,9,0,3058.4,0
CLM_14922,5788.45,Property,18,0,3820.48,PRV_111,Suburban,6,0,1967.97,0
CLM_14923,5628.79,Auto,78,0,2053.36,PRV_149,Urban,1,0,3575.43,0
CLM_14924,2103.76,Auto,99,0,4191.82,PRV_103,Suburban,1,1,-2088.06,0
CLM_14925,3341.81,Health,108,0,2423.91,PRV_145,Suburban,12,0,917.9,0
CLM_14926,2074.35,Auto,105,3,2643.48,PRV_112,Urban,10,0,-569.14,0
CLM_14927,5582.02,Property,71,2,2061.56,PRV_117,Rural,3,0,3520.46,0
CLM_14928,1658.17,Property,105,0,588.01,PRV_142,Rural,5,0,1070.16,0
CLM_14929,2117.77,Auto,13,0,1857.66,PRV_127,Suburban,3,0,260.11,0
CLM_14930,1865.68,Health,82,2,1315.46,PRV_137,Urban,1,0,550.22,0
CLM_14931,2835.73,Auto,101,0,958.11,PRV_140,Rural,3,0,1877.61,0
CLM_14932,6308.42,Health,13,0,3293.94,PRV_143,Suburban,3,0,3014.48,1
CLM_14933,7885.21,Auto,100,1,4524.87,PRV_118,Urban,0,0,3360.35,0
CLM_14934,8400.59,Health,31,1,4797.35,PRV_145,Suburban,7,0,3603.24,0
CLM_14935,4116.65,Auto,2,1,1837.4,PRV_146,Urban,5,0,2279.24,0
CLM_14936,8341.81,Auto,16,0,2890.08,PRV_142,Rural,12,0,5451.73,1
CLM_14937,5899.65,Auto,9,1,4164.79,PRV_137,Rural,9,0,1734.87,0
CLM_14938,1572.99,Auto,73,0,1688.4,PRV_145,Suburban,4,0,-115.41,0
CLM_14939,4046.1,Health,38,1,4203.6,PRV_102,Rural,6,0,-157.5,0
CLM_14940,2324.81,Auto,75,1,4220.05,PRV_118,Rural,7,0,-1895.23,0
CLM_14941,1990.29,Health,54,0,1053.89,PRV_119,Urban,24,0,936.41,0
CLM_14942,1817.65,Property,56,2,643.92,PRV_124,Rural,40,0,1173.73,0
CLM_14943,5934.43,Property,86,0,2599.75,PRV_110,Urban,16,0,3334.68,0
CLM_14944,11744.96,Property,97,4,3938.07,PRV_116,Urban,8,0,7806.88,0
CLM_14945,4106.01,Property,100,0,1480.27,PRV_148,Suburban,26,0,2625.74,0
CLM_14946,1663.39,Auto,109,1,961.69,PRV_134,Urban,1,0,701.69,1
CLM_14947,5259.6,Auto,87,2,3064.37,PRV_113,Rural,11,1,2195.23,0
CLM_14948,7523.06,Health,45,2,3632.76,PRV_138,Urban,6,0,3890.3,0
CLM_14949,1803.28,Property,109,2,2319.82,PRV_118,Urban,1,0,-516.53,1
CLM_14950,4849.23,Property,34,0,2401.55,PRV_102,Suburban,0,0,2447.68,0
CLM_14951,6020.97,Auto,9,0,3626.69,PRV_133,Rural,6,0,2394.29,0
CLM_14952,4487.76,Auto,88,0,2130.08,PRV_148,Rural,2,0,2357.68,0
CLM_14953,4218.48,Auto,8,0,2205.13,PRV_140,Rural,2,0,2013.34,0
CLM_14954,4181.78,Health,7,1,3277.29,PRV_121,Urban,3,0,904.5,0
CLM_14955,6843.76,Health,36,1,3389.0,PRV_137,Rural,12,0,3454.76,0
CLM_14956,3928.24,Auto,18,1,2776.07,PRV_126,Rural,1,0,1152.17,1
CLM_14957,4424.18,Auto,3,1,4484.48,PRV_120,Urban,12,0,-60.3,0
CLM_14958,8203.29,Health,28,0,3749.77,PRV_140,Suburban,15,0,4453.52,0
CLM_14959,3353.36,Health,70,0,2649.06,PRV_130,Suburban,9,0,704.3,0
CLM_14960,4653.65,Auto,108,1,1709.29,PRV_126,Urban,2,1,2944.36,0
CLM_14961,3984.76,Property,44,1,3991.42,PRV_136,Suburban,0,0,-6.66,0
CLM_14962,8054.4,Health,21,0,4026.48,PRV_101,Suburban,5,0,4027.93,1
CLM_14963,5595.61,Property,28,0,2900.97,PRV_146,Suburban,18,0,2694.63,0
CLM_14964,3258.38,Property,104,1,3276.88,PRV_108,Rural,1,0,-18.5,0
CLM_14965,5920.94,Auto,54,0,3701.24,PRV_118,Suburban,13,0,2219.7,0
CLM_14966,10075.49,Auto,54,1,4603.1,PRV_141,Rural,6,0,5472.39,0
CLM_14967,5039.12,Health,65,1,3887.26,PRV_135,Suburban,22,0,1151.87,0
CLM_14968,2702.88,Auto,100,2,3445.02,PRV_109,Rural,4,0,-742.14,0
CLM_14969,8009.23,Property,21,0,3929.75,PRV_139,Urban,12,0,4079.48,0
CLM_14970,4401.46,Health,107,2,4151.12,PRV_144,Urban,13,0,250.33,0
CLM_14971,7207.64,Property,99,1,3270.72,PRV_138,Suburban,2,1,3936.92,1
CLM_14972,10180.36,Auto,13,2,3917.53,PRV_106,Rural,1,0,6262.83,0
CLM_14973,1878.45,Auto,57,2,2323.69,PRV_103,Urban,0,0,-445.25,1
CLM_14974,6432.31,Health,49,1,4035.27,PRV_114,Urban,12,0,2397.04,0
CLM_14975,3759.9,Auto,118,0,2332.0,PRV_111,Urban,7,0,1427.9,0
CLM_14976,4145.34,Health,54,0,1991.67,PRV_147,Urban,0,0,2153.67,0
CLM_14977,3835.92,Property,10,2,2871.16,PRV_105,Suburban,3,0,964.77,0
CLM_14978,2564.34,Auto,53,0,1658.24,PRV_108,Rural,1,0,906.1,0
CLM_14979,1273.8,Health,44,0,2403.5,PRV_134,Urban,0,0,-1129.7,0
CLM_14980,2723.27,Auto,47,0,3378.47,PRV_107,Suburban,3,0,-655.21,0
CLM_14981,6308.87,Auto,53,3,3277.92,PRV_106,Urban,1,0,3030.95,1
CLM_14982,3784.19,Property,74,1,3639.56,PRV_103,Urban,3,0,144.63,0
CLM_14983,3148.57,Property,46,4,3655.0,PRV_112,Urban,8,0,-506.43,0
CLM_14984,4423.7,Health,13,1,3374.21,PRV_118,Urban,8,0,1049.49,0
CLM_14985,1952.51,Property,37,0,2148.35,PRV_106,Suburban,1,0,-195.85,0
CLM_14986,2546.42,Health,102,0,3923.27,PRV_109,Rural,2,0,-1376.85,0
CLM_14987,3496.34,Auto,24,0,2890.38,PRV_124,Suburban,19,0,605.96,0
CLM_14988,2951.55,Auto,2,1,3240.27,PRV_143,Suburban,1,0,-288.72,0
CLM_14989,7755.58,Property,86,1,3104.11,PRV_134,Suburban,0,0,4651.47,1
CLM_14990,3003.88,Auto,81,1,4574.6,PRV_124,Urban,2,1,-1570.72,0
CLM_14991,4275.63,Health,100,0,1805.12,PRV_128,Rural,8,0,2470.51,0
CLM_14992,3871.04,Health,14,2,2656.88,PRV_111,Urban,0,0,1214.17,0
CLM_14993,7727.67,Health,10,1,3531.35,PRV_146,Suburban,41,0,4196.32,1
CLM_14994,1909.01,Auto,35,0,3021.91,PRV_139,Urban,2,0,-1112.9,0
CLM_14995,7047.27,Auto,25,1,2515.3,PRV_111,Rural,2,0,4531.97,1
CLM_14996,2616.66,Auto,3,0,1081.96,PRV_105,Rural,13,0,1534.7,0
CLM_14997,2307.08,Health,111,2,2713.07,PRV_109,Urban,2,0,-405.99,0
CLM_14998,3520.33,Health,102,1,3362.42,PRV_101,Suburban,5,0,157.9,0
CLM_14999,7476.78,Health,17,0,3543.51,PRV_144,Urban,7,0,3933.27,0
